#v2
#engine	4.7.2
#root	Resources
#total	6120656812
#chunks	3936
C	Battle-Landscape_new-4thlibrary	Resources/Battle/Landscape_new/4thlibrary	392992	5feb5f0a75eb7b839815ed41f7fa9bc5	
C	Battle-Landscape_new-battlecity	Resources/Battle/Landscape_new/battlecity	321016	811d51b2245f98151e4e6182ab94566f	
C	Battle-Landscape_new-beach	Resources/Battle/Landscape_new/beach	24391252	0733bd9e60ca1538aecbbbc62fcd6528	
C	Battle-Landscape_new-beach-p2	Resources/Battle/Landscape_new/beach	9888668	8b3f3093776bfcf3a78caa74c2545493	
C	Battle-Landscape_new-billboardwinter	Resources/Battle/Landscape_new/billboardwinter	1405196	281f509b8de29e94bc8522792d9423aa	Resources/Battle/Landscape_old/billboardwinter
C	Battle-Landscape_new-bridgeparts	Resources/Battle/Landscape_new/bridgeparts	5916420	c0c22eba7dc129af0034e35f1aebd060	
C	Battle-Landscape_new-bridgepartswinter	Resources/Battle/Landscape_new/bridgepartswinter	6280836	d6e45f779a45ffd555de6ecdcb1c3e30	
C	Battle-Landscape_new-brokenbottom	Resources/Battle/Landscape_new/brokenbottom	872328	d0e4cb19229d7b3f5522d78ca62bfdc6	
C	Battle-Landscape_new-brokenbottomwinter	Resources/Battle/Landscape_new/brokenbottomwinter	900696	c13af2a6ff668e6d394a11a83c9e9e47	
C	Battle-Landscape_new-brokenroof	Resources/Battle/Landscape_new/brokenroof	3859320	651bc75bed3c61f5f3edf4b182991573	
C	Battle-Landscape_new-brokenroofwinter	Resources/Battle/Landscape_new/brokenroofwinter	3628844	4e26985b3b3f24335bb66cdef1c9b536	
C	Battle-Landscape_new-brokenwalls	Resources/Battle/Landscape_new/brokenwalls	4124544	a29579a9e895313c641d7d7a0edc3dae	
C	Battle-Landscape_new-brokenwallswinter	Resources/Battle/Landscape_new/brokenwallswinter	1547856	b501dea2f4d55d03f819b1cb1bb62b4f	
C	Battle-Landscape_new-buildings	Resources/Battle/Landscape_new/buildings	25141732	e90753844daa5a68266b26c5da6261ce	
C	Battle-Landscape_new-buildings-p2	Resources/Battle/Landscape_new/buildings	3447408	967a5e0a0ddc98f6611b444a7dfda1f8	
C	Battle-Landscape_new-buildingsv1	Resources/Battle/Landscape_new/buildingsv1	18023700	158bd4d92238e36fef0abcac77477115	
C	Battle-Landscape_new-buildingsv1old	Resources/Battle/Landscape_new/buildingsv1old	21120364	7f0db387c0fb0342e797fa13a4b193e9	
C	Battle-Landscape_new-buildingsv1winter	Resources/Battle/Landscape_new/buildingsv1winter	18362788	3832499edda2e93c089f39546a9fbc8c	
C	Battle-Landscape_new-buildingsv1winterold	Resources/Battle/Landscape_new/buildingsv1winterold	25032732	a83eee9d16396db1746992723bdeec09	
C	Battle-Landscape_new-buildingsv1winterold-p2	Resources/Battle/Landscape_new/buildingsv1winterold	298012	db199028159ae383d64282c47338d824	
C	Battle-Landscape_new-buildingswinter	Resources/Battle/Landscape_new/buildingswinter	25068808	35ac1200c0772677d4ddbfcccf66bba3	
C	Battle-Landscape_new-buildingswinter-p2	Resources/Battle/Landscape_new/buildingswinter	299764	00f1afb6caa49f95fc6f1489459b4b17	
C	Battle-Landscape_new-builds	Resources/Battle/Landscape_new/builds	20601040	55f9783c3bcadb89f131d582a408f607	
C	Battle-Landscape_new-buildsold	Resources/Battle/Landscape_new/buildsold	23669792	3bc32a36f88bcf557c143a2fdd29940b	
C	Battle-Landscape_new-buildsold-p2	Resources/Battle/Landscape_new/buildsold	24524192	cf781bfaf4e551ca7b52a7e9567fa276	
C	Battle-Landscape_new-buildsold-p3	Resources/Battle/Landscape_new/buildsold	14482732	abc1628a0e8646dd534ca4618752f391	
C	Battle-Landscape_new-buildsoldwinter	Resources/Battle/Landscape_new/buildsoldwinter	24880348	fff13cdeb779695cd86164084bba0325	
C	Battle-Landscape_new-buildsoldwinter-p2	Resources/Battle/Landscape_new/buildsoldwinter	2016856	76b73c4702c649c223a34b4873bf9770	
C	Battle-Landscape_new-buildsv2	Resources/Battle/Landscape_new/buildsv2	15799860	69b75c895cdb6cfb66fd17a598c292e1	
C	Battle-Landscape_new-buildswinter	Resources/Battle/Landscape_new/buildswinter	22431324	46f51635302f193aba1972fcf9301f1d	
C	Battle-Landscape_new-buildswinterold	Resources/Battle/Landscape_new/buildswinterold	24843428	2d217ee56a3453b3cc7659c1f243f0bc	
C	Battle-Landscape_new-buildswinterold-p2	Resources/Battle/Landscape_new/buildswinterold	2004608	8200c7f48232067a1451459ba9be2be0	
C	Battle-Landscape_new-bush	Resources/Battle/Landscape_new/bush	350144	218a3eaba78a02c8c4e71b595fda1736	
C	Battle-Landscape_new-bushautumn	Resources/Battle/Landscape_new/bushautumn	350328	3b709a9cb3970a008a401ff6f86e085f	
C	Battle-Landscape_new-bushwinter	Resources/Battle/Landscape_new/bushwinter	261176	80a78fe636ff5601e6fde01c12c0052f	
C	Battle-Landscape_new-castle	Resources/Battle/Landscape_new/castle	9284804	8a012b4d6f178d76d0edc6acf88cd245	
C	Battle-Landscape_new-castleold	Resources/Battle/Landscape_new/castleold	18713552	fcb963b1248ea1c93f3afd63c0717e62	
C	Battle-Landscape_new-castlewinterold	Resources/Battle/Landscape_new/castlewinterold	16398888	52846f7bee0c754b83b634e5f65e596c	
C	Battle-Landscape_new-citybuildings	Resources/Battle/Landscape_new/citybuildings	1530796	d7e55e3e38c60caad8a95665ab2b8e4c	
C	Battle-Landscape_new-citybuildingswinter	Resources/Battle/Landscape_new/citybuildingswinter	1443376	3719de95526af0a7ebe1d954d806a93d	
C	Battle-Landscape_new-citybuilds	Resources/Battle/Landscape_new/citybuilds	579980	06f2d757039387a005c95c375dd48814	
C	Battle-Landscape_new-citybuildswinter	Resources/Battle/Landscape_new/citybuildswinter	634356	69cea91545cf7c1011fc9fac52eb8ce1	
C	Battle-Landscape_new-cliffs	Resources/Battle/Landscape_new/cliffs	1463772	558cf31f7109ec612da9fe8922be7541	
C	Battle-Landscape_new-cliffswinter	Resources/Battle/Landscape_new/cliffswinter	1353964	1bbf590c2eccfb22a0049d47841c7b0a	
C	Battle-Landscape_new-combuild	Resources/Battle/Landscape_new/combuild	6554872	81e06ebaed6159fd3126b94b891b7f4c	
C	Battle-Landscape_new-combuild1	Resources/Battle/Landscape_new/combuild1	2092328	8a008f12328c4434ee75fca1fd51476c	
C	Battle-Landscape_new-combuildold	Resources/Battle/Landscape_new/combuildold	2596684	f7d86dc2c4b05e88140d828e0c3581c2	
C	Battle-Landscape_new-complexbuild	Resources/Battle/Landscape_new/complexbuild	7947352	b974bd0bdb7dd3aac8988da5b000bdb5	
C	Battle-Landscape_new-complexbuildv1	Resources/Battle/Landscape_new/complexbuildv1	11343900	cc6630cdce0d468af31ab471849e02fd	
C	Battle-Landscape_new-complexbuildv1old	Resources/Battle/Landscape_new/complexbuildv1old	3657580	f8290b697329cfeaca83f393079e03c4	
C	Battle-Landscape_new-complexbuildv1winter	Resources/Battle/Landscape_new/complexbuildv1winter	4034508	c9344cdafc380e9f6805e9d9fd707b98	
C	Battle-Landscape_new-complexbuildv1winterold	Resources/Battle/Landscape_new/complexbuildv1winterold	5166488	37a6e091b4905bc1b670c73b97d101bd	
C	Battle-Landscape_new-complexbuildwinter	Resources/Battle/Landscape_new/complexbuildwinter	5178392	6b1156223c1cb9e86bd4b0f1f103782c	
C	Battle-Landscape_new-concretetiles	Resources/Battle/Landscape_new/concretetiles	2789404	73071daae52fb4786ab90f9110046f8b	
C	Battle-Landscape_new-concretetileswinter	Resources/Battle/Landscape_new/concretetileswinter	3374624	3157dabdf244b63a4af3b622edee6789	
C	Battle-Landscape_new-concretewalls	Resources/Battle/Landscape_new/concretewalls	800320	0a07c481233de2e07f380b26029bc7df	
C	Battle-Landscape_new-concretewallswinter	Resources/Battle/Landscape_new/concretewallswinter	973628	4da0cfb9e86483f5bbd7a8af183e7c43	
C	Battle-Landscape_new-cosmic	Resources/Battle/Landscape_new/cosmic	3210528	6aeb50600d4034b1f1a16a44b51af135	
C	Battle-Landscape_new-crash	Resources/Battle/Landscape_new/crash	3692716	74e00f15576d3877ad75ee06590747f8	
C	Battle-Landscape_new-defense	Resources/Battle/Landscape_new/defense	2090520	da607edb5dd7556680d5cf433fdb94cf	
C	Battle-Landscape_new-defense1	Resources/Battle/Landscape_new/defense1	5620264	d96fd7d951382db34cf2ecbb43720631	
C	Battle-Landscape_new-defenseold	Resources/Battle/Landscape_new/defenseold	5648536	dc5b63aca2dfe4132c7878533874b7ac	
C	Battle-Landscape_new-deserthouses	Resources/Battle/Landscape_new/deserthouses	660252	8fbd703703808d57da28f01526afa1b2	
C	Battle-Landscape_new-deserthouseswinter	Resources/Battle/Landscape_new/deserthouseswinter	715276	cdc30091d42c43703558e7e4394890b9	
C	Battle-Landscape_new-dust2	Resources/Battle/Landscape_new/dust2	4127000	0923a0618da260a5f4abd9b735bf00dc	
C	Battle-Landscape_new-dust2winter	Resources/Battle/Landscape_new/dust2winter	4030464	837e925730f5c8ddca931cc3d57d6cb6	
C	Battle-Landscape_new-elements	Resources/Battle/Landscape_new/elements	4189908	f4cd2b2f79c30d05c37e7b07d2dce442	
C	Battle-Landscape_new-elementsv1	Resources/Battle/Landscape_new/elementsv1	4716184	b3507d070fe6d9488c70c4262f57e493	
C	Battle-Landscape_new-elementsv1old	Resources/Battle/Landscape_new/elementsv1old	4145756	aa060b1419bf8f20e0cc566270029d2c	
C	Battle-Landscape_new-elementsv1winter	Resources/Battle/Landscape_new/elementsv1winter	4690712	cd17c5345fcaec2a3e21c21bb6bc5c55	
C	Battle-Landscape_new-elementsv1winterold	Resources/Battle/Landscape_new/elementsv1winterold	4870172	f089953ed36642b02e67a1821319a2b4	
C	Battle-Landscape_new-elementswinter	Resources/Battle/Landscape_new/elementswinter	4914776	b76c6b6c6877ac796d20faac093da51c	
C	Battle-Landscape_new-event	Resources/Battle/Landscape_new/event	1958292	ca7a9c3acdbbe00a5946c715a96e7cfc	
C	Battle-Landscape_new-event_summer	Resources/Battle/Landscape_new/event_summer	502608	95b263518002e972f8657e9c7d791499	
C	Battle-Landscape_new-exterior	Resources/Battle/Landscape_new/exterior	1782356	6e47ae4c8c938d175e5cf507ddbd587c	
C	Battle-Landscape_new-fachwerkhouse1	Resources/Battle/Landscape_new/fachwerkhouse1	773592	9a776d32ccb1d9b15db1650245e11aa9	
C	Battle-Landscape_new-fachwerkhouse1winter	Resources/Battle/Landscape_new/fachwerkhouse1winter	829984	2997b9a2907735c508061ae9fec5a0d9	
C	Battle-Landscape_new-fachwerkhouse2	Resources/Battle/Landscape_new/fachwerkhouse2	708424	96b2c40371d31e5f00835108a26f7131	
C	Battle-Landscape_new-fachwerkhouse2winter	Resources/Battle/Landscape_new/fachwerkhouse2winter	761728	d99ee704b8b66693eac5c7c8f50989e3	
C	Battle-Landscape_new-fence	Resources/Battle/Landscape_new/fence	988440	e2f2cd08078ab9bd18fbf70b76e0057f	
C	Battle-Landscape_new-fenceold	Resources/Battle/Landscape_new/fenceold	988152	969bc06a8c75017f94aa7e30c5486b27	
C	Battle-Landscape_new-flags	Resources/Battle/Landscape_new/flags	1530460	935fe55aa6a5b27451c1676cb17069c8	
C	Battle-Landscape_new-fogtown	Resources/Battle/Landscape_new/fogtown	17257692	4fa6cc51214fe1722f323b0770bf864e	
C	Battle-Landscape_new-forestmmremaster	Resources/Battle/Landscape_new/forestmmremaster	8436840	9413942d519fa7fbe40a26cfc05e0ad9	
C	Battle-Landscape_new-fort	Resources/Battle/Landscape_new/fort	7579744	8e25457ad75bdeb09364d5ae086290d4	
C	Battle-Landscape_new-fortwinter	Resources/Battle/Landscape_new/fortwinter	7530428	305cf89f0c4642be7cdff3fa134feed5	
C	Battle-Landscape_new-functional	Resources/Battle/Landscape_new/functional	47372	0f9a07aaaa749ab0319e90341a1e083b	
C	Battle-Landscape_new-garage	Resources/Battle/Landscape_new/garage	9288884	4639d4064e66abab69b40495c5ab1036	
C	Battle-Landscape_new-gold	Resources/Battle/Landscape_new/gold	1864396	b74d3465d1ba174dd7afcd9408f8a5af	
C	Battle-Landscape_new-grasstiles	Resources/Battle/Landscape_new/grasstiles	3001204	34a7f6bdc392192b26a3d33ec52dfb95	
C	Battle-Landscape_new-grasstileswinter	Resources/Battle/Landscape_new/grasstileswinter	2313300	5a6256c0c638978fe673fb3cb4447817	
C	Battle-Landscape_new-h25death	Resources/Battle/Landscape_new/h25death	24947844	7cb43c53b962744bc89a9ceeb2b6194c	
C	Battle-Landscape_new-h25death-p2	Resources/Battle/Landscape_new/h25death	8186120	bdb0f93d6b44b60bc4c9a7d41a8dc008	
C	Battle-Landscape_new-halloween	Resources/Battle/Landscape_new/halloween	3374668	26597deb51f1aaecd131a9e43a8a17ed	
C	Battle-Landscape_new-halloweenremaster	Resources/Battle/Landscape_new/halloweenremaster	1583532	474741f7ba2418ec7d615fab9572f758	
C	Battle-Landscape_new-hangar	Resources/Battle/Landscape_new/hangar	3452964	cce0e7e9f527215f036275a9f4249589	
C	Battle-Landscape_new-hangars	Resources/Battle/Landscape_new/hangars	929712	dd46a42afd5bc99a3034a1d8d39689da	
C	Battle-Landscape_new-hangarswinter	Resources/Battle/Landscape_new/hangarswinter	971300	76095d6a5b879399905ff957e418ec96	
C	Battle-Landscape_new-hangart	Resources/Battle/Landscape_new/hangart	2053224	54bf1f6af0275fccd889e19b4da3c240	
C	Battle-Landscape_new-hangart2	Resources/Battle/Landscape_new/hangart2	18212924	f713b718434f7e401d5f6965dfde97ab	
C	Battle-Landscape_new-industrialbridge	Resources/Battle/Landscape_new/industrialbridge	1412844	b42e8def662591dd2edfae81061fd177	
C	Battle-Landscape_new-industrialbridgewinter	Resources/Battle/Landscape_new/industrialbridgewinter	1512744	01d0f25564005a96b24e5ea4011dd770	
C	Battle-Landscape_new-industrialelements	Resources/Battle/Landscape_new/industrialelements	656336	8e5fb4c7c508c83abd550e426fb33f16	
C	Battle-Landscape_new-industrialelementswinter	Resources/Battle/Landscape_new/industrialelementswinter	799616	019d03cf82805fc7ebfe54f2ccb2d757	
C	Battle-Landscape_new-invisible	Resources/Battle/Landscape_new/invisible	32132	43b27d712e1136ecfd4f4301868d4320	
C	Battle-Landscape_new-irankahgel	Resources/Battle/Landscape_new/irankahgel	24404524	2fa78a7fae165c3da4cdee1967d02a77	
C	Battle-Landscape_new-irankariz	Resources/Battle/Landscape_new/irankariz	9376088	f9020cf31fd16b26ebd708aef93befb7	
C	Battle-Landscape_new-iranyonje	Resources/Battle/Landscape_new/iranyonje	3033516	e634e3b31cf1e7f471321db3d66d9518	
C	Battle-Landscape_new-iranzamin	Resources/Battle/Landscape_new/iranzamin	4838476	a11eed6dc8c12b0347160cb434140192	
C	Battle-Landscape_new-iranzaminwinter	Resources/Battle/Landscape_new/iranzaminwinter	6004476	9ee8827d372b0e560285f20e1b0149ef	
C	Battle-Landscape_new-kahgel	Resources/Battle/Landscape_new/kahgel	19898820	a08d99d5703a0aab63ad60b043d57e35	
C	Battle-Landscape_new-kahgelold	Resources/Battle/Landscape_new/kahgelold	18896148	6345016342ddc541126d081e6120d3d5	
C	Battle-Landscape_new-kahgelwinter	Resources/Battle/Landscape_new/kahgelwinter	24226964	2c8d72275892e0aca66a2f1118b23867	
C	Battle-Landscape_new-kariz	Resources/Battle/Landscape_new/kariz	18902524	4755244f6a92ad5ed81f150882c80030	
C	Battle-Landscape_new-karizold	Resources/Battle/Landscape_new/karizold	15385592	287b7edfd90e1eb58843fb30fd9c2345	
C	Battle-Landscape_new-karizwinter	Resources/Battle/Landscape_new/karizwinter	8709288	06144d43c7b363341a367d18af9e412a	
C	Battle-Landscape_new-land	Resources/Battle/Landscape_new/land	10749176	007a0567dabaa77a7fc4a51790da0f26	
C	Battle-Landscape_new-landhills	Resources/Battle/Landscape_new/landhills	5743640	e96f855795e0bfb3a81d8fb501ca0753	
C	Battle-Landscape_new-landhillswinter	Resources/Battle/Landscape_new/landhillswinter	4799480	2baef812e266dabf56fece8da88f982e	
C	Battle-Landscape_new-landrise	Resources/Battle/Landscape_new/landrise	2522792	fb5b25d416f8a6cb91391a4eb768d413	
C	Battle-Landscape_new-landrisewinter	Resources/Battle/Landscape_new/landrisewinter	2188172	1045fc5346d2b45d74a2fc7dd9d6fdc4	
C	Battle-Landscape_new-landrocks	Resources/Battle/Landscape_new/landrocks	2308648	aa4b7afb04691bb6f6f62a16be78ee76	
C	Battle-Landscape_new-landrockswinter	Resources/Battle/Landscape_new/landrockswinter	2342912	ffe84b6377255cf45291ac3a26c36ab2	
C	Battle-Landscape_new-landscape	Resources/Battle/Landscape_new/landscape	10382620	f317e935234bb52c668cb5451bd033a7	
C	Battle-Landscape_new-landscapeold	Resources/Battle/Landscape_new/landscapeold	8608064	c2d164506656933571136c1faeaed16e	
C	Battle-Landscape_new-landscapeoldwinter	Resources/Battle/Landscape_new/landscapeoldwinter	8443740	f44f8432ea205c99647960b1827f3c8b	
C	Battle-Landscape_new-landscapev2	Resources/Battle/Landscape_new/landscapev2	8549880	23c7f20f86b9dc08aa3da9ccb2de4320	
C	Battle-Landscape_new-landscapewinter	Resources/Battle/Landscape_new/landscapewinter	10928280	bcb082090ee9c289afde9b8957e6753f	
C	Battle-Landscape_new-landscapewinterold	Resources/Battle/Landscape_new/landscapewinterold	8312376	9d636c91ff28544dca29b3f878644caa	
C	Battle-Landscape_new-landtiles	Resources/Battle/Landscape_new/landtiles	2898256	b0ea3d763bc46288f359e1f18f4b26bb	
C	Battle-Landscape_new-landtileswinter	Resources/Battle/Landscape_new/landtileswinter	2765404	af1b13fb62551b4c392651ce6169922e	
C	Battle-Landscape_new-landv1	Resources/Battle/Landscape_new/landv1	13875576	cd945e21de777aba154ee27e4064535a	
C	Battle-Landscape_new-landv1old	Resources/Battle/Landscape_new/landv1old	10723988	b601f16cf1d437af5cd87f20c5354fb5	
C	Battle-Landscape_new-landv1winter	Resources/Battle/Landscape_new/landv1winter	12547868	bb3d8c998d5e7dde05dac612be9e9603	
C	Battle-Landscape_new-landv1winterold	Resources/Battle/Landscape_new/landv1winterold	7837692	811f441cfc620b47bfc967f62440b97d	
C	Battle-Landscape_new-landwinter	Resources/Battle/Landscape_new/landwinter	7861320	dd7eb11f16136176880a29442bcd47d9	
C	Battle-Landscape_new-megaland	Resources/Battle/Landscape_new/megaland	2586912	bea5b5e37ab5d735eed4a69f5ba3f9e1	
C	Battle-Landscape_new-megaprops	Resources/Battle/Landscape_new/megaprops	25040564	85d5cdb5dbeb35af2d6323939427d85f	
C	Battle-Landscape_new-megaprops-p2	Resources/Battle/Landscape_new/megaprops	2576828	f6365bffba98c39c8b1bded322ce141c	
C	Battle-Landscape_new-mine	Resources/Battle/Landscape_new/mine	650172	6836cf166a6ee87c0a558a0dcc8770e4	
C	Battle-Landscape_new-minecraft	Resources/Battle/Landscape_new/minecraft	402292	0f07230c1080ebf80a6ca538e533eed8	
C	Battle-Landscape_new-mishin870	Resources/Battle/Landscape_new/mishin870	84344	6632d7aa099ebe732d2501ae041236ba	
C	Battle-Landscape_new-noob	Resources/Battle/Landscape_new/noob	19861196	a4efe35e9abd8fdf9c4e4c22695e7488	
C	Battle-Landscape_new-nubu1	Resources/Battle/Landscape_new/nubu1	2116588	7f3b4cd851dbf09873885fe31d2a36aa	
C	Battle-Landscape_new-nubu10	Resources/Battle/Landscape_new/nubu10	898240	85e6da6e6a327b495748ce8b49d84b67	
C	Battle-Landscape_new-nubu10winter	Resources/Battle/Landscape_new/nubu10winter	1070396	392689d19419235c7403607348f0f332	
C	Battle-Landscape_new-nubu12	Resources/Battle/Landscape_new/nubu12	819200	bb44f0ef46a353f415bde6a9b6a44ec7	
C	Battle-Landscape_new-nubu12winter	Resources/Battle/Landscape_new/nubu12winter	719036	10da839837fbacead6970ddee841ac29	
C	Battle-Landscape_new-nubu14	Resources/Battle/Landscape_new/nubu14	1549600	622d506c1fcd7cba6711cd6adc8856ad	
C	Battle-Landscape_new-nubu14winter	Resources/Battle/Landscape_new/nubu14winter	1693452	e8d9e6d28648e7e3c1818d82d29d4e98	
C	Battle-Landscape_new-nubu1winter	Resources/Battle/Landscape_new/nubu1winter	2224404	68d6a0e052c2f4ed9218e361d9982508	
C	Battle-Landscape_new-nubu2	Resources/Battle/Landscape_new/nubu2	1536120	9cfc6cf5cae9083f631886a9eb4cc794	
C	Battle-Landscape_new-nubu2winter	Resources/Battle/Landscape_new/nubu2winter	988052	a722e1bb44391599806702808914bc88	
C	Battle-Landscape_new-nubu3	Resources/Battle/Landscape_new/nubu3	707740	952194a69feabff1848dedcebef756ac	
C	Battle-Landscape_new-nubu3winter	Resources/Battle/Landscape_new/nubu3winter	779236	3bb05eca4ce9c321a5494b8e2fb2ddde	
C	Battle-Landscape_new-nubu4	Resources/Battle/Landscape_new/nubu4	536812	be9775567b8ef3cdac2035b60566ae91	
C	Battle-Landscape_new-nubu4winter	Resources/Battle/Landscape_new/nubu4winter	571876	d15ed396a977f05e0982e8235a7f0f5a	
C	Battle-Landscape_new-nubu5	Resources/Battle/Landscape_new/nubu5	1117036	c4daba0a8665f3140706b2a35fceaf4a	
C	Battle-Landscape_new-nubu5winter	Resources/Battle/Landscape_new/nubu5winter	1245092	0cf128f270f0855bf444996e4fd10101	
C	Battle-Landscape_new-nubu6	Resources/Battle/Landscape_new/nubu6	942252	c6a49ad96bf3002d5eaab1a2110debb6	
C	Battle-Landscape_new-nubu6winter	Resources/Battle/Landscape_new/nubu6winter	1053588	5be07d22dcabcd78d5b4e8495f424313	
C	Battle-Landscape_new-nubu8	Resources/Battle/Landscape_new/nubu8	1551160	f67a2a0d4e38aa51da6a56f6419b9958	
C	Battle-Landscape_new-nubu8winter	Resources/Battle/Landscape_new/nubu8winter	1007332	cd05c8fb0a76a8754eab7f216795e3a0	
C	Battle-Landscape_new-nubu9	Resources/Battle/Landscape_new/nubu9	654848	a4bdfeb66d46691db8601f7c0062b663	
C	Battle-Landscape_new-nubu9winter	Resources/Battle/Landscape_new/nubu9winter	421008	037923f1d0fc0426df33130b7ac46c8c	
C	Battle-Landscape_new-ny	Resources/Battle/Landscape_new/ny	12761112	e61c320b30f82a205efeaa4209b61045	
C	Battle-Landscape_new-outerwalls	Resources/Battle/Landscape_new/outerwalls	912588	af80730927b16b9c4d100a2ef0eea3a2	
C	Battle-Landscape_new-outerwallslair	Resources/Battle/Landscape_new/outerwallslair	1083688	4526c3e21c92c099aed9e7099b2884eb	
C	Battle-Landscape_new-outerwallslairwinter	Resources/Battle/Landscape_new/outerwallslairwinter	1074140	e5b36b2e896231109f5b2f30e810469c	
C	Battle-Landscape_new-outerwallslegends	Resources/Battle/Landscape_new/outerwallslegends	1281668	57d5990cd1cf555f890c5faae0a5c6eb	
C	Battle-Landscape_new-outerwallswinter	Resources/Battle/Landscape_new/outerwallswinter	1116004	bea5f05386b8f8d72d42aeb83cdd7a85	
C	Battle-Landscape_new-passage	Resources/Battle/Landscape_new/passage	3903296	618694e86a585405a881747b32952a6d	
C	Battle-Landscape_new-passage1	Resources/Battle/Landscape_new/passage1	3282980	578c99239f00b7629037e0c744c558c9	
C	Battle-Landscape_new-passageold	Resources/Battle/Landscape_new/passageold	3307252	fc958f0f2751d2bf65ac34b32c0533c3	
C	Battle-Landscape_new-plants	Resources/Battle/Landscape_new/plants	329324	58867a388f31d75c0f2382579f55cdb3	
C	Battle-Landscape_new-plantswinter	Resources/Battle/Landscape_new/plantswinter	282504	37829c1732268711d20b3180964304dc	
C	Battle-Landscape_new-promotion	Resources/Battle/Landscape_new/promotion	179216	a1361c5efeec2b68a8396f51f599caaa	
C	Battle-Landscape_new-promotiontest	Resources/Battle/Landscape_new/promotiontest	2093400	e8ef9ff30b19b2825d31fd3017d4507d	
C	Battle-Landscape_new-promotionwinter	Resources/Battle/Landscape_new/promotionwinter	184788	1bca75bc3510554b5886c8d0ac94b36c	
C	Battle-Landscape_new-roadblock	Resources/Battle/Landscape_new/roadblock	493124	faa3b71cc4ad8c8e0c9b42d32f698242	
C	Battle-Landscape_new-roadblockwinter	Resources/Battle/Landscape_new/roadblockwinter	494520	85547e70c33a19e04041e8c58db430a5	
C	Battle-Landscape_new-rocks	Resources/Battle/Landscape_new/rocks	10722848	d3412f3fdf09473365d055a7789032ba	
C	Battle-Landscape_new-sandboxmmremaster	Resources/Battle/Landscape_new/sandboxmmremaster	6780000	98b547a45b94867bc9050374d99309b8	
C	Battle-Landscape_new-sandboxmmremasterautumn	Resources/Battle/Landscape_new/sandboxmmremasterautumn	6798044	2bfc660625bfe31c94d3aeef77e2614e	
C	Battle-Landscape_new-slopesrises	Resources/Battle/Landscape_new/slopesrises	698188	bc474c3bf9360da9472d0b395f59baf8	
C	Battle-Landscape_new-slopesriseswinter	Resources/Battle/Landscape_new/slopesriseswinter	3351188	acf1d2b62f670007df77975d46a9232e	
C	Battle-Landscape_new-smallbridge	Resources/Battle/Landscape_new/smallbridge	4462960	91bd59179bf41e12f5367c693728ffc5	
C	Battle-Landscape_new-smallbridgewinter	Resources/Battle/Landscape_new/smallbridgewinter	4340156	f0272a520b6a7da68efac62261dddfa1	
C	Battle-Landscape_new-special	Resources/Battle/Landscape_new/special	608296	baa08e1a5389701cb1acb30378bb857b	
C	Battle-Landscape_new-springcave	Resources/Battle/Landscape_new/springcave	8497472	0e1db1c2b55ab69f0408bfdd03de90b7	
C	Battle-Landscape_new-spriteswinter	Resources/Battle/Landscape_new/spriteswinter	110784	1935ddcfec0d46db80d54a4f4dec90f2	
C	Battle-Landscape_new-stuffs	Resources/Battle/Landscape_new/stuffs	2878160	95e9c21ac16c23f1332a8ded5ea48e17	
C	Battle-Landscape_new-stuffswinter	Resources/Battle/Landscape_new/stuffswinter	2949032	2601fabde4f91f898ecbcc903151d165	
C	Battle-Landscape_new-tankistograd	Resources/Battle/Landscape_new/tankistograd	17420028	a7c310d2260835014167fb7b57fc90d3	
C	Battle-Landscape_new-tankistograd-p2	Resources/Battle/Landscape_new/tankistograd	9901048	c52571c82ad3dfe18597d092d2e72dd7	
C	Battle-Landscape_new-terrain	Resources/Battle/Landscape_new/terrain	6620644	641e8cdfa0717b432252756115c3525f	
C	Battle-Landscape_new-terrain1	Resources/Battle/Landscape_new/terrain1	5834312	48ea6a235d9911b61c7b4e06388c47f7	
C	Battle-Landscape_new-terrainold	Resources/Battle/Landscape_new/terrainold	10203752	f6b0c511fd6de1bfb3fd2c5e343621cf	
C	Battle-Landscape_new-test	Resources/Battle/Landscape_new/test	19515408	eb193c38c197f3b34f2116ef0271efb4	
C	Battle-Landscape_new-tower	Resources/Battle/Landscape_new/tower	1012316	e404a856285ff1bf45c22c52dc8e5a5f	
C	Battle-Landscape_new-trees	Resources/Battle/Landscape_new/trees	662064	4d6e4e423ec38386f0bc155143448ea2	
C	Battle-Landscape_new-treeswinter	Resources/Battle/Landscape_new/treeswinter	632044	ad150d7badad7b17eb05d69442020fd6	
C	Battle-Landscape_new-tutorial_builds	Resources/Battle/Landscape_new/tutorial_builds	22036336	cd462be5ef0fe1750acef0b7516fd86e	
C	Battle-Landscape_new-tutorial_builds-p2	Resources/Battle/Landscape_new/tutorial_builds	22711836	d4ef2a05d28b1ff65e9a49fc96b43fce	
C	Battle-Landscape_new-tutorial_builds-p3	Resources/Battle/Landscape_new/tutorial_builds	25117504	aba43c8741a000abb18507839d59dd09	
C	Battle-Landscape_new-tutorial_builds-p4	Resources/Battle/Landscape_new/tutorial_builds	4835992	1f312a99f7ae1abcc2c3a14969176e2f	
C	Battle-Landscape_new-tutorial_landscape	Resources/Battle/Landscape_new/tutorial_landscape	24722296	1284a1e2b857deec4d95925460d6b2db	
C	Battle-Landscape_new-tutorial_landscape-p2	Resources/Battle/Landscape_new/tutorial_landscape	10755640	64cba9e1fa364c4367d0a8a7b39a4204	
C	Battle-Landscape_new-tutorialhangar	Resources/Battle/Landscape_new/tutorialhangar	7164188	ac04181cca24e9c603918a96e2de0891	
C	Battle-Landscape_new-tutoriallandscape	Resources/Battle/Landscape_new/tutoriallandscape	25169480	a25fb0e0806a910cd1c181c609991f07	
C	Battle-Landscape_new-tutoriallandscape-p2	Resources/Battle/Landscape_new/tutoriallandscape	1859268	3f6698248f7530e456c2f0a968bda1ca	
C	Battle-Landscape_new-villagebuilds	Resources/Battle/Landscape_new/villagebuilds	4972072	cdf16dd70f76eea3f2127ea7b914eaf0	
C	Battle-Landscape_new-villagebuildswinter	Resources/Battle/Landscape_new/villagebuildswinter	4219636	027e9aa7f6b470f5fe4732caf7113385	
C	Battle-Landscape_new-wafflefence	Resources/Battle/Landscape_new/wafflefence	1264372	a5fd8def4ac4d62741b781310aabd47e	
C	Battle-Landscape_new-wafflefencewinter	Resources/Battle/Landscape_new/wafflefencewinter	1326968	d890ab3c07e9a5effdb5e02e66dbe1a1	
C	Battle-Landscape_new-water	Resources/Battle/Landscape_new/water	2896232	795f95a88616efa284d678494d86c057	
C	Battle-Landscape_new-waterclass	Resources/Battle/Landscape_new/waterclass	2499828	d443dd358ef54400f03499a80608baf9	
C	Battle-Landscape_new-yonje	Resources/Battle/Landscape_new/yonje	2797096	0ae2f7a9ea584f02118dbd0e3cca051f	
C	Battle-Landscape_new-yonjeold	Resources/Battle/Landscape_new/yonjeold	9154424	34b7adb6573b7e8405d19e903aa92b9e	
C	Battle-Landscape_new-yonjewinter	Resources/Battle/Landscape_new/yonjewinter	3056012	90057be7d2920ea3126fc6424afff2fa	
C	Battle-Landscape_new-zamin	Resources/Battle/Landscape_new/zamin	20163140	ede14df2d38ca554fd46a93034bfdf2a	
C	Battle-Landscape_new-zaminold	Resources/Battle/Landscape_new/zaminold	9690224	ad06ce42eeed01fb96800a7f1dbff3bd	
C	Battle-Landscape_new-zaminwinter	Resources/Battle/Landscape_new/zaminwinter	5222348	bd0df5e48fe8a2378c7816d0512ded30	
C	Battle-Landscape_old-billboard	Resources/Battle/Landscape_old/billboard	1427456	4cc6c5096b1c8fe700a3a76773f27b55	
C	Battle-Landscape_old-billboardwinter	Resources/Battle/Landscape_old/billboardwinter	1405180	809c57a90f509c254015649507d371ab	
C	Battle-Landscape_old-bridgeparts	Resources/Battle/Landscape_old/bridgeparts	4148124	b21cdafae5848cab8d57fc281b4da510	
C	Battle-Landscape_old-bridgepartswinter	Resources/Battle/Landscape_old/bridgepartswinter	1775688	cbb746ba6adacbb419615f5ef7a3284a	
C	Battle-Landscape_old-brokenbottom	Resources/Battle/Landscape_old/brokenbottom	361088	c1adcecd9d97cfb404a1f8602a1dbcfd	
C	Battle-Landscape_old-brokenbottomwinter	Resources/Battle/Landscape_old/brokenbottomwinter	460500	17e25d6b5a99b3656e2db50cc9cc8fd4	
C	Battle-Landscape_old-brokenroof	Resources/Battle/Landscape_old/brokenroof	1191992	cf53a16b14a482fb191b90988448c7ba	
C	Battle-Landscape_old-brokenroofwinter	Resources/Battle/Landscape_old/brokenroofwinter	1871452	f9d7a9325bce3c8ec57f973fd7769f1e	
C	Battle-Landscape_old-brokenwalls	Resources/Battle/Landscape_old/brokenwalls	1411204	dd56eb3b08ce85ee0f4f58999bed4977	
C	Battle-Landscape_old-brokenwallswinter	Resources/Battle/Landscape_old/brokenwallswinter	1779328	23b416c81f063ec71a9ecd317091c696	
C	Battle-Landscape_old-buildingsv1	Resources/Battle/Landscape_old/buildingsv1	18023748	22d60ddee32921e25aaac783c97c32c9	Resources/Battle/Landscape_new/buildingsv1
C	Battle-Landscape_old-buildingsv1winter	Resources/Battle/Landscape_old/buildingsv1winter	18362804	90b1b4b9d65adf4fe79d8be21d0393f1	Resources/Battle/Landscape_new/buildingsv1winter
C	Battle-Landscape_old-castle	Resources/Battle/Landscape_old/castle	9284868	3020f417c9fb77eb51289bc8ac138cbd	Resources/Battle/Landscape_new/castle
C	Battle-Landscape_old-castlewinterold	Resources/Battle/Landscape_old/castlewinterold	16398872	3e6013b6f4df0bc13072e5640fb53f71	
C	Battle-Landscape_old-citybuildings	Resources/Battle/Landscape_old/citybuildings	1750100	fe4cbb4bccff80b21943daf6ac4e5a32	
C	Battle-Landscape_old-citybuildingswinter	Resources/Battle/Landscape_old/citybuildingswinter	2942808	36dea3609b86046e82b8ddfd6c98f3f7	
C	Battle-Landscape_old-citytowers	Resources/Battle/Landscape_old/citytowers	1085328	2d59539e412959bd7b65200be036b7f3	
C	Battle-Landscape_old-citytowerswinter	Resources/Battle/Landscape_old/citytowerswinter	1004028	a573fe5b734e60df3111ca22ed5e0cf9	
C	Battle-Landscape_old-citywalls	Resources/Battle/Landscape_old/citywalls	963192	b2265a6a0e2fddb327a1d4d85e2f6fd3	
C	Battle-Landscape_old-citywallswinter	Resources/Battle/Landscape_old/citywallswinter	881524	78dac650acce52a64abcb43eba5fbfe3	
C	Battle-Landscape_old-cliffs	Resources/Battle/Landscape_old/cliffs	1174748	777fddc96065d3f6ac1e76d2524b1055	
C	Battle-Landscape_old-cliffswinter	Resources/Battle/Landscape_old/cliffswinter	1929804	a9c4c90f78119c4d9f95a8de47098cd8	
C	Battle-Landscape_old-combuild	Resources/Battle/Landscape_old/combuild	5358260	abd7a73840d3710bbb616ba5da468913	
C	Battle-Landscape_old-complexbuildv1	Resources/Battle/Landscape_old/complexbuildv1	11343916	99a15248fe4aeb401026d22193b2786f	Resources/Battle/Landscape_new/complexbuildv1
C	Battle-Landscape_old-complexbuildv1winter	Resources/Battle/Landscape_old/complexbuildv1winter	4034428	7229a956e7f4675baaf59f3587caddf0	Resources/Battle/Landscape_new/complexbuildv1winter
C	Battle-Landscape_old-concretetiles	Resources/Battle/Landscape_old/concretetiles	2053772	28ea61fe9c495e9250d8d8833ab5219c	
C	Battle-Landscape_old-concretetileswinter	Resources/Battle/Landscape_old/concretetileswinter	2071348	55309cfe408ff48c412eafa93a7470bf	
C	Battle-Landscape_old-defense	Resources/Battle/Landscape_old/defense	24227180	221cac785410537057655db3ae2c3f9b	
C	Battle-Landscape_old-deserthouses	Resources/Battle/Landscape_old/deserthouses	1642320	d4fb6141b7991180de6e44fe08e24e5c	
C	Battle-Landscape_old-deserthouseswinter	Resources/Battle/Landscape_old/deserthouseswinter	1789156	516b290839767983d44ab0dfb83a7fa2	
C	Battle-Landscape_old-elementsv1	Resources/Battle/Landscape_old/elementsv1	4716264	d98898cae2f7495a2c84930ea5f4e628	Resources/Battle/Landscape_new/elementsv1
C	Battle-Landscape_old-elementsv1winter	Resources/Battle/Landscape_old/elementsv1winter	4690760	d39391cfa6efaae9837a053a19d9d389	Resources/Battle/Landscape_new/elementsv1winter
C	Battle-Landscape_old-exterior	Resources/Battle/Landscape_old/exterior	4661900	1c0def554338ea9af69774c05a797c09	
C	Battle-Landscape_old-fachwerkhouse1	Resources/Battle/Landscape_old/fachwerkhouse1	2726248	406b5e002aba8f40038c0173995311b2	
C	Battle-Landscape_old-fachwerkhouse1winter	Resources/Battle/Landscape_old/fachwerkhouse1winter	2714812	62d626eb51369c1dab97ef3270f5a41e	
C	Battle-Landscape_old-fachwerkhouse2	Resources/Battle/Landscape_old/fachwerkhouse2	2364536	b9faf8f2913681a4801fef51da34ecff	
C	Battle-Landscape_old-fachwerkhouse2winter	Resources/Battle/Landscape_old/fachwerkhouse2winter	2345388	0101055764c92cc8fd27e061bb10a152	
C	Battle-Landscape_old-fort	Resources/Battle/Landscape_old/fort	10412660	50d05ed409408739fe8bfae753fdb4df	
C	Battle-Landscape_old-fort-p2	Resources/Battle/Landscape_old/fort	24044080	c7fc1b5b6f65eb10037fc0627853a8bd	
C	Battle-Landscape_old-fort-p3	Resources/Battle/Landscape_old/fort	17259580	e44598ef11e95eb39daddeb74701a86b	
C	Battle-Landscape_old-fortwinter	Resources/Battle/Landscape_old/fortwinter	10412808	894cb3bc3575e41fa2dd64540cf3ad45	
C	Battle-Landscape_old-fortwinter-p2	Resources/Battle/Landscape_old/fortwinter	24044088	ff2f42c887d819d2ec64152e666837dd	
C	Battle-Landscape_old-fortwinter-p3	Resources/Battle/Landscape_old/fortwinter	15002148	fd22391d30a4a6d5153cdc03d8a6c4f2	
C	Battle-Landscape_old-grasstiles	Resources/Battle/Landscape_old/grasstiles	2414188	594f9b5d42e4c76a8a1fd5edec3c375f	
C	Battle-Landscape_old-grasstileswinter	Resources/Battle/Landscape_old/grasstileswinter	1758688	7054e83f738f0907c44e040931306b32	
C	Battle-Landscape_old-halloween	Resources/Battle/Landscape_old/halloween	5614436	d837ba814ef24ecf982f11c0d4440783	
C	Battle-Landscape_old-hangars	Resources/Battle/Landscape_old/hangars	779292	63f63a1c02ba0bc05c72803f746964a6	
C	Battle-Landscape_old-hangarswinter	Resources/Battle/Landscape_old/hangarswinter	1376400	e6729dbec88205becceb334787b98733	
C	Battle-Landscape_old-industrialbridge	Resources/Battle/Landscape_old/industrialbridge	3767836	56f39c7f2c7ccf474fa818b92019f170	
C	Battle-Landscape_old-industrialbridgewinter	Resources/Battle/Landscape_old/industrialbridgewinter	2774692	924aa3b80b81d672df8eaf8317d92f57	
C	Battle-Landscape_old-industrialelements	Resources/Battle/Landscape_old/industrialelements	447572	d3f4872bf91977991747f57f6d7a60a1	
C	Battle-Landscape_old-industrialelementswinter	Resources/Battle/Landscape_old/industrialelementswinter	634252	4fec3ba2d1cf1c5d7774947da2589451	
C	Battle-Landscape_old-invisible	Resources/Battle/Landscape_old/invisible	32132	5643c8cf58c321f1864e4cf51aa3cb48	
C	Battle-Landscape_old-kahgel	Resources/Battle/Landscape_old/kahgel	18932176	3e4bab44c4ab7d8d771329394a5322e8	
C	Battle-Landscape_old-kariz	Resources/Battle/Landscape_old/kariz	15401120	f6c79f6279931ba28c890dd59df1b124	
C	Battle-Landscape_old-landhills	Resources/Battle/Landscape_old/landhills	7267704	e135e80709fa20da303736adfcf12541	
C	Battle-Landscape_old-landhillswinter	Resources/Battle/Landscape_old/landhillswinter	5742740	a29d3995a8063aec29d72e05520da1ec	
C	Battle-Landscape_old-landrise	Resources/Battle/Landscape_old/landrise	4148864	6e3b4142dc20dfae3c1c9bbd06d10f91	
C	Battle-Landscape_old-landrisewinter	Resources/Battle/Landscape_old/landrisewinter	2723952	08405530cb51e6ed0e192258a12dbee5	
C	Battle-Landscape_old-landrocks	Resources/Battle/Landscape_old/landrocks	5002968	b68965878cd977d333a35770f91a1843	
C	Battle-Landscape_old-landrockswinter	Resources/Battle/Landscape_old/landrockswinter	3904636	e38dc35dcb324b1c56e3788aa7f9b661	
C	Battle-Landscape_old-landscape	Resources/Battle/Landscape_old/landscape	10382620	16bb4e31ba5874ad6ffe052e2e7948ca	Resources/Battle/Landscape_new/landscape
C	Battle-Landscape_old-landscapewinter	Resources/Battle/Landscape_old/landscapewinter	7336188	26861beb76e8f80e719766ea268a6ee1	
C	Battle-Landscape_old-landscapewinter2	Resources/Battle/Landscape_old/landscapewinter2	7388560	309e256ccd4e8653cc4b536d7c024cb1	
C	Battle-Landscape_old-landtiles	Resources/Battle/Landscape_old/landtiles	1529996	774d1253e4ad25092fb930ad97805d48	
C	Battle-Landscape_old-landtileswinter	Resources/Battle/Landscape_old/landtileswinter	1555316	5c71683d69ebdb38c39a35efecdf495a	
C	Battle-Landscape_old-landv1	Resources/Battle/Landscape_old/landv1	13875608	02ccea7a2d693bc071022bf3ffc2c34f	Resources/Battle/Landscape_new/landv1
C	Battle-Landscape_old-landv1winter	Resources/Battle/Landscape_old/landv1winter	12547820	a31b04cf18b84f96f761838d0ab94d0e	Resources/Battle/Landscape_new/landv1winter
C	Battle-Landscape_old-nubu1	Resources/Battle/Landscape_old/nubu1	3513988	548f77470e0dfa5bbdc8692322b61e39	
C	Battle-Landscape_old-nubu10	Resources/Battle/Landscape_old/nubu10	4424944	a7e3123a4a3cbaa117949f853a4f1aa7	
C	Battle-Landscape_old-nubu10winter	Resources/Battle/Landscape_old/nubu10winter	1377436	2d5aec0d223dc18e5629c118e6a12651	
C	Battle-Landscape_old-nubu12	Resources/Battle/Landscape_old/nubu12	1173808	70a67dd9062c06f44ea9999f24004d09	
C	Battle-Landscape_old-nubu12winter	Resources/Battle/Landscape_old/nubu12winter	980860	8df85d15ff6e33cbae2bcf1643ace08c	
C	Battle-Landscape_old-nubu14	Resources/Battle/Landscape_old/nubu14	1644752	3fc73e5a59ab821713c0ab26c513de9a	
C	Battle-Landscape_old-nubu14winter	Resources/Battle/Landscape_old/nubu14winter	2500540	87d52553d4f9aed4fc75304f568df9ac	
C	Battle-Landscape_old-nubu1winter	Resources/Battle/Landscape_old/nubu1winter	3082000	29f589b3f7fe03b27444779b958aa9ad	
C	Battle-Landscape_old-nubu2	Resources/Battle/Landscape_old/nubu2	1814596	a134995cf5b251329e2f798938506612	
C	Battle-Landscape_old-nubu2winter	Resources/Battle/Landscape_old/nubu2winter	1625552	3fd3ed686cdce87a7ebd596552857b11	
C	Battle-Landscape_old-nubu3	Resources/Battle/Landscape_old/nubu3	928292	579fd4e5e2deb36f0c8d9558dde0dbc7	
C	Battle-Landscape_old-nubu3winter	Resources/Battle/Landscape_old/nubu3winter	1180192	122fac4dff711a21e2c91d11ed9fd4c2	
C	Battle-Landscape_old-nubu4	Resources/Battle/Landscape_old/nubu4	2930740	a049654eff25c461b3e48edfcd0bb28d	
C	Battle-Landscape_old-nubu4winter	Resources/Battle/Landscape_old/nubu4winter	3048704	0e062be1bcc5f53f210ef13a54b7285a	
C	Battle-Landscape_old-nubu5	Resources/Battle/Landscape_old/nubu5	5738772	acc8bb9a9d6d56f7c759df1ae02379ff	
C	Battle-Landscape_old-nubu5winter	Resources/Battle/Landscape_old/nubu5winter	5444176	0929b903f128bab849e01235e350999d	
C	Battle-Landscape_old-nubu6	Resources/Battle/Landscape_old/nubu6	4076884	6f98647fc4cbd88401557502ac80d001	
C	Battle-Landscape_old-nubu6winter	Resources/Battle/Landscape_old/nubu6winter	4165104	a511f69a5bf65c72729b1b413d213100	
C	Battle-Landscape_old-nubu8	Resources/Battle/Landscape_old/nubu8	4066836	f226a41128f2f31bdf84304174fae392	
C	Battle-Landscape_old-nubu8winter	Resources/Battle/Landscape_old/nubu8winter	4066736	10524cf68e6be72c94f23bf1de095058	
C	Battle-Landscape_old-nubu9	Resources/Battle/Landscape_old/nubu9	1726388	fdf5e86b9c4cb6c5969c0824a118bbd4	
C	Battle-Landscape_old-nubu9winter	Resources/Battle/Landscape_old/nubu9winter	1642912	7953bc86cb386b7d96a72a75e55d2322	
C	Battle-Landscape_old-ny	Resources/Battle/Landscape_old/ny	1419008	061fad2fb1f01b24c00e151f1ab9a472	
C	Battle-Landscape_old-outerwalls	Resources/Battle/Landscape_old/outerwalls	955952	1051a144893ae83e6724361ef8f9a3a3	
C	Battle-Landscape_old-outerwallswinter	Resources/Battle/Landscape_old/outerwallswinter	1028320	49181454e8a37d992039b70d863d7c5e	
C	Battle-Landscape_old-passage	Resources/Battle/Landscape_old/passage	930216	919c6c8d860d7c54132d970759b7c280	
C	Battle-Landscape_old-roadblock	Resources/Battle/Landscape_old/roadblock	628076	a25710d63caf1af0e59b42cb2ac2847e	
C	Battle-Landscape_old-roadblockwinter	Resources/Battle/Landscape_old/roadblockwinter	758200	c8dc04403f5a628fed6547d405086012	
C	Battle-Landscape_old-slopesrises	Resources/Battle/Landscape_old/slopesrises	439596	00ba7043687bf16be0d6933ba9d52081	
C	Battle-Landscape_old-slopesriseswinter	Resources/Battle/Landscape_old/slopesriseswinter	521088	dd447b94cbad495b295e8e0d907f1f6b	
C	Battle-Landscape_old-smallbridge	Resources/Battle/Landscape_old/smallbridge	1283664	4ac538b185cb67b3c2a05453cb63f293	
C	Battle-Landscape_old-smallbridgewinter	Resources/Battle/Landscape_old/smallbridgewinter	1341484	353fffd127862e3829e9c0e90ff2198f	
C	Battle-Landscape_old-sprites	Resources/Battle/Landscape_old/sprites	70372	c3c3a59d0b68910802ff73d736fd14be	
C	Battle-Landscape_old-spriteswinter	Resources/Battle/Landscape_old/spriteswinter	110816	f28ace4e563037e05f9ebfae0d549521	
C	Battle-Landscape_old-spriteswinter2	Resources/Battle/Landscape_old/spriteswinter2	92932	eaf42efd4cccc707eae40279bd165e3d	
C	Battle-Landscape_old-stuffs	Resources/Battle/Landscape_old/stuffs	1542844	0fec97abd4cc5092a779a12ccf625f18	
C	Battle-Landscape_old-stuffswinter	Resources/Battle/Landscape_old/stuffswinter	2329068	d93fb3962f27788a3c792027f640c460	
C	Battle-Landscape_old-trees	Resources/Battle/Landscape_old/trees	358764	35d3f26269af0959e38fea4a0d9d5884	
C	Battle-Landscape_old-treeswinter	Resources/Battle/Landscape_old/treeswinter	373708	f24cc32408e7facec1f6492ed0f54647	
C	Battle-Landscape_old-villagehouses	Resources/Battle/Landscape_old/villagehouses	4948600	d309b96107de7f81ef40133d147629cc	
C	Battle-Landscape_old-villagehouseswinter	Resources/Battle/Landscape_old/villagehouseswinter	4744068	6c8623a31aa0cf980920e63c349ad82d	
C	Battle-Landscape_old-wafflefence	Resources/Battle/Landscape_old/wafflefence	402004	72311abd358a307480df39d97a8db415	
C	Battle-Landscape_old-wafflefencewinter	Resources/Battle/Landscape_old/wafflefencewinter	445440	4ccee0b8e8e0474bc44adf11f4ee50a6	
C	Battle-Landscape_old-yonje	Resources/Battle/Landscape_old/yonje	15856660	11aa78561bddda5455fad938c1397d60	
C	Battle-Landscape_old-zamin	Resources/Battle/Landscape_old/zamin	16535592	af4d9192fde5d3d6760ee01d0b37c7ea	
C	Battle-StaticMaps-Agroprom-_files	Resources/Battle/StaticMaps/Agroprom	100640	6290d828c91fee0656c5c0833e0d394b	Resources/Battle/StaticMaps/Agroprom/meshes;Resources/Battle/StaticMaps/Agroprom/textures
C	Battle-StaticMaps-Agroprom-meshes	Resources/Battle/StaticMaps/Agroprom/meshes	19067476	429f3ecfade77742b4e707eedd607485	
C	Battle-StaticMaps-Agroprom-textures	Resources/Battle/StaticMaps/Agroprom/textures	24543148	7ea7ca09d83302d09cc5350b374bce09	
C	Battle-StaticMaps-Agroprom-textures-p2	Resources/Battle/StaticMaps/Agroprom/textures	18678888	ebde918fba574aff498417990374c946	
C	Battle-StaticMaps-CNPP-_files	Resources/Battle/StaticMaps/CNPP	63288	d3b0abc5babdc0030d6b615b957622aa	Resources/Battle/StaticMaps/CNPP/meshes;Resources/Battle/StaticMaps/CNPP/textures
C	Battle-StaticMaps-CNPP-meshes	Resources/Battle/StaticMaps/CNPP/meshes	19311156	8dc818615ae42fe3a97ee86af1a34d26	
C	Battle-StaticMaps-CNPP-textures	Resources/Battle/StaticMaps/CNPP/textures	24574112	54d2429e5f8463087eb96cab0b7a7972	
C	Battle-StaticMaps-CNPP-textures-p2	Resources/Battle/StaticMaps/CNPP/textures	3916056	6ba091a333f6c539e670fa4554bea525	
C	Battle-StaticMaps-CsAgroUnderground	Resources/Battle/StaticMaps/CsAgroUnderground	16348180	c95f7610c7d137400213249d266c5317	Resources/Battle/StaticMaps/_Cs/textures/act;Resources/Battle/StaticMaps/_Cs/textures/crete;Resources/Battle/StaticMaps/_Cs/textures/door;Resources/Battle/StaticMaps/_Cs/textures/floor;Resources/Battle/StaticMaps/_Cs/textures/fx;Resources/Battle/StaticMaps/_Cs/textures/grnd;Resources/Battle/StaticMaps/_Cs/textures/mtl;Resources/Battle/StaticMaps/_Cs/textures/pfx;Resources/Battle/StaticMaps/_Cs/textures/prop;Resources/Battle/StaticMaps/_Cs/textures/roof;Resources/Battle/StaticMaps/_Cs/textures/veh;Resources/Battle/StaticMaps/_Cs/textures/wall;Resources/Battle/StaticMaps/_Cs/textures/water;Resources/Battle/StaticMaps/_Cs/textures/wood
C	Battle-StaticMaps-CsAgroprom-_files	Resources/Battle/StaticMaps/CsAgroprom	111524	70c4165ea86fa54d2e9faa60cab2a0df	Resources/Battle/StaticMaps/CsAgroprom/meshes;Resources/Battle/StaticMaps/CsAgroprom/textures;Resources/Battle/StaticMaps/_Cs/textures/act;Resources/Battle/StaticMaps/_Cs/textures/briks;Resources/Battle/StaticMaps/_Cs/textures/crete;Resources/Battle/StaticMaps/_Cs/textures/door;Resources/Battle/StaticMaps/_Cs/textures/floor;Resources/Battle/StaticMaps/_Cs/textures/fx;Resources/Battle/StaticMaps/_Cs/textures/glas;Resources/Battle/StaticMaps/_Cs/textures/grnd;Resources/Battle/StaticMaps/_Cs/textures/mtl;Resources/Battle/StaticMaps/_Cs/textures/prop;Resources/Battle/StaticMaps/_Cs/textures/roof;Resources/Battle/StaticMaps/_Cs/textures/sign;Resources/Battle/StaticMaps/_Cs/textures/terrain;Resources/Battle/StaticMaps/_Cs/textures/tile;Resources/Battle/StaticMaps/_Cs/textures/trees;Resources/Battle/StaticMaps/_Cs/textures/veh;Resources/Battle/StaticMaps/_Cs/textures/wall;Resources/Battle/StaticMaps/_Cs/textures/water;Resources/Battle/StaticMaps/_Cs/textures/wood
C	Battle-StaticMaps-CsAgroprom-meshes	Resources/Battle/StaticMaps/CsAgroprom/meshes	25118708	edf2d5202ebc57df967786813f0ef56d	
C	Battle-StaticMaps-CsAgroprom-meshes-p2	Resources/Battle/StaticMaps/CsAgroprom/meshes	12780148	0a51e2ea703d1e06f58120179c26e8fe	
C	Battle-StaticMaps-CsAgroprom-textures	Resources/Battle/StaticMaps/CsAgroprom/textures	268560	5625a4afb1fe38563fef8a757f13ddbe	
C	Battle-StaticMaps-CsCnpp-_files	Resources/Battle/StaticMaps/CsCnpp	75884	0c40af51709a900a051afbc202e6b8c3	Resources/Battle/StaticMaps/CsCnpp/meshes;Resources/Battle/StaticMaps/CsCnpp/textures;Resources/Battle/StaticMaps/_Cs/textures/briks;Resources/Battle/StaticMaps/_Cs/textures/crete;Resources/Battle/StaticMaps/_Cs/textures/door;Resources/Battle/StaticMaps/_Cs/textures/floor;Resources/Battle/StaticMaps/_Cs/textures/fx;Resources/Battle/StaticMaps/_Cs/textures/glas;Resources/Battle/StaticMaps/_Cs/textures/glass;Resources/Battle/StaticMaps/_Cs/textures/grnd;Resources/Battle/StaticMaps/_Cs/textures/mtl;Resources/Battle/StaticMaps/_Cs/textures/prop;Resources/Battle/StaticMaps/_Cs/textures/roof;Resources/Battle/StaticMaps/_Cs/textures/sign;Resources/Battle/StaticMaps/_Cs/textures/terrain;Resources/Battle/StaticMaps/_Cs/textures/tile;Resources/Battle/StaticMaps/_Cs/textures/veh;Resources/Battle/StaticMaps/_Cs/textures/wall;Resources/Battle/StaticMaps/_Cs/textures/wind;Resources/Battle/StaticMaps/_Cs/textures/wood
C	Battle-StaticMaps-CsCnpp-meshes	Resources/Battle/StaticMaps/CsCnpp/meshes	24597128	8b6854b89cd0398875ce428f3e422f7d	
C	Battle-StaticMaps-CsCnpp-meshes-p2	Resources/Battle/StaticMaps/CsCnpp/meshes	11157732	7dc286f54fa4d60164bea09a06fb81e7	
C	Battle-StaticMaps-CsCnpp-textures	Resources/Battle/StaticMaps/CsCnpp/textures	268556	40cee94bce82e222933b78afd77c2a17	
C	Battle-StaticMaps-CsDarkValley-_files	Resources/Battle/StaticMaps/CsDarkValley	90088	890a4918b3b5ae621e2f457c2683fdd3	Resources/Battle/StaticMaps/CsDarkValley/meshes;Resources/Battle/StaticMaps/CsDarkValley/textures;Resources/Battle/StaticMaps/_Cs/textures/act;Resources/Battle/StaticMaps/_Cs/textures/briks;Resources/Battle/StaticMaps/_Cs/textures/crete;Resources/Battle/StaticMaps/_Cs/textures/door;Resources/Battle/StaticMaps/_Cs/textures/floor;Resources/Battle/StaticMaps/_Cs/textures/fx;Resources/Battle/StaticMaps/_Cs/textures/glass;Resources/Battle/StaticMaps/_Cs/textures/grnd;Resources/Battle/StaticMaps/_Cs/textures/mtl;Resources/Battle/StaticMaps/_Cs/textures/prop;Resources/Battle/StaticMaps/_Cs/textures/roof;Resources/Battle/StaticMaps/_Cs/textures/terrain;Resources/Battle/StaticMaps/_Cs/textures/tile;Resources/Battle/StaticMaps/_Cs/textures/trees;Resources/Battle/StaticMaps/_Cs/textures/veh;Resources/Battle/StaticMaps/_Cs/textures/wall;Resources/Battle/StaticMaps/_Cs/textures/water;Resources/Battle/StaticMaps/_Cs/textures/wind;Resources/Battle/StaticMaps/_Cs/textures/wood
C	Battle-StaticMaps-CsDarkValley-meshes	Resources/Battle/StaticMaps/CsDarkValley/meshes	25149780	72f2d6a4fc833f6d0a9e3c4ad008f028	
C	Battle-StaticMaps-CsDarkValley-meshes-p2	Resources/Battle/StaticMaps/CsDarkValley/meshes	8167940	5da4fc5280944a9a4f667c4ea5476c60	
C	Battle-StaticMaps-CsDarkValley-textures	Resources/Battle/StaticMaps/CsDarkValley/textures	268564	ab66bc5e69f825fa82f6b79255808928	
C	Battle-StaticMaps-CsEscape-_files	Resources/Battle/StaticMaps/CsEscape	96976	bfc7b88a9bd0a8894680895584774f23	Resources/Battle/StaticMaps/CsEscape/meshes;Resources/Battle/StaticMaps/CsEscape/textures;Resources/Battle/StaticMaps/_Cs/textures/act;Resources/Battle/StaticMaps/_Cs/textures/briks;Resources/Battle/StaticMaps/_Cs/textures/crete;Resources/Battle/StaticMaps/_Cs/textures/door;Resources/Battle/StaticMaps/_Cs/textures/floor;Resources/Battle/StaticMaps/_Cs/textures/fx;Resources/Battle/StaticMaps/_Cs/textures/grnd;Resources/Battle/StaticMaps/_Cs/textures/item;Resources/Battle/StaticMaps/_Cs/textures/mtl;Resources/Battle/StaticMaps/_Cs/textures/prop;Resources/Battle/StaticMaps/_Cs/textures/roof;Resources/Battle/StaticMaps/_Cs/textures/sign;Resources/Battle/StaticMaps/_Cs/textures/terrain;Resources/Battle/StaticMaps/_Cs/textures/tile;Resources/Battle/StaticMaps/_Cs/textures/trees;Resources/Battle/StaticMaps/_Cs/textures/veh;Resources/Battle/StaticMaps/_Cs/textures/vine;Resources/Battle/StaticMaps/_Cs/textures/wall;Resources/Battle/StaticMaps/_Cs/textures/wood
C	Battle-StaticMaps-CsEscape-meshes	Resources/Battle/StaticMaps/CsEscape/meshes	24550040	6d1c83005ff8bb0b6d9a40b6604e9d18	
C	Battle-StaticMaps-CsEscape-meshes-p2	Resources/Battle/StaticMaps/CsEscape/meshes	11534168	81ffeb4814185fc655cee71e615729cc	
C	Battle-StaticMaps-CsEscape-textures	Resources/Battle/StaticMaps/CsEscape/textures	268560	eec166b6d3bdb8edba5b0161121b2c14	
C	Battle-StaticMaps-CsGarbage-_files	Resources/Battle/StaticMaps/CsGarbage	90560	e65dad4047835b0daffa1ec053a1e020	Resources/Battle/StaticMaps/CsGarbage/meshes;Resources/Battle/StaticMaps/CsGarbage/textures;Resources/Battle/StaticMaps/_Cs/textures/act;Resources/Battle/StaticMaps/_Cs/textures/briks;Resources/Battle/StaticMaps/_Cs/textures/crete;Resources/Battle/StaticMaps/_Cs/textures/door;Resources/Battle/StaticMaps/_Cs/textures/floor;Resources/Battle/StaticMaps/_Cs/textures/fx;Resources/Battle/StaticMaps/_Cs/textures/glass;Resources/Battle/StaticMaps/_Cs/textures/grnd;Resources/Battle/StaticMaps/_Cs/textures/mtl;Resources/Battle/StaticMaps/_Cs/textures/prop;Resources/Battle/StaticMaps/_Cs/textures/roof;Resources/Battle/StaticMaps/_Cs/textures/sign;Resources/Battle/StaticMaps/_Cs/textures/terrain;Resources/Battle/StaticMaps/_Cs/textures/tile;Resources/Battle/StaticMaps/_Cs/textures/trees;Resources/Battle/StaticMaps/_Cs/textures/veh;Resources/Battle/StaticMaps/_Cs/textures/wall;Resources/Battle/StaticMaps/_Cs/textures/water;Resources/Battle/StaticMaps/_Cs/textures/wind;Resources/Battle/StaticMaps/_Cs/textures/wood
C	Battle-StaticMaps-CsGarbage-meshes	Resources/Battle/StaticMaps/CsGarbage/meshes	25096964	fb4c683fedf8db2572e0e721e3a89620	
C	Battle-StaticMaps-CsGarbage-meshes-p2	Resources/Battle/StaticMaps/CsGarbage/meshes	7456516	fb30f3dd5a80619fda2fe2767f5bd4c8	
C	Battle-StaticMaps-CsGarbage-textures	Resources/Battle/StaticMaps/CsGarbage/textures	268560	6862b7979c87eb77513b90215a496801	
C	Battle-StaticMaps-CsHospital	Resources/Battle/StaticMaps/CsHospital	13336992	058e452fc8af2417b85930a46520e8aa	Resources/Battle/StaticMaps/_Cs/textures/act;Resources/Battle/StaticMaps/_Cs/textures/briks;Resources/Battle/StaticMaps/_Cs/textures/crete;Resources/Battle/StaticMaps/_Cs/textures/door;Resources/Battle/StaticMaps/_Cs/textures/floor;Resources/Battle/StaticMaps/_Cs/textures/fx;Resources/Battle/StaticMaps/_Cs/textures/grnd;Resources/Battle/StaticMaps/_Cs/textures/mtl;Resources/Battle/StaticMaps/_Cs/textures/prop;Resources/Battle/StaticMaps/_Cs/textures/sign;Resources/Battle/StaticMaps/_Cs/textures/tile;Resources/Battle/StaticMaps/_Cs/textures/vine;Resources/Battle/StaticMaps/_Cs/textures/water;Resources/Battle/StaticMaps/_Cs/textures/wood
C	Battle-StaticMaps-CsLimansk-_files	Resources/Battle/StaticMaps/CsLimansk	121952	4468f77c7318f9cfe84b9130eac3c6e6	Resources/Battle/StaticMaps/CsLimansk/meshes;Resources/Battle/StaticMaps/_Cs/textures/act;Resources/Battle/StaticMaps/_Cs/textures/briks;Resources/Battle/StaticMaps/_Cs/textures/crete;Resources/Battle/StaticMaps/_Cs/textures/door;Resources/Battle/StaticMaps/_Cs/textures/floor;Resources/Battle/StaticMaps/_Cs/textures/fx;Resources/Battle/StaticMaps/_Cs/textures/glas;Resources/Battle/StaticMaps/_Cs/textures/glass;Resources/Battle/StaticMaps/_Cs/textures/grnd;Resources/Battle/StaticMaps/_Cs/textures/mtl;Resources/Battle/StaticMaps/_Cs/textures/prop;Resources/Battle/StaticMaps/_Cs/textures/roof;Resources/Battle/StaticMaps/_Cs/textures/sign;Resources/Battle/StaticMaps/_Cs/textures/tile;Resources/Battle/StaticMaps/_Cs/textures/trees;Resources/Battle/StaticMaps/_Cs/textures/veh;Resources/Battle/StaticMaps/_Cs/textures/vine;Resources/Battle/StaticMaps/_Cs/textures/wall;Resources/Battle/StaticMaps/_Cs/textures/water;Resources/Battle/StaticMaps/_Cs/textures/wind;Resources/Battle/StaticMaps/_Cs/textures/wood
C	Battle-StaticMaps-CsLimansk-meshes	Resources/Battle/StaticMaps/CsLimansk/meshes	25064708	aee901d305f07aebf73b430a6c89cf2a	
C	Battle-StaticMaps-CsLimansk-meshes-p2	Resources/Battle/StaticMaps/CsLimansk/meshes	4956852	7334a639e37c540a1781f30df7c35f4b	
C	Battle-StaticMaps-CsLimansk-textures	Resources/Battle/StaticMaps/CsLimansk/textures	268560	19c5324282296d85e2f555c1b87fde2e	
C	Battle-StaticMaps-CsMarsh-_files	Resources/Battle/StaticMaps/CsMarsh	97740	062fd2fc7682a89731c3d243b9e230e0	Resources/Battle/StaticMaps/CsMarsh/meshes;Resources/Battle/StaticMaps/_Cs/textures/act;Resources/Battle/StaticMaps/_Cs/textures/briks;Resources/Battle/StaticMaps/_Cs/textures/crete;Resources/Battle/StaticMaps/_Cs/textures/door;Resources/Battle/StaticMaps/_Cs/textures/floor;Resources/Battle/StaticMaps/_Cs/textures/fx;Resources/Battle/StaticMaps/_Cs/textures/glas;Resources/Battle/StaticMaps/_Cs/textures/grnd;Resources/Battle/StaticMaps/_Cs/textures/mtl;Resources/Battle/StaticMaps/_Cs/textures/prop;Resources/Battle/StaticMaps/_Cs/textures/roof;Resources/Battle/StaticMaps/_Cs/textures/sign;Resources/Battle/StaticMaps/_Cs/textures/tile;Resources/Battle/StaticMaps/_Cs/textures/trees;Resources/Battle/StaticMaps/_Cs/textures/veh;Resources/Battle/StaticMaps/_Cs/textures/vine;Resources/Battle/StaticMaps/_Cs/textures/wall;Resources/Battle/StaticMaps/_Cs/textures/water;Resources/Battle/StaticMaps/_Cs/textures/wood
C	Battle-StaticMaps-CsMarsh-meshes	Resources/Battle/StaticMaps/CsMarsh/meshes	22816428	aa3020ebabe0f7c14fa03e32a920ed83	
C	Battle-StaticMaps-CsMarsh-meshes-p2	Resources/Battle/StaticMaps/CsMarsh/meshes	24064864	4264baf42e5650007c376d7149567328	
C	Battle-StaticMaps-CsMarsh-meshes-p3	Resources/Battle/StaticMaps/CsMarsh/meshes	11961120	d807ce2194d4f1586186a062de7d6c91	
C	Battle-StaticMaps-CsMarsh-textures	Resources/Battle/StaticMaps/CsMarsh/textures	268560	67990cc3c2a67f4949880a7d314c6d90	
C	Battle-StaticMaps-CsMpAgroprom	Resources/Battle/StaticMaps/CsMpAgroprom	7285576	7aede17218be91871e61c268afab0619	Resources/Battle/StaticMaps/_Cs/textures/briks;Resources/Battle/StaticMaps/_Cs/textures/crete;Resources/Battle/StaticMaps/_Cs/textures/door;Resources/Battle/StaticMaps/_Cs/textures/floor;Resources/Battle/StaticMaps/_Cs/textures/fx;Resources/Battle/StaticMaps/_Cs/textures/grnd;Resources/Battle/StaticMaps/_Cs/textures/mtl;Resources/Battle/StaticMaps/_Cs/textures/prop;Resources/Battle/StaticMaps/_Cs/textures/roof;Resources/Battle/StaticMaps/_Cs/textures/tile;Resources/Battle/StaticMaps/_Cs/textures/veh;Resources/Battle/StaticMaps/_Cs/textures/wall;Resources/Battle/StaticMaps/_Cs/textures/wood
C	Battle-StaticMaps-CsMpAtp	Resources/Battle/StaticMaps/CsMpAtp	5586032	a90db4bdc30776431050beae8207ed3d	Resources/Battle/StaticMaps/_Cs/textures/briks;Resources/Battle/StaticMaps/_Cs/textures/crete;Resources/Battle/StaticMaps/_Cs/textures/door;Resources/Battle/StaticMaps/_Cs/textures/floor;Resources/Battle/StaticMaps/_Cs/textures/fx;Resources/Battle/StaticMaps/_Cs/textures/grnd;Resources/Battle/StaticMaps/_Cs/textures/mtl;Resources/Battle/StaticMaps/_Cs/textures/prop;Resources/Battle/StaticMaps/_Cs/textures/roof;Resources/Battle/StaticMaps/_Cs/textures/terrain;Resources/Battle/StaticMaps/_Cs/textures/trees;Resources/Battle/StaticMaps/_Cs/textures/veh;Resources/Battle/StaticMaps/_Cs/textures/wall;Resources/Battle/StaticMaps/_Cs/textures/wood
C	Battle-StaticMaps-CsMpAutostation	Resources/Battle/StaticMaps/CsMpAutostation	11241180	8640192f3e570a84ebac2d0f90362f88	Resources/Battle/StaticMaps/_Cs/textures/briks;Resources/Battle/StaticMaps/_Cs/textures/crete;Resources/Battle/StaticMaps/_Cs/textures/door;Resources/Battle/StaticMaps/_Cs/textures/floor;Resources/Battle/StaticMaps/_Cs/textures/fx;Resources/Battle/StaticMaps/_Cs/textures/glass;Resources/Battle/StaticMaps/_Cs/textures/grnd;Resources/Battle/StaticMaps/_Cs/textures/mtl;Resources/Battle/StaticMaps/_Cs/textures/prop;Resources/Battle/StaticMaps/_Cs/textures/roof;Resources/Battle/StaticMaps/_Cs/textures/tile;Resources/Battle/StaticMaps/_Cs/textures/trees;Resources/Battle/StaticMaps/_Cs/textures/veh;Resources/Battle/StaticMaps/_Cs/textures/wall;Resources/Battle/StaticMaps/_Cs/textures/wind;Resources/Battle/StaticMaps/_Cs/textures/wood
C	Battle-StaticMaps-CsMpBath	Resources/Battle/StaticMaps/CsMpBath	8360640	1a5c4f8a2a804c3de787f31eca421506	Resources/Battle/StaticMaps/_Cs/textures/briks;Resources/Battle/StaticMaps/_Cs/textures/crete;Resources/Battle/StaticMaps/_Cs/textures/door;Resources/Battle/StaticMaps/_Cs/textures/floor;Resources/Battle/StaticMaps/_Cs/textures/glas;Resources/Battle/StaticMaps/_Cs/textures/grnd;Resources/Battle/StaticMaps/_Cs/textures/mtl;Resources/Battle/StaticMaps/_Cs/textures/prop;Resources/Battle/StaticMaps/_Cs/textures/roof;Resources/Battle/StaticMaps/_Cs/textures/tile;Resources/Battle/StaticMaps/_Cs/textures/trees;Resources/Battle/StaticMaps/_Cs/textures/wall;Resources/Battle/StaticMaps/_Cs/textures/wood
C	Battle-StaticMaps-CsMpDarkValley	Resources/Battle/StaticMaps/CsMpDarkValley	5161928	48fbe9605882910ad6c0b5b7c4d3450b	Resources/Battle/StaticMaps/_Cs/textures/briks;Resources/Battle/StaticMaps/_Cs/textures/crete;Resources/Battle/StaticMaps/_Cs/textures/door;Resources/Battle/StaticMaps/_Cs/textures/floor;Resources/Battle/StaticMaps/_Cs/textures/fx;Resources/Battle/StaticMaps/_Cs/textures/grnd;Resources/Battle/StaticMaps/_Cs/textures/mtl;Resources/Battle/StaticMaps/_Cs/textures/prop;Resources/Battle/StaticMaps/_Cs/textures/roof;Resources/Battle/StaticMaps/_Cs/textures/terrain;Resources/Battle/StaticMaps/_Cs/textures/tile;Resources/Battle/StaticMaps/_Cs/textures/trees;Resources/Battle/StaticMaps/_Cs/textures/veh;Resources/Battle/StaticMaps/_Cs/textures/wall;Resources/Battle/StaticMaps/_Cs/textures/wood
C	Battle-StaticMaps-CsMpFactory	Resources/Battle/StaticMaps/CsMpFactory	9936484	bdd4426584b6788abcfbae524c0ff837	Resources/Battle/StaticMaps/_Cs/textures/briks;Resources/Battle/StaticMaps/_Cs/textures/crete;Resources/Battle/StaticMaps/_Cs/textures/door;Resources/Battle/StaticMaps/_Cs/textures/floor;Resources/Battle/StaticMaps/_Cs/textures/fx;Resources/Battle/StaticMaps/_Cs/textures/grnd;Resources/Battle/StaticMaps/_Cs/textures/mtl;Resources/Battle/StaticMaps/_Cs/textures/prop;Resources/Battle/StaticMaps/_Cs/textures/roof;Resources/Battle/StaticMaps/_Cs/textures/terrain;Resources/Battle/StaticMaps/_Cs/textures/tile;Resources/Battle/StaticMaps/_Cs/textures/veh;Resources/Battle/StaticMaps/_Cs/textures/wall;Resources/Battle/StaticMaps/_Cs/textures/wind;Resources/Battle/StaticMaps/_Cs/textures/wood
C	Battle-StaticMaps-CsMpFirestation	Resources/Battle/StaticMaps/CsMpFirestation	5392372	1a1c7e03800a0438938ca3551d620849	Resources/Battle/StaticMaps/_Cs/textures/briks;Resources/Battle/StaticMaps/_Cs/textures/crete;Resources/Battle/StaticMaps/_Cs/textures/door;Resources/Battle/StaticMaps/_Cs/textures/floor;Resources/Battle/StaticMaps/_Cs/textures/fx;Resources/Battle/StaticMaps/_Cs/textures/glass;Resources/Battle/StaticMaps/_Cs/textures/grnd;Resources/Battle/StaticMaps/_Cs/textures/mtl;Resources/Battle/StaticMaps/_Cs/textures/prop;Resources/Battle/StaticMaps/_Cs/textures/roof;Resources/Battle/StaticMaps/_Cs/textures/sign;Resources/Battle/StaticMaps/_Cs/textures/tile;Resources/Battle/StaticMaps/_Cs/textures/trees;Resources/Battle/StaticMaps/_Cs/textures/veh;Resources/Battle/StaticMaps/_Cs/textures/wall;Resources/Battle/StaticMaps/_Cs/textures/wind;Resources/Battle/StaticMaps/_Cs/textures/wood
C	Battle-StaticMaps-CsMpGarbage	Resources/Battle/StaticMaps/CsMpGarbage	10534932	eca5e0b6ed886b51d7784b5262ed36f1	Resources/Battle/StaticMaps/_Cs/textures/briks;Resources/Battle/StaticMaps/_Cs/textures/crete;Resources/Battle/StaticMaps/_Cs/textures/door;Resources/Battle/StaticMaps/_Cs/textures/floor;Resources/Battle/StaticMaps/_Cs/textures/fx;Resources/Battle/StaticMaps/_Cs/textures/glass;Resources/Battle/StaticMaps/_Cs/textures/grnd;Resources/Battle/StaticMaps/_Cs/textures/mtl;Resources/Battle/StaticMaps/_Cs/textures/pfx;Resources/Battle/StaticMaps/_Cs/textures/prop;Resources/Battle/StaticMaps/_Cs/textures/roof;Resources/Battle/StaticMaps/_Cs/textures/sign;Resources/Battle/StaticMaps/_Cs/textures/tile;Resources/Battle/StaticMaps/_Cs/textures/trees;Resources/Battle/StaticMaps/_Cs/textures/veh;Resources/Battle/StaticMaps/_Cs/textures/wall;Resources/Battle/StaticMaps/_Cs/textures/wind;Resources/Battle/StaticMaps/_Cs/textures/wood
C	Battle-StaticMaps-CsMpLimansk	Resources/Battle/StaticMaps/CsMpLimansk	10882164	a8ac9047bd30f233ca53655db971eb28	Resources/Battle/StaticMaps/_Cs/textures/briks;Resources/Battle/StaticMaps/_Cs/textures/crete;Resources/Battle/StaticMaps/_Cs/textures/door;Resources/Battle/StaticMaps/_Cs/textures/floor;Resources/Battle/StaticMaps/_Cs/textures/fx;Resources/Battle/StaticMaps/_Cs/textures/grnd;Resources/Battle/StaticMaps/_Cs/textures/mtl;Resources/Battle/StaticMaps/_Cs/textures/prop;Resources/Battle/StaticMaps/_Cs/textures/roof;Resources/Battle/StaticMaps/_Cs/textures/tile;Resources/Battle/StaticMaps/_Cs/textures/trees;Resources/Battle/StaticMaps/_Cs/textures/veh;Resources/Battle/StaticMaps/_Cs/textures/wall;Resources/Battle/StaticMaps/_Cs/textures/wind;Resources/Battle/StaticMaps/_Cs/textures/wood
C	Battle-StaticMaps-CsMpLostVillage	Resources/Battle/StaticMaps/CsMpLostVillage	9131724	9eace69bc041b9ebf8ea066cc9d45884	Resources/Battle/StaticMaps/_Cs/textures/briks;Resources/Battle/StaticMaps/_Cs/textures/crete;Resources/Battle/StaticMaps/_Cs/textures/door;Resources/Battle/StaticMaps/_Cs/textures/floor;Resources/Battle/StaticMaps/_Cs/textures/fx;Resources/Battle/StaticMaps/_Cs/textures/glass;Resources/Battle/StaticMaps/_Cs/textures/grnd;Resources/Battle/StaticMaps/_Cs/textures/mtl;Resources/Battle/StaticMaps/_Cs/textures/prop;Resources/Battle/StaticMaps/_Cs/textures/roof;Resources/Battle/StaticMaps/_Cs/textures/tile;Resources/Battle/StaticMaps/_Cs/textures/trees;Resources/Battle/StaticMaps/_Cs/textures/wall;Resources/Battle/StaticMaps/_Cs/textures/water;Resources/Battle/StaticMaps/_Cs/textures/wood
C	Battle-StaticMaps-CsMpMilitary1	Resources/Battle/StaticMaps/CsMpMilitary1	14634996	bdcb0ad82f66b85b4beeff2a6ccc82ea	Resources/Battle/StaticMaps/_Cs/textures/briks;Resources/Battle/StaticMaps/_Cs/textures/crete;Resources/Battle/StaticMaps/_Cs/textures/door;Resources/Battle/StaticMaps/_Cs/textures/floor;Resources/Battle/StaticMaps/_Cs/textures/fx;Resources/Battle/StaticMaps/_Cs/textures/glas;Resources/Battle/StaticMaps/_Cs/textures/grnd;Resources/Battle/StaticMaps/_Cs/textures/mtl;Resources/Battle/StaticMaps/_Cs/textures/prop;Resources/Battle/StaticMaps/_Cs/textures/roof;Resources/Battle/StaticMaps/_Cs/textures/sign;Resources/Battle/StaticMaps/_Cs/textures/veh;Resources/Battle/StaticMaps/_Cs/textures/wall;Resources/Battle/StaticMaps/_Cs/textures/wood
C	Battle-StaticMaps-CsMpMilitary2	Resources/Battle/StaticMaps/CsMpMilitary2	7860056	3b9d063688c110fdd7f860a52b0b7d64	Resources/Battle/StaticMaps/_Cs/textures/briks;Resources/Battle/StaticMaps/_Cs/textures/crete;Resources/Battle/StaticMaps/_Cs/textures/door;Resources/Battle/StaticMaps/_Cs/textures/floor;Resources/Battle/StaticMaps/_Cs/textures/grnd;Resources/Battle/StaticMaps/_Cs/textures/mtl;Resources/Battle/StaticMaps/_Cs/textures/prop;Resources/Battle/StaticMaps/_Cs/textures/roof;Resources/Battle/StaticMaps/_Cs/textures/terrain;Resources/Battle/StaticMaps/_Cs/textures/tile;Resources/Battle/StaticMaps/_Cs/textures/trees;Resources/Battle/StaticMaps/_Cs/textures/wall;Resources/Battle/StaticMaps/_Cs/textures/wind;Resources/Battle/StaticMaps/_Cs/textures/wood
C	Battle-StaticMaps-CsMpPool	Resources/Battle/StaticMaps/CsMpPool	1994716	eaa0c08ccbce960ad118ecda25c0f58d	Resources/Battle/StaticMaps/_Cs/textures/briks;Resources/Battle/StaticMaps/_Cs/textures/crete;Resources/Battle/StaticMaps/_Cs/textures/door;Resources/Battle/StaticMaps/_Cs/textures/floor;Resources/Battle/StaticMaps/_Cs/textures/fx;Resources/Battle/StaticMaps/_Cs/textures/grnd;Resources/Battle/StaticMaps/_Cs/textures/mtl;Resources/Battle/StaticMaps/_Cs/textures/prop;Resources/Battle/StaticMaps/_Cs/textures/roof;Resources/Battle/StaticMaps/_Cs/textures/tile;Resources/Battle/StaticMaps/_Cs/textures/wall;Resources/Battle/StaticMaps/_Cs/textures/water;Resources/Battle/StaticMaps/_Cs/textures/wind;Resources/Battle/StaticMaps/_Cs/textures/wood
C	Battle-StaticMaps-CsMpRailroad	Resources/Battle/StaticMaps/CsMpRailroad	19026616	1b08dc0f3afe7e8320a2361002108f95	Resources/Battle/StaticMaps/_Cs/textures/briks;Resources/Battle/StaticMaps/_Cs/textures/crete;Resources/Battle/StaticMaps/_Cs/textures/door;Resources/Battle/StaticMaps/_Cs/textures/floor;Resources/Battle/StaticMaps/_Cs/textures/fx;Resources/Battle/StaticMaps/_Cs/textures/glas;Resources/Battle/StaticMaps/_Cs/textures/glass;Resources/Battle/StaticMaps/_Cs/textures/grnd;Resources/Battle/StaticMaps/_Cs/textures/mtl;Resources/Battle/StaticMaps/_Cs/textures/prop;Resources/Battle/StaticMaps/_Cs/textures/roof;Resources/Battle/StaticMaps/_Cs/textures/tile;Resources/Battle/StaticMaps/_Cs/textures/veh;Resources/Battle/StaticMaps/_Cs/textures/wall;Resources/Battle/StaticMaps/_Cs/textures/wind;Resources/Battle/StaticMaps/_Cs/textures/wood
C	Battle-StaticMaps-CsMpRepairBase	Resources/Battle/StaticMaps/CsMpRepairBase	5264948	4627c242d831792daa14985758b68adf	Resources/Battle/StaticMaps/_Cs/textures/briks;Resources/Battle/StaticMaps/_Cs/textures/crete;Resources/Battle/StaticMaps/_Cs/textures/door;Resources/Battle/StaticMaps/_Cs/textures/floor;Resources/Battle/StaticMaps/_Cs/textures/glass;Resources/Battle/StaticMaps/_Cs/textures/grnd;Resources/Battle/StaticMaps/_Cs/textures/mtl;Resources/Battle/StaticMaps/_Cs/textures/prop;Resources/Battle/StaticMaps/_Cs/textures/roof;Resources/Battle/StaticMaps/_Cs/textures/sign;Resources/Battle/StaticMaps/_Cs/textures/wall;Resources/Battle/StaticMaps/_Cs/textures/wind;Resources/Battle/StaticMaps/_Cs/textures/wood
C	Battle-StaticMaps-CsMpRostok	Resources/Battle/StaticMaps/CsMpRostok	17080096	d0799661fdc8085ea1dc49d12fefd294	Resources/Battle/StaticMaps/_Cs/textures/briks;Resources/Battle/StaticMaps/_Cs/textures/crete;Resources/Battle/StaticMaps/_Cs/textures/door;Resources/Battle/StaticMaps/_Cs/textures/floor;Resources/Battle/StaticMaps/_Cs/textures/fx;Resources/Battle/StaticMaps/_Cs/textures/glass;Resources/Battle/StaticMaps/_Cs/textures/grnd;Resources/Battle/StaticMaps/_Cs/textures/mtl;Resources/Battle/StaticMaps/_Cs/textures/prop;Resources/Battle/StaticMaps/_Cs/textures/roof;Resources/Battle/StaticMaps/_Cs/textures/terrain;Resources/Battle/StaticMaps/_Cs/textures/trees;Resources/Battle/StaticMaps/_Cs/textures/veh;Resources/Battle/StaticMaps/_Cs/textures/wall;Resources/Battle/StaticMaps/_Cs/textures/water;Resources/Battle/StaticMaps/_Cs/textures/wind;Resources/Battle/StaticMaps/_Cs/textures/wood
C	Battle-StaticMaps-CsMpSportCenter	Resources/Battle/StaticMaps/CsMpSportCenter	4840628	09365271172ffc33a57bd4218a8069e0	Resources/Battle/StaticMaps/_Cs/textures/briks;Resources/Battle/StaticMaps/_Cs/textures/crete;Resources/Battle/StaticMaps/_Cs/textures/door;Resources/Battle/StaticMaps/_Cs/textures/floor;Resources/Battle/StaticMaps/_Cs/textures/fx;Resources/Battle/StaticMaps/_Cs/textures/glas;Resources/Battle/StaticMaps/_Cs/textures/grnd;Resources/Battle/StaticMaps/_Cs/textures/mtl;Resources/Battle/StaticMaps/_Cs/textures/prop;Resources/Battle/StaticMaps/_Cs/textures/roof;Resources/Battle/StaticMaps/_Cs/textures/tile;Resources/Battle/StaticMaps/_Cs/textures/trees;Resources/Battle/StaticMaps/_Cs/textures/wall;Resources/Battle/StaticMaps/_Cs/textures/water;Resources/Battle/StaticMaps/_Cs/textures/wind;Resources/Battle/StaticMaps/_Cs/textures/wood
C	Battle-StaticMaps-CsMpTrainingCamp	Resources/Battle/StaticMaps/CsMpTrainingCamp	6293216	60d25352ebb7fbded4c71c99260b5f9f	Resources/Battle/StaticMaps/_Cs/textures/briks;Resources/Battle/StaticMaps/_Cs/textures/crete;Resources/Battle/StaticMaps/_Cs/textures/door;Resources/Battle/StaticMaps/_Cs/textures/fx;Resources/Battle/StaticMaps/_Cs/textures/grnd;Resources/Battle/StaticMaps/_Cs/textures/mtl;Resources/Battle/StaticMaps/_Cs/textures/prop;Resources/Battle/StaticMaps/_Cs/textures/roof;Resources/Battle/StaticMaps/_Cs/textures/sign;Resources/Battle/StaticMaps/_Cs/textures/trees;Resources/Battle/StaticMaps/_Cs/textures/wall;Resources/Battle/StaticMaps/_Cs/textures/wood
C	Battle-StaticMaps-CsMpWorkshop	Resources/Battle/StaticMaps/CsMpWorkshop	9951176	ceebadff6b37af4f338076fa66c29d85	Resources/Battle/StaticMaps/_Cs/textures/briks;Resources/Battle/StaticMaps/_Cs/textures/crete;Resources/Battle/StaticMaps/_Cs/textures/door;Resources/Battle/StaticMaps/_Cs/textures/floor;Resources/Battle/StaticMaps/_Cs/textures/fx;Resources/Battle/StaticMaps/_Cs/textures/glas;Resources/Battle/StaticMaps/_Cs/textures/glass;Resources/Battle/StaticMaps/_Cs/textures/grnd;Resources/Battle/StaticMaps/_Cs/textures/mtl;Resources/Battle/StaticMaps/_Cs/textures/prop;Resources/Battle/StaticMaps/_Cs/textures/roof;Resources/Battle/StaticMaps/_Cs/textures/tile;Resources/Battle/StaticMaps/_Cs/textures/trees;Resources/Battle/StaticMaps/_Cs/textures/veh;Resources/Battle/StaticMaps/_Cs/textures/wall;Resources/Battle/StaticMaps/_Cs/textures/wind;Resources/Battle/StaticMaps/_Cs/textures/wood
C	Battle-StaticMaps-CsYantar	Resources/Battle/StaticMaps/CsYantar	21117440	5a252d887038fe0ff7e4d174f3c21363	Resources/Battle/StaticMaps/_Cs/textures/act;Resources/Battle/StaticMaps/_Cs/textures/briks;Resources/Battle/StaticMaps/_Cs/textures/crete;Resources/Battle/StaticMaps/_Cs/textures/door;Resources/Battle/StaticMaps/_Cs/textures/floor;Resources/Battle/StaticMaps/_Cs/textures/fx;Resources/Battle/StaticMaps/_Cs/textures/glas;Resources/Battle/StaticMaps/_Cs/textures/glass;Resources/Battle/StaticMaps/_Cs/textures/grnd;Resources/Battle/StaticMaps/_Cs/textures/item;Resources/Battle/StaticMaps/_Cs/textures/mtl;Resources/Battle/StaticMaps/_Cs/textures/prop;Resources/Battle/StaticMaps/_Cs/textures/roof;Resources/Battle/StaticMaps/_Cs/textures/tile;Resources/Battle/StaticMaps/_Cs/textures/trees;Resources/Battle/StaticMaps/_Cs/textures/veh;Resources/Battle/StaticMaps/_Cs/textures/wall;Resources/Battle/StaticMaps/_Cs/textures/water;Resources/Battle/StaticMaps/_Cs/textures/wind;Resources/Battle/StaticMaps/_Cs/textures/wood
C	Battle-StaticMaps-Pripyat-_files	Resources/Battle/StaticMaps/Pripyat	110092	a08e0ae29484ce366ad64b909a605f7a	Resources/Battle/StaticMaps/Pripyat/meshes;Resources/Battle/StaticMaps/Pripyat/textures;Resources/Battle/StaticMaps/Pripyat/textures/act;Resources/Battle/StaticMaps/Pripyat/textures/crete;Resources/Battle/StaticMaps/Pripyat/textures/door;Resources/Battle/StaticMaps/Pripyat/textures/fbr;Resources/Battle/StaticMaps/Pripyat/textures/fx;Resources/Battle/StaticMaps/Pripyat/textures/glas;Resources/Battle/StaticMaps/Pripyat/textures/grnd;Resources/Battle/StaticMaps/Pripyat/textures/item;Resources/Battle/StaticMaps/Pripyat/textures/mtl;Resources/Battle/StaticMaps/Pripyat/textures/prop;Resources/Battle/StaticMaps/Pripyat/textures/sign;Resources/Battle/StaticMaps/Pripyat/textures/ston;Resources/Battle/StaticMaps/Pripyat/textures/terrain;Resources/Battle/StaticMaps/Pripyat/textures/trees;Resources/Battle/StaticMaps/Pripyat/textures/veh;Resources/Battle/StaticMaps/Pripyat/textures/wind;Resources/Battle/StaticMaps/Pripyat/textures/wood
C	Battle-StaticMaps-Pripyat-meshes	Resources/Battle/StaticMaps/Pripyat/meshes	24963656	bb4b9d44e80da79f281bfd04d14b7fbc	
C	Battle-StaticMaps-Pripyat-meshes-p2	Resources/Battle/StaticMaps/Pripyat/meshes	8292932	dc80b5dbd24e2ead21e769a4ed1bf050	
C	Battle-StaticMaps-Pripyat-textures-_files	Resources/Battle/StaticMaps/Pripyat/textures	268560	1e4f60c1677839d00e215d93f9e43db9	
C	Battle-StaticMaps-Pripyat-textures-act	Resources/Battle/StaticMaps/Pripyat/textures/act	1247056	127bdc757b969f66ce3426f0a45508e3	
C	Battle-StaticMaps-Pripyat-textures-crete	Resources/Battle/StaticMaps/Pripyat/textures/crete	8635732	51dce390d59a1ff45d1a88cc8165609f	
C	Battle-StaticMaps-Pripyat-textures-door	Resources/Battle/StaticMaps/Pripyat/textures/door	1139564	16c0d926c2ac08efbef5c42a09e398d2	
C	Battle-StaticMaps-Pripyat-textures-fbr	Resources/Battle/StaticMaps/Pripyat/textures/fbr	175292	5cf82c34606ae6ac501ebee29ca5be5a	
C	Battle-StaticMaps-Pripyat-textures-fx	Resources/Battle/StaticMaps/Pripyat/textures/fx	44216	818e99c39e1b93897e24547b1d5ea788	
C	Battle-StaticMaps-Pripyat-textures-glas	Resources/Battle/StaticMaps/Pripyat/textures/glas	87912	4352088cd5f0b2bef3e6f071ae4467c7	
C	Battle-StaticMaps-Pripyat-textures-grnd	Resources/Battle/StaticMaps/Pripyat/textures/grnd	743604	0fdde220862940fae838b091cdc601c6	
C	Battle-StaticMaps-Pripyat-textures-item	Resources/Battle/StaticMaps/Pripyat/textures/item	22380	18450d05e274e4bafca4ab768f924ed7	
C	Battle-StaticMaps-Pripyat-textures-mtl	Resources/Battle/StaticMaps/Pripyat/textures/mtl	6584028	b933216dc0636831e8d3da78a34959fd	
C	Battle-StaticMaps-Pripyat-textures-prop	Resources/Battle/StaticMaps/Pripyat/textures/prop	9252880	6ede4fb882d260f953e1333f409ade09	
C	Battle-StaticMaps-Pripyat-textures-sign	Resources/Battle/StaticMaps/Pripyat/textures/sign	87916	5d1b0a63e0f5f4c26f4c5e67495af4ea	
C	Battle-StaticMaps-Pripyat-textures-ston	Resources/Battle/StaticMaps/Pripyat/textures/ston	9028724	9dd4465b288004be9a99d51c3446eb3d	
C	Battle-StaticMaps-Pripyat-textures-terrain	Resources/Battle/StaticMaps/Pripyat/textures/terrain	2097664	a1ce1f778bbb30ca862d507f48b02159	
C	Battle-StaticMaps-Pripyat-textures-trees	Resources/Battle/StaticMaps/Pripyat/textures/trees	350096	3315c0adf237cf70322e5b5beec2e07a	
C	Battle-StaticMaps-Pripyat-textures-veh	Resources/Battle/StaticMaps/Pripyat/textures/veh	1442992	7c25e078ad5564c6ca192a026768fbb8	
C	Battle-StaticMaps-Pripyat-textures-wind	Resources/Battle/StaticMaps/Pripyat/textures/wind	1139880	f31c4ae28dfa35e21fffe4d94349f197	
C	Battle-StaticMaps-Pripyat-textures-wood	Resources/Battle/StaticMaps/Pripyat/textures/wood	2463288	e3e5a8d16e3d6d628910bef1f6398fa7	
C	Battle-StaticMaps-SocAgroUnderground	Resources/Battle/StaticMaps/SocAgroUnderground	18658048	6876e94776c223e23d636befe005d527	Resources/Battle/StaticMaps/_Soc/textures/act;Resources/Battle/StaticMaps/_Soc/textures/crete;Resources/Battle/StaticMaps/_Soc/textures/door;Resources/Battle/StaticMaps/_Soc/textures/grnd;Resources/Battle/StaticMaps/_Soc/textures/mtl;Resources/Battle/StaticMaps/_Soc/textures/prop;Resources/Battle/StaticMaps/_Soc/textures/ston;Resources/Battle/StaticMaps/_Soc/textures/wood
C	Battle-StaticMaps-SocBar	Resources/Battle/StaticMaps/SocBar	23139900	cd1803b93951193c6e3ea18240befa44	Resources/Battle/StaticMaps/_Soc/textures/act;Resources/Battle/StaticMaps/_Soc/textures/crete;Resources/Battle/StaticMaps/_Soc/textures/door;Resources/Battle/StaticMaps/_Soc/textures/fbr;Resources/Battle/StaticMaps/_Soc/textures/fx;Resources/Battle/StaticMaps/_Soc/textures/glas;Resources/Battle/StaticMaps/_Soc/textures/grnd;Resources/Battle/StaticMaps/_Soc/textures/mtl;Resources/Battle/StaticMaps/_Soc/textures/prop;Resources/Battle/StaticMaps/_Soc/textures/sign;Resources/Battle/StaticMaps/_Soc/textures/ston;Resources/Battle/StaticMaps/_Soc/textures/terrain;Resources/Battle/StaticMaps/_Soc/textures/veh;Resources/Battle/StaticMaps/_Soc/textures/wind;Resources/Battle/StaticMaps/_Soc/textures/wm;Resources/Battle/StaticMaps/_Soc/textures/wood
C	Battle-StaticMaps-SocCnpp2-_files	Resources/Battle/StaticMaps/SocCnpp2	102832	ee0e9072288f18ead91b76b417dc3e36	Resources/Battle/StaticMaps/SocCnpp2/meshes;Resources/Battle/StaticMaps/SocCnpp2/textures;Resources/Battle/StaticMaps/_Soc/textures/act;Resources/Battle/StaticMaps/_Soc/textures/crete;Resources/Battle/StaticMaps/_Soc/textures/door;Resources/Battle/StaticMaps/_Soc/textures/fx;Resources/Battle/StaticMaps/_Soc/textures/glas;Resources/Battle/StaticMaps/_Soc/textures/grnd;Resources/Battle/StaticMaps/_Soc/textures/mtl;Resources/Battle/StaticMaps/_Soc/textures/prop;Resources/Battle/StaticMaps/_Soc/textures/ston;Resources/Battle/StaticMaps/_Soc/textures/terrain;Resources/Battle/StaticMaps/_Soc/textures/veh;Resources/Battle/StaticMaps/_Soc/textures/wind;Resources/Battle/StaticMaps/_Soc/textures/wood
C	Battle-StaticMaps-SocCnpp2-meshes	Resources/Battle/StaticMaps/SocCnpp2/meshes	23904224	08954faca5f64e23c171c238c7a4abfe	
C	Battle-StaticMaps-SocCnpp2-meshes-p2	Resources/Battle/StaticMaps/SocCnpp2/meshes	23071092	a4c91fe67780743f08775d87f47c51b9	
C	Battle-StaticMaps-SocCnpp2-meshes-p3	Resources/Battle/StaticMaps/SocCnpp2/meshes	7293824	10f87f5c8cc186fa5141913a0dc03a47	
C	Battle-StaticMaps-SocCnpp2-textures	Resources/Battle/StaticMaps/SocCnpp2/textures	268560	1b86be4b281cf1ca39ceee5e8fde48c8	
C	Battle-StaticMaps-SocDarkValley	Resources/Battle/StaticMaps/SocDarkValley	23391628	b9f960c0c762f91da231d0554e4f103b	Resources/Battle/StaticMaps/_Soc/textures/act;Resources/Battle/StaticMaps/_Soc/textures/crete;Resources/Battle/StaticMaps/_Soc/textures/door;Resources/Battle/StaticMaps/_Soc/textures/fx;Resources/Battle/StaticMaps/_Soc/textures/glas;Resources/Battle/StaticMaps/_Soc/textures/grnd;Resources/Battle/StaticMaps/_Soc/textures/mtl;Resources/Battle/StaticMaps/_Soc/textures/prop;Resources/Battle/StaticMaps/_Soc/textures/sign;Resources/Battle/StaticMaps/_Soc/textures/ston;Resources/Battle/StaticMaps/_Soc/textures/terrain;Resources/Battle/StaticMaps/_Soc/textures/trees;Resources/Battle/StaticMaps/_Soc/textures/veh;Resources/Battle/StaticMaps/_Soc/textures/water;Resources/Battle/StaticMaps/_Soc/textures/wind;Resources/Battle/StaticMaps/_Soc/textures/wood
C	Battle-StaticMaps-SocEscape	Resources/Battle/StaticMaps/SocEscape	23578076	8485b86aeffaf8877c24f8130c24a17d	Resources/Battle/StaticMaps/_Soc/textures/act;Resources/Battle/StaticMaps/_Soc/textures/corp;Resources/Battle/StaticMaps/_Soc/textures/crete;Resources/Battle/StaticMaps/_Soc/textures/door;Resources/Battle/StaticMaps/_Soc/textures/fx;Resources/Battle/StaticMaps/_Soc/textures/glas;Resources/Battle/StaticMaps/_Soc/textures/grnd;Resources/Battle/StaticMaps/_Soc/textures/item;Resources/Battle/StaticMaps/_Soc/textures/mtl;Resources/Battle/StaticMaps/_Soc/textures/prop;Resources/Battle/StaticMaps/_Soc/textures/sign;Resources/Battle/StaticMaps/_Soc/textures/ston;Resources/Battle/StaticMaps/_Soc/textures/terrain;Resources/Battle/StaticMaps/_Soc/textures/trees;Resources/Battle/StaticMaps/_Soc/textures/veh;Resources/Battle/StaticMaps/_Soc/textures/wood
C	Battle-StaticMaps-SocGarbage	Resources/Battle/StaticMaps/SocGarbage	19247648	156cec13b12d5aa06aa9659e4403c72b	Resources/Battle/StaticMaps/_Soc/textures/act;Resources/Battle/StaticMaps/_Soc/textures/crete;Resources/Battle/StaticMaps/_Soc/textures/fx;Resources/Battle/StaticMaps/_Soc/textures/glas;Resources/Battle/StaticMaps/_Soc/textures/grnd;Resources/Battle/StaticMaps/_Soc/textures/mtl;Resources/Battle/StaticMaps/_Soc/textures/prop;Resources/Battle/StaticMaps/_Soc/textures/sign;Resources/Battle/StaticMaps/_Soc/textures/ston;Resources/Battle/StaticMaps/_Soc/textures/terrain;Resources/Battle/StaticMaps/_Soc/textures/trees;Resources/Battle/StaticMaps/_Soc/textures/veh;Resources/Battle/StaticMaps/_Soc/textures/water;Resources/Battle/StaticMaps/_Soc/textures/wind;Resources/Battle/StaticMaps/_Soc/textures/wood
C	Battle-StaticMaps-SocLabX10	Resources/Battle/StaticMaps/SocLabX10	24796108	1a41c6179283f1f78e11404753fc19f1	Resources/Battle/StaticMaps/_Soc/textures/crete;Resources/Battle/StaticMaps/_Soc/textures/door;Resources/Battle/StaticMaps/_Soc/textures/fx;Resources/Battle/StaticMaps/_Soc/textures/glas;Resources/Battle/StaticMaps/_Soc/textures/grnd;Resources/Battle/StaticMaps/_Soc/textures/mtl;Resources/Battle/StaticMaps/_Soc/textures/pfx;Resources/Battle/StaticMaps/_Soc/textures/prop;Resources/Battle/StaticMaps/_Soc/textures/ston;Resources/Battle/StaticMaps/_Soc/textures/water;Resources/Battle/StaticMaps/_Soc/textures/wood
C	Battle-StaticMaps-SocLabX16	Resources/Battle/StaticMaps/SocLabX16	13444780	9fec3c17ff63e02e926dfbddadcba74d	Resources/Battle/StaticMaps/_Soc/textures/act;Resources/Battle/StaticMaps/_Soc/textures/crete;Resources/Battle/StaticMaps/_Soc/textures/door;Resources/Battle/StaticMaps/_Soc/textures/fx;Resources/Battle/StaticMaps/_Soc/textures/grnd;Resources/Battle/StaticMaps/_Soc/textures/mtl;Resources/Battle/StaticMaps/_Soc/textures/pfx;Resources/Battle/StaticMaps/_Soc/textures/prop;Resources/Battle/StaticMaps/_Soc/textures/sign;Resources/Battle/StaticMaps/_Soc/textures/ston;Resources/Battle/StaticMaps/_Soc/textures/water;Resources/Battle/StaticMaps/_Soc/textures/wood
C	Battle-StaticMaps-SocLabX18	Resources/Battle/StaticMaps/SocLabX18	17310572	65095a3d2f250c90ac944f07dbb641eb	Resources/Battle/StaticMaps/_Soc/textures/act;Resources/Battle/StaticMaps/_Soc/textures/corp;Resources/Battle/StaticMaps/_Soc/textures/crete;Resources/Battle/StaticMaps/_Soc/textures/door;Resources/Battle/StaticMaps/_Soc/textures/glas;Resources/Battle/StaticMaps/_Soc/textures/grnd;Resources/Battle/StaticMaps/_Soc/textures/mtl;Resources/Battle/StaticMaps/_Soc/textures/prop;Resources/Battle/StaticMaps/_Soc/textures/sign;Resources/Battle/StaticMaps/_Soc/textures/ston;Resources/Battle/StaticMaps/_Soc/textures/wood
C	Battle-StaticMaps-SocMilitary-_files	Resources/Battle/StaticMaps/SocMilitary	119428	9431637bc4368782afd5e4e96a59c6a9	Resources/Battle/StaticMaps/SocMilitary/meshes;Resources/Battle/StaticMaps/SocMilitary/textures;Resources/Battle/StaticMaps/_Soc/textures/act;Resources/Battle/StaticMaps/_Soc/textures/crete;Resources/Battle/StaticMaps/_Soc/textures/door;Resources/Battle/StaticMaps/_Soc/textures/fbr;Resources/Battle/StaticMaps/_Soc/textures/fx;Resources/Battle/StaticMaps/_Soc/textures/grnd;Resources/Battle/StaticMaps/_Soc/textures/mtl;Resources/Battle/StaticMaps/_Soc/textures/prop;Resources/Battle/StaticMaps/_Soc/textures/sign;Resources/Battle/StaticMaps/_Soc/textures/ston;Resources/Battle/StaticMaps/_Soc/textures/terrain;Resources/Battle/StaticMaps/_Soc/textures/trees;Resources/Battle/StaticMaps/_Soc/textures/veh;Resources/Battle/StaticMaps/_Soc/textures/water;Resources/Battle/StaticMaps/_Soc/textures/wind;Resources/Battle/StaticMaps/_Soc/textures/wm;Resources/Battle/StaticMaps/_Soc/textures/wood
C	Battle-StaticMaps-SocMilitary-meshes	Resources/Battle/StaticMaps/SocMilitary/meshes	24917444	c56b511111df2887522a7e1a0e22f96e	
C	Battle-StaticMaps-SocMilitary-meshes-p2	Resources/Battle/StaticMaps/SocMilitary/meshes	8323492	91f56c99af08882a9bdbe143e2ecd09e	
C	Battle-StaticMaps-SocMilitary-textures	Resources/Battle/StaticMaps/SocMilitary/textures	268564	c4d0203a6f9958ca0ea378a2bb917954	
C	Battle-StaticMaps-SocMonolithControl	Resources/Battle/StaticMaps/SocMonolithControl	12123376	72b6bcc1dcfe959f98077a4595233580	Resources/Battle/StaticMaps/_Soc/textures/crete;Resources/Battle/StaticMaps/_Soc/textures/door;Resources/Battle/StaticMaps/_Soc/textures/grnd;Resources/Battle/StaticMaps/_Soc/textures/mtl;Resources/Battle/StaticMaps/_Soc/textures/prop;Resources/Battle/StaticMaps/_Soc/textures/ston;Resources/Battle/StaticMaps/_Soc/textures/wpn
C	Battle-StaticMaps-SocMpAgroprom	Resources/Battle/StaticMaps/SocMpAgroprom	8604124	22a511f4cb9b11d685e888ac3b2a6efa	Resources/Battle/StaticMaps/_Soc/textures/crete;Resources/Battle/StaticMaps/_Soc/textures/door;Resources/Battle/StaticMaps/_Soc/textures/grnd;Resources/Battle/StaticMaps/_Soc/textures/mtl;Resources/Battle/StaticMaps/_Soc/textures/prop;Resources/Battle/StaticMaps/_Soc/textures/sign;Resources/Battle/StaticMaps/_Soc/textures/ston;Resources/Battle/StaticMaps/_Soc/textures/terrain;Resources/Battle/StaticMaps/_Soc/textures/veh;Resources/Battle/StaticMaps/_Soc/textures/wood
C	Battle-StaticMaps-SocMpAtp	Resources/Battle/StaticMaps/SocMpAtp	6552828	d6a66dfa6baac4f523906575558ca6b7	Resources/Battle/StaticMaps/_Soc/textures/crete;Resources/Battle/StaticMaps/_Soc/textures/door;Resources/Battle/StaticMaps/_Soc/textures/fx;Resources/Battle/StaticMaps/_Soc/textures/grnd;Resources/Battle/StaticMaps/_Soc/textures/mtl;Resources/Battle/StaticMaps/_Soc/textures/prop;Resources/Battle/StaticMaps/_Soc/textures/ston;Resources/Battle/StaticMaps/_Soc/textures/terrain;Resources/Battle/StaticMaps/_Soc/textures/trees;Resources/Battle/StaticMaps/_Soc/textures/veh;Resources/Battle/StaticMaps/_Soc/textures/wood
C	Battle-StaticMaps-SocMpBath	Resources/Battle/StaticMaps/SocMpBath	9383244	41a616051e2c30d88ad79544128e70f6	Resources/Battle/StaticMaps/_Soc/textures/crete;Resources/Battle/StaticMaps/_Soc/textures/door;Resources/Battle/StaticMaps/_Soc/textures/glas;Resources/Battle/StaticMaps/_Soc/textures/grnd;Resources/Battle/StaticMaps/_Soc/textures/mtl;Resources/Battle/StaticMaps/_Soc/textures/prop;Resources/Battle/StaticMaps/_Soc/textures/ston;Resources/Battle/StaticMaps/_Soc/textures/terrain;Resources/Battle/StaticMaps/_Soc/textures/trees;Resources/Battle/StaticMaps/_Soc/textures/veh;Resources/Battle/StaticMaps/_Soc/textures/wood
C	Battle-StaticMaps-SocMpDarkValley	Resources/Battle/StaticMaps/SocMpDarkValley	6101140	6ac0963c6d33c9dff443d7c5b87b7149	Resources/Battle/StaticMaps/_Soc/textures/crete;Resources/Battle/StaticMaps/_Soc/textures/door;Resources/Battle/StaticMaps/_Soc/textures/fx;Resources/Battle/StaticMaps/_Soc/textures/grnd;Resources/Battle/StaticMaps/_Soc/textures/mtl;Resources/Battle/StaticMaps/_Soc/textures/prop;Resources/Battle/StaticMaps/_Soc/textures/ston;Resources/Battle/StaticMaps/_Soc/textures/terrain;Resources/Battle/StaticMaps/_Soc/textures/trees;Resources/Battle/StaticMaps/_Soc/textures/veh;Resources/Battle/StaticMaps/_Soc/textures/wood
C	Battle-StaticMaps-SocMpFactory	Resources/Battle/StaticMaps/SocMpFactory	8953832	88ddb6957b970f814af7742548fe84ed	Resources/Battle/StaticMaps/_Soc/textures/crete;Resources/Battle/StaticMaps/_Soc/textures/det;Resources/Battle/StaticMaps/_Soc/textures/door;Resources/Battle/StaticMaps/_Soc/textures/fx;Resources/Battle/StaticMaps/_Soc/textures/grnd;Resources/Battle/StaticMaps/_Soc/textures/mtl;Resources/Battle/StaticMaps/_Soc/textures/prop;Resources/Battle/StaticMaps/_Soc/textures/ston;Resources/Battle/StaticMaps/_Soc/textures/terrain;Resources/Battle/StaticMaps/_Soc/textures/wind;Resources/Battle/StaticMaps/_Soc/textures/wood
C	Battle-StaticMaps-SocMpLostVillage	Resources/Battle/StaticMaps/SocMpLostVillage	10112860	a20842fc3467ccc106418b487b49cd16	Resources/Battle/StaticMaps/_Soc/textures/crete;Resources/Battle/StaticMaps/_Soc/textures/door;Resources/Battle/StaticMaps/_Soc/textures/fx;Resources/Battle/StaticMaps/_Soc/textures/glas;Resources/Battle/StaticMaps/_Soc/textures/grnd;Resources/Battle/StaticMaps/_Soc/textures/mtl;Resources/Battle/StaticMaps/_Soc/textures/prop;Resources/Battle/StaticMaps/_Soc/textures/sign;Resources/Battle/StaticMaps/_Soc/textures/ston;Resources/Battle/StaticMaps/_Soc/textures/terrain;Resources/Battle/StaticMaps/_Soc/textures/trees;Resources/Battle/StaticMaps/_Soc/textures/water;Resources/Battle/StaticMaps/_Soc/textures/wood
C	Battle-StaticMaps-SocMpMilitary1	Resources/Battle/StaticMaps/SocMpMilitary1	11810688	3fe1d2e723185e9b69907713c22ee628	Resources/Battle/StaticMaps/_Soc/textures/crete;Resources/Battle/StaticMaps/_Soc/textures/door;Resources/Battle/StaticMaps/_Soc/textures/fx;Resources/Battle/StaticMaps/_Soc/textures/glas;Resources/Battle/StaticMaps/_Soc/textures/mtl;Resources/Battle/StaticMaps/_Soc/textures/prop;Resources/Battle/StaticMaps/_Soc/textures/ston;Resources/Battle/StaticMaps/_Soc/textures/terrain;Resources/Battle/StaticMaps/_Soc/textures/veh;Resources/Battle/StaticMaps/_Soc/textures/wind;Resources/Battle/StaticMaps/_Soc/textures/wood
C	Battle-StaticMaps-SocMpMilitary2	Resources/Battle/StaticMaps/SocMpMilitary2	8506020	03a7610af9afe4b9690601eedfc353d3	Resources/Battle/StaticMaps/_Soc/textures/corp;Resources/Battle/StaticMaps/_Soc/textures/crete;Resources/Battle/StaticMaps/_Soc/textures/door;Resources/Battle/StaticMaps/_Soc/textures/fx;Resources/Battle/StaticMaps/_Soc/textures/grnd;Resources/Battle/StaticMaps/_Soc/textures/mtl;Resources/Battle/StaticMaps/_Soc/textures/prop;Resources/Battle/StaticMaps/_Soc/textures/ston;Resources/Battle/StaticMaps/_Soc/textures/terrain;Resources/Battle/StaticMaps/_Soc/textures/trees;Resources/Battle/StaticMaps/_Soc/textures/veh;Resources/Battle/StaticMaps/_Soc/textures/water;Resources/Battle/StaticMaps/_Soc/textures/wind;Resources/Battle/StaticMaps/_Soc/textures/wood
C	Battle-StaticMaps-SocMpPool	Resources/Battle/StaticMaps/SocMpPool	2263052	5fd74577715e5523c31e451d6ab328d2	Resources/Battle/StaticMaps/_Soc/textures/crete;Resources/Battle/StaticMaps/_Soc/textures/door;Resources/Battle/StaticMaps/_Soc/textures/fx;Resources/Battle/StaticMaps/_Soc/textures/grnd;Resources/Battle/StaticMaps/_Soc/textures/mtl;Resources/Battle/StaticMaps/_Soc/textures/prop;Resources/Battle/StaticMaps/_Soc/textures/ston;Resources/Battle/StaticMaps/_Soc/textures/water;Resources/Battle/StaticMaps/_Soc/textures/wind;Resources/Battle/StaticMaps/_Soc/textures/wood
C	Battle-StaticMaps-SocMpRailroad	Resources/Battle/StaticMaps/SocMpRailroad	20400504	3b7293cff17b95463143c18e5509e10c	Resources/Battle/StaticMaps/_Soc/textures/crete;Resources/Battle/StaticMaps/_Soc/textures/door;Resources/Battle/StaticMaps/_Soc/textures/fbr;Resources/Battle/StaticMaps/_Soc/textures/fx;Resources/Battle/StaticMaps/_Soc/textures/glas;Resources/Battle/StaticMaps/_Soc/textures/grnd;Resources/Battle/StaticMaps/_Soc/textures/mtl;Resources/Battle/StaticMaps/_Soc/textures/prop;Resources/Battle/StaticMaps/_Soc/textures/ston;Resources/Battle/StaticMaps/_Soc/textures/terrain;Resources/Battle/StaticMaps/_Soc/textures/veh;Resources/Battle/StaticMaps/_Soc/textures/wind;Resources/Battle/StaticMaps/_Soc/textures/wood
C	Battle-StaticMaps-SocMpRostok	Resources/Battle/StaticMaps/SocMpRostok	18075556	3ade24204a107bcbcc5aa357fbc4eaef	Resources/Battle/StaticMaps/_Soc/textures/crete;Resources/Battle/StaticMaps/_Soc/textures/door;Resources/Battle/StaticMaps/_Soc/textures/fx;Resources/Battle/StaticMaps/_Soc/textures/glas;Resources/Battle/StaticMaps/_Soc/textures/grnd;Resources/Battle/StaticMaps/_Soc/textures/mtl;Resources/Battle/StaticMaps/_Soc/textures/prop;Resources/Battle/StaticMaps/_Soc/textures/ston;Resources/Battle/StaticMaps/_Soc/textures/terrain;Resources/Battle/StaticMaps/_Soc/textures/trees;Resources/Battle/StaticMaps/_Soc/textures/veh;Resources/Battle/StaticMaps/_Soc/textures/water;Resources/Battle/StaticMaps/_Soc/textures/wind;Resources/Battle/StaticMaps/_Soc/textures/wood
C	Battle-StaticMaps-SocMpWorkshop	Resources/Battle/StaticMaps/SocMpWorkshop	10484480	c8f952037fb57d6875c4dd84c16fe824	Resources/Battle/StaticMaps/_Soc/textures/crete;Resources/Battle/StaticMaps/_Soc/textures/door;Resources/Battle/StaticMaps/_Soc/textures/glas;Resources/Battle/StaticMaps/_Soc/textures/grnd;Resources/Battle/StaticMaps/_Soc/textures/mtl;Resources/Battle/StaticMaps/_Soc/textures/prop;Resources/Battle/StaticMaps/_Soc/textures/ston;Resources/Battle/StaticMaps/_Soc/textures/terrain;Resources/Battle/StaticMaps/_Soc/textures/trees;Resources/Battle/StaticMaps/_Soc/textures/veh;Resources/Battle/StaticMaps/_Soc/textures/wind;Resources/Battle/StaticMaps/_Soc/textures/wood
C	Battle-StaticMaps-SocRadar	Resources/Battle/StaticMaps/SocRadar	23549916	b23dccd96c0f21d5795417447d2163a8	Resources/Battle/StaticMaps/_Soc/textures/act;Resources/Battle/StaticMaps/_Soc/textures/crete;Resources/Battle/StaticMaps/_Soc/textures/door;Resources/Battle/StaticMaps/_Soc/textures/fbr;Resources/Battle/StaticMaps/_Soc/textures/fx;Resources/Battle/StaticMaps/_Soc/textures/glas;Resources/Battle/StaticMaps/_Soc/textures/grnd;Resources/Battle/StaticMaps/_Soc/textures/mtl;Resources/Battle/StaticMaps/_Soc/textures/prop;Resources/Battle/StaticMaps/_Soc/textures/sign;Resources/Battle/StaticMaps/_Soc/textures/ston;Resources/Battle/StaticMaps/_Soc/textures/terrain;Resources/Battle/StaticMaps/_Soc/textures/trees;Resources/Battle/StaticMaps/_Soc/textures/veh;Resources/Battle/StaticMaps/_Soc/textures/wood
C	Battle-StaticMaps-SocRostok	Resources/Battle/StaticMaps/SocRostok	19899996	afe1a604dd839f7ade0b2997e2aabf5a	Resources/Battle/StaticMaps/_Soc/textures/act;Resources/Battle/StaticMaps/_Soc/textures/crete;Resources/Battle/StaticMaps/_Soc/textures/door;Resources/Battle/StaticMaps/_Soc/textures/fbr;Resources/Battle/StaticMaps/_Soc/textures/fx;Resources/Battle/StaticMaps/_Soc/textures/glas;Resources/Battle/StaticMaps/_Soc/textures/grnd;Resources/Battle/StaticMaps/_Soc/textures/mtl;Resources/Battle/StaticMaps/_Soc/textures/prop;Resources/Battle/StaticMaps/_Soc/textures/sign;Resources/Battle/StaticMaps/_Soc/textures/ston;Resources/Battle/StaticMaps/_Soc/textures/terrain;Resources/Battle/StaticMaps/_Soc/textures/trees;Resources/Battle/StaticMaps/_Soc/textures/veh;Resources/Battle/StaticMaps/_Soc/textures/wind;Resources/Battle/StaticMaps/_Soc/textures/wood
C	Battle-StaticMaps-SocSarcophagus-_files	Resources/Battle/StaticMaps/SocSarcophagus	51388	305047d8e1d6ae87db5db18817b10f6a	Resources/Battle/StaticMaps/SocSarcophagus/meshes;Resources/Battle/StaticMaps/_Soc/textures/crete;Resources/Battle/StaticMaps/_Soc/textures/door;Resources/Battle/StaticMaps/_Soc/textures/fx;Resources/Battle/StaticMaps/_Soc/textures/grnd;Resources/Battle/StaticMaps/_Soc/textures/mtl;Resources/Battle/StaticMaps/_Soc/textures/prop;Resources/Battle/StaticMaps/_Soc/textures/ston;Resources/Battle/StaticMaps/_Soc/textures/wood
C	Battle-StaticMaps-SocSarcophagus-meshes	Resources/Battle/StaticMaps/SocSarcophagus/meshes	24546620	d1f4aec6b772416cbf99cf9d021b093c	
C	Battle-StaticMaps-SocSarcophagus-meshes-p2	Resources/Battle/StaticMaps/SocSarcophagus/meshes	2720592	cee94bf405b6eda57087a334337b4df4	
C	Battle-StaticMaps-SocSarcophagus-textures	Resources/Battle/StaticMaps/SocSarcophagus/textures	268564	0cd7a85536f5803659a969ba833b16ed	
C	Battle-StaticMaps-SocYantar	Resources/Battle/StaticMaps/SocYantar	22608556	f265abc8bdd3345585b6334af6da2af1	Resources/Battle/StaticMaps/_Soc/textures/act;Resources/Battle/StaticMaps/_Soc/textures/corp;Resources/Battle/StaticMaps/_Soc/textures/crete;Resources/Battle/StaticMaps/_Soc/textures/det;Resources/Battle/StaticMaps/_Soc/textures/door;Resources/Battle/StaticMaps/_Soc/textures/flare;Resources/Battle/StaticMaps/_Soc/textures/fx;Resources/Battle/StaticMaps/_Soc/textures/grnd;Resources/Battle/StaticMaps/_Soc/textures/item;Resources/Battle/StaticMaps/_Soc/textures/mtl;Resources/Battle/StaticMaps/_Soc/textures/prop;Resources/Battle/StaticMaps/_Soc/textures/ston;Resources/Battle/StaticMaps/_Soc/textures/terrain;Resources/Battle/StaticMaps/_Soc/textures/trees;Resources/Battle/StaticMaps/_Soc/textures/veh;Resources/Battle/StaticMaps/_Soc/textures/water;Resources/Battle/StaticMaps/_Soc/textures/wind;Resources/Battle/StaticMaps/_Soc/textures/wood
C	Battle-StaticMaps-_Cs-textures-act	Resources/Battle/StaticMaps/_Cs/textures/act	13168076	543b3f19ace504573664b5b693e77142	
C	Battle-StaticMaps-_Cs-textures-briks	Resources/Battle/StaticMaps/_Cs/textures/briks	9267612	2137c5b5f33c1862ef4b4348eb3828e1	
C	Battle-StaticMaps-_Cs-textures-crete	Resources/Battle/StaticMaps/_Cs/textures/crete	23006008	15e253c9a483742e8433169a67ba5239	
C	Battle-StaticMaps-_Cs-textures-door	Resources/Battle/StaticMaps/_Cs/textures/door	4291016	e4134ac1c93a9f53fb757c8fd30c2185	
C	Battle-StaticMaps-_Cs-textures-floor	Resources/Battle/StaticMaps/_Cs/textures/floor	4898964	d1969154563366eb7096036d3aa0355b	
C	Battle-StaticMaps-_Cs-textures-fx	Resources/Battle/StaticMaps/_Cs/textures/fx	133940	92ea4f612eea25970c270537222708b7	
C	Battle-StaticMaps-_Cs-textures-glas	Resources/Battle/StaticMaps/_Cs/textures/glas	219304	20d1b7dfe0db8b15e48ed7562c11778d	
C	Battle-StaticMaps-_Cs-textures-glass	Resources/Battle/StaticMaps/_Cs/textures/glass	350056	2f3ce1fc89e4cd6b6abad11fe493d7d7	
C	Battle-StaticMaps-_Cs-textures-grnd	Resources/Battle/StaticMaps/_Cs/textures/grnd	10841536	63fd9f023e86973eda46e8c1066d87af	
C	Battle-StaticMaps-_Cs-textures-item	Resources/Battle/StaticMaps/_Cs/textures/item	351388	bc148d69686e11c7332a544f0407116c	
C	Battle-StaticMaps-_Cs-textures-mtl	Resources/Battle/StaticMaps/_Cs/textures/mtl	17713268	9ee241f863989055433ca6f3af20196f	
C	Battle-StaticMaps-_Cs-textures-pfx	Resources/Battle/StaticMaps/_Cs/textures/pfx	44232	cbfc5202d88e5de28858993b6764e65d	
C	Battle-StaticMaps-_Cs-textures-prop	Resources/Battle/StaticMaps/_Cs/textures/prop	17615636	0cb4b1df327858b15c8c46d00b67373c	
C	Battle-StaticMaps-_Cs-textures-roof	Resources/Battle/StaticMaps/_Cs/textures/roof	1837900	1adcedfc7269bca7ab780c1a2b1db678	
C	Battle-StaticMaps-_Cs-textures-sign	Resources/Battle/StaticMaps/_Cs/textures/sign	241492	36cf00f2200e9ecbf2b28f816bea774a	
C	Battle-StaticMaps-_Cs-textures-terrain	Resources/Battle/StaticMaps/_Cs/textures/terrain	11712596	158662a535eed1fba1c5488c3a0da59d	
C	Battle-StaticMaps-_Cs-textures-tile	Resources/Battle/StaticMaps/_Cs/textures/tile	4812352	43d74ed43063b8c4c3217bc415c68aed	
C	Battle-StaticMaps-_Cs-textures-trees	Resources/Battle/StaticMaps/_Cs/textures/trees	1007560	deb2123b903ced21486d5a58140cd964	
C	Battle-StaticMaps-_Cs-textures-veh	Resources/Battle/StaticMaps/_Cs/textures/veh	12764188	dd666fb0e4b963dcc467ba9e04ac35c1	
C	Battle-StaticMaps-_Cs-textures-vine	Resources/Battle/StaticMaps/_Cs/textures/vine	5593292	8ed5b4dae838e4e2ea3ddcb3d4867915	
C	Battle-StaticMaps-_Cs-textures-wall	Resources/Battle/StaticMaps/_Cs/textures/wall	11547780	b74f27782805b9eba0445335a61e3b89	
C	Battle-StaticMaps-_Cs-textures-water	Resources/Battle/StaticMaps/_Cs/textures/water	1748496	4ea4cb1277afe9016b7a55125a361165	
C	Battle-StaticMaps-_Cs-textures-wind	Resources/Battle/StaticMaps/_Cs/textures/wind	3041312	ab7efb9f8190ef6d19b3f9b047eff4c6	
C	Battle-StaticMaps-_Cs-textures-wood	Resources/Battle/StaticMaps/_Cs/textures/wood	9424872	9a0e8779a477ff0f83dba850c9ce3a20	
C	Battle-StaticMaps-_Soc-textures-act	Resources/Battle/StaticMaps/_Soc/textures/act	5968344	b85ca3a1e38205557ef1464a1a47b7be	
C	Battle-StaticMaps-_Soc-textures-corp	Resources/Battle/StaticMaps/_Soc/textures/corp	810472	a08e94ccf76211e86f486038aaf5f359	
C	Battle-StaticMaps-_Soc-textures-crete	Resources/Battle/StaticMaps/_Soc/textures/crete	15398476	72d27e8cdba0eb06ac1d478201333c12	
C	Battle-StaticMaps-_Soc-textures-det	Resources/Battle/StaticMaps/_Soc/textures/det	87892	f175b73004bd2133ee29fe315b2ac933	
C	Battle-StaticMaps-_Soc-textures-door	Resources/Battle/StaticMaps/_Soc/textures/door	1861412	b787c5e92a632026641e30d8e778ff21	
C	Battle-StaticMaps-_Soc-textures-fbr	Resources/Battle/StaticMaps/_Soc/textures/fbr	175288	d1283470f3e38d0db8c156ae9a29e958	
C	Battle-StaticMaps-_Soc-textures-flare	Resources/Battle/StaticMaps/_Soc/textures/flare	1204	bba230cecf5f47502b3374874a2bcc75	
C	Battle-StaticMaps-_Soc-textures-fx	Resources/Battle/StaticMaps/_Soc/textures/fx	220308	8d22a8dcf1b5fa7022ce9ff5acd2cdaf	
C	Battle-StaticMaps-_Soc-textures-glas	Resources/Battle/StaticMaps/_Soc/textures/glas	549760	89a8bedf935a978ed5c60d72c9bc782e	
C	Battle-StaticMaps-_Soc-textures-grnd	Resources/Battle/StaticMaps/_Soc/textures/grnd	8177452	004eb83d73ff893aaea457bcd92ff7fb	
C	Battle-StaticMaps-_Soc-textures-item	Resources/Battle/StaticMaps/_Soc/textures/item	219316	ec3069caf78b6aba1e977bcab74cd16f	
C	Battle-StaticMaps-_Soc-textures-mtl	Resources/Battle/StaticMaps/_Soc/textures/mtl	18056924	76b28af224e6c60e67b11f4255bf1e0c	
C	Battle-StaticMaps-_Soc-textures-pfx	Resources/Battle/StaticMaps/_Soc/textures/pfx	44236	2a6e33799b1012b35460bbc3ce23ebc0	
C	Battle-StaticMaps-_Soc-textures-prop	Resources/Battle/StaticMaps/_Soc/textures/prop	19022832	110b01ac00564734cb41080b21718127	
C	Battle-StaticMaps-_Soc-textures-sign	Resources/Battle/StaticMaps/_Soc/textures/sign	1083872	21cd28181acc1cd5eade4630147e36a1	
C	Battle-StaticMaps-_Soc-textures-ston	Resources/Battle/StaticMaps/_Soc/textures/ston	25055192	1f305ea6f57d7c63b40edfbe954ccd5a	
C	Battle-StaticMaps-_Soc-textures-ston-p2	Resources/Battle/StaticMaps/_Soc/textures/ston	9913576	f5d0ff990fdaef340eb9a565c1348000	
C	Battle-StaticMaps-_Soc-textures-terrain	Resources/Battle/StaticMaps/_Soc/textures/terrain	24823128	75ee366cf0982a3bf857f416279ed809	
C	Battle-StaticMaps-_Soc-textures-trees	Resources/Battle/StaticMaps/_Soc/textures/trees	1007560	aed4d9e7b86af6f96c54a170a171f8fb	
C	Battle-StaticMaps-_Soc-textures-veh	Resources/Battle/StaticMaps/_Soc/textures/veh	17043508	757c5506c63d75f2312b6158c423efe6	
C	Battle-StaticMaps-_Soc-textures-water	Resources/Battle/StaticMaps/_Soc/textures/water	2208264	d5dcb81a1c24d890f6b57a27a596c6d4	
C	Battle-StaticMaps-_Soc-textures-wind	Resources/Battle/StaticMaps/_Soc/textures/wind	3032108	8ac29db7afbb094d55a397f177237352	
C	Battle-StaticMaps-_Soc-textures-wm	Resources/Battle/StaticMaps/_Soc/textures/wm	438428	bdfb6767013017e768bb5b26fc2e2ce7	
C	Battle-StaticMaps-_Soc-textures-wood	Resources/Battle/StaticMaps/_Soc/textures/wood	8996904	8d1a4279cb06b05c0d09efab24c598dc	
C	Battle-StaticMaps-_Soc-textures-wpn	Resources/Battle/StaticMaps/_Soc/textures/wpn	1398632	24f7f8a4a3e5feebcbf6a3688e3701f3	
C	GameResources-battle	Resources/GameResources/battle	13862368	f574d20449c84a2ebc7325a26d24acdc	
C	GameResources-battle-bonus	Resources/GameResources/battle/bonus	8660	14d5455fa405951ad1d1e9a0365d3329	
C	GameResources-battle-bonusskin-armor	Resources/GameResources/battle/bonusskin/armor	1060708	b841c34cec9860af5ebaadcd7e91a215	
C	GameResources-battle-bonusskin-bounty	Resources/GameResources/battle/bonusskin/bounty	10750960	6d9050f4c1414314ce27338cff453611	
C	GameResources-battle-bonusskin-common	Resources/GameResources/battle/bonusskin/common	11149172	56af65a1867a554d863298a8689872fa	
C	GameResources-battle-bonusskin-damage	Resources/GameResources/battle/bonusskin/damage	1694632	752d40b812d732c34bb1e2df6de5a689	
C	GameResources-battle-bonusskin-gold	Resources/GameResources/battle/bonusskin/gold	8979572	6a1207c8b81dd056414ff1ef9016b2e8	
C	GameResources-battle-bonusskin-repair	Resources/GameResources/battle/bonusskin/repair	1394760	d0224d3ce947afb48efb0ced5a0a58de	
C	GameResources-battle-bonusskin-speed	Resources/GameResources/battle/bonusskin/speed	1568692	6e96d5d98bb17bfe844bb14fa29a364b	
C	GameResources-battle-bonusskin-supergold	Resources/GameResources/battle/bonusskin/supergold	542480	e9cf259332006619b81f8f076376466c	
C	GameResources-battle-dropmark	Resources/GameResources/battle/dropmark	2061852	d938391f6a83f70c579d59595949f135	
C	GameResources-battle-goal	Resources/GameResources/battle/goal	3440940	8812c0965b9fa191eba62d23b60372a9	
C	GameResources-battle-map	Resources/GameResources/battle/map	1110996	4e4fd6788209fcd8461c747b1e45bd73	
C	GameResources-battle-sound	Resources/GameResources/battle/sound	2105976	95dfad311ce7bfacee0b97ae91819252	
C	GameResources-garage-barriers	Resources/GameResources/garage/barriers	89360	ef39a6e260af7c9b665fb15184d6e7b9	
C	GameResources-garage-boosters	Resources/GameResources/garage/boosters	48560	31201c23e58817056924e0b637b034ed	
C	GameResources-garage-colormap-1m_players_2010	Resources/GameResources/garage/colormap/1m_players_2010	52568	41e331cb1af303c28c1c6efc9086e0b8	
C	GameResources-garage-colormap-2m_players_2011	Resources/GameResources/garage/colormap/2m_players_2011	51640	e22ed0d07f539b5782f49817ec03e061	
C	GameResources-garage-colormap-450_nanometers	Resources/GameResources/garage/colormap/450_nanometers	64072	ff504e9fa6a7e127ac646a4c6d703598	
C	GameResources-garage-colormap-Axegao	Resources/GameResources/garage/colormap/Axegao	15189624	4b349a503981ecc401e2beeb48192fde	
C	GameResources-garage-colormap-UFO_color_2	Resources/GameResources/garage/colormap/UFO color 2	233932	c2d6bf9243ef20f91a67d357ff3d4fe4	
C	GameResources-garage-colormap-UFO_event	Resources/GameResources/garage/colormap/UFO event	210636	dd7047eab06d23c1249e9c05c82187d8	
C	GameResources-garage-colormap-abstract_lines	Resources/GameResources/garage/colormap/abstract_lines	55864	385602f299d4b6964dc3ad58eac229cb	
C	GameResources-garage-colormap-acid	Resources/GameResources/garage/colormap/acid	123348	78e4aea37240dd9cef6fcaa64888b0dd	
C	GameResources-garage-colormap-acid2	Resources/GameResources/garage/colormap/acid2	123364	44f186430207b4f3746c1e220dadc56e	
C	GameResources-garage-colormap-active_viewer	Resources/GameResources/garage/colormap/active_viewer	1412480	fd85c29d0d6eb0813947832621847971	
C	GameResources-garage-colormap-adam_and_eve	Resources/GameResources/garage/colormap/adam_and_eve	35156	0160a4a8e070ea7703d78ce9f019fe3a	
C	GameResources-garage-colormap-adam_and_eve_old	Resources/GameResources/garage/colormap/adam_and_eve_old	36412	49837944b61e1912ac283b6e160b6587	
C	GameResources-garage-colormap-adversity	Resources/GameResources/garage/colormap/adversity	1775612	551083581fcfc927631e95f98178dc8c	
C	GameResources-garage-colormap-aero	Resources/GameResources/garage/colormap/aero	140052	325e5812d9105d1fbe8c1d47e6e85d99	
C	GameResources-garage-colormap-africa	Resources/GameResources/garage/colormap/africa	71784	07c6a4f145f0eee5e3603cf8caddb325	
C	GameResources-garage-colormap-afterburner	Resources/GameResources/garage/colormap/afterburner	566032	345d5b26bd47c3e42903641cbe0865d2	
C	GameResources-garage-colormap-algeria	Resources/GameResources/garage/colormap/algeria	528328	16c0591c63acc0f9c4c832ce9eee45ec	
C	GameResources-garage-colormap-alien	Resources/GameResources/garage/colormap/alien	1740212	5f8e5d0973f11bf86021c8f01b7d96a0	
C	GameResources-garage-colormap-alien_abduction	Resources/GameResources/garage/colormap/alien_abduction	1826872	8cf20ce33b1bc84155f0b97d9b8a7b3b	
C	GameResources-garage-colormap-alien_chainmail	Resources/GameResources/garage/colormap/alien_chainmail	65160	49fe524eb106ed847287f7de5e54c7e7	
C	GameResources-garage-colormap-alien_nebula	Resources/GameResources/garage/colormap/alien_nebula	1553484	f584a301fb3057abb59c0ea2f48a3a70	
C	GameResources-garage-colormap-alien_old	Resources/GameResources/garage/colormap/alien_old	196764	97b903fc15d591e4ff72fb5890839d15	
C	GameResources-garage-colormap-alien_regeneration	Resources/GameResources/garage/colormap/alien_regeneration	1206968	91869c260859f0a7e30bc931023d0cab	
C	GameResources-garage-colormap-alien_skin	Resources/GameResources/garage/colormap/alien_skin	1350864	d9e0929c1802937c452ae4a366c79522	
C	GameResources-garage-colormap-all_in	Resources/GameResources/garage/colormap/all_in	287400	bf39a882a644e3c6763f55575fe6625c	
C	GameResources-garage-colormap-all_in_2	Resources/GameResources/garage/colormap/all_in_2	78620	26de437b4642707f420fdd43a4618226	
C	GameResources-garage-colormap-all_the_goodies	Resources/GameResources/garage/colormap/all_the_goodies	39112	5f0e75b8b8f5ac19d3a5ac088b5f2081	
C	GameResources-garage-colormap-all_you_need_is	Resources/GameResources/garage/colormap/all_you_need_is	73016	9acfbb6197823b7ab2e836d2470a19e8	
C	GameResources-garage-colormap-alligator	Resources/GameResources/garage/colormap/alligator	89260	f60e2c2d2448636f825b93de3a030358	
C	GameResources-garage-colormap-alloy	Resources/GameResources/garage/colormap/alloy	1492760	f71a03134f919cc9dc9e1170bc3c9195	
C	GameResources-garage-colormap-amber	Resources/GameResources/garage/colormap/amber	56276	d6d3e794fb39efc8af0a558a15866ed7	
C	GameResources-garage-colormap-amilia	Resources/GameResources/garage/colormap/amilia	119320	4adbf3f7434298b5f4cceba72c758e4d	
C	GameResources-garage-colormap-ancient_dragon	Resources/GameResources/garage/colormap/ancient_dragon	72536	1cdc047c5be0b6f3dd291e99d61d8ae6	
C	GameResources-garage-colormap-and_roll	Resources/GameResources/garage/colormap/and_roll	54508	af1b6848ee40de35aed312fd0a846d1e	
C	GameResources-garage-colormap-angels_and_demons	Resources/GameResources/garage/colormap/angels_and_demons	72044	8bca86d9b097b7bcf10fda988d6015e2	
C	GameResources-garage-colormap-anubis	Resources/GameResources/garage/colormap/anubis	406648	3e17c790fc68aae062186b145ca23fff	
C	GameResources-garage-colormap-apple_company	Resources/GameResources/garage/colormap/apple_company	17396	fee872f5dcc320b57459880be3a3c73a	
C	GameResources-garage-colormap-arab	Resources/GameResources/garage/colormap/arab	95508	c3f4f7d687e5a5c192405b303412f05d	
C	GameResources-garage-colormap-arachnid	Resources/GameResources/garage/colormap/arachnid	40492	1d382190c019ff1ade78c0d4a2e80d35	
C	GameResources-garage-colormap-aramid	Resources/GameResources/garage/colormap/aramid	31336	ac1907965c1b4efe4a372d01495f2627	
C	GameResources-garage-colormap-aramid_old	Resources/GameResources/garage/colormap/aramid_old	222256	213b21b7c388fcb18e3bc0fd52734a7f	
C	GameResources-garage-colormap-araumi	Resources/GameResources/garage/colormap/araumi	2005848	69e0c84de338037bcceec3bb645fe30a	
C	GameResources-garage-colormap-arcade	Resources/GameResources/garage/colormap/arcade	66136	1d748d3a193693636777b706317c7a2e	
C	GameResources-garage-colormap-arcade_citrus	Resources/GameResources/garage/colormap/arcade_citrus	35364	80001e0a1bcfb8806df212ede5225642	
C	GameResources-garage-colormap-arcade_crimson	Resources/GameResources/garage/colormap/arcade_crimson	41816	e3f8cdb09505398b94d3c894c557c806	
C	GameResources-garage-colormap-arcade_lazurite	Resources/GameResources/garage/colormap/arcade_lazurite	40648	f0b50ce1dfdbb3e60078711cc9a4eb52	
C	GameResources-garage-colormap-arcade_plasma	Resources/GameResources/garage/colormap/arcade_plasma	41412	9968c87d56bed1d0d0efc11a6a4ae5ca	
C	GameResources-garage-colormap-area_52	Resources/GameResources/garage/colormap/area_52	46184	66bf33e50e7490558d82d0a628d7e211	
C	GameResources-garage-colormap-argentina	Resources/GameResources/garage/colormap/argentina	499292	7184d7d4dcb6fe2f3f97abab63efd012	
C	GameResources-garage-colormap-armor_blocks	Resources/GameResources/garage/colormap/armor_blocks	88964	8488d0755c1eb24e235bc97c1acd5aa9	
C	GameResources-garage-colormap-atmospheric_conditions	Resources/GameResources/garage/colormap/atmospheric_conditions	1813532	b0343bb1706ff28cdc6e3c7144878dd5	
C	GameResources-garage-colormap-atom	Resources/GameResources/garage/colormap/atom	85252	bb04e12bd33e4cbded94deb985e3d7e0	
C	GameResources-garage-colormap-australia	Resources/GameResources/garage/colormap/australia	536668	fce14ce9bd6139834b9795445695371b	
C	GameResources-garage-colormap-autumn	Resources/GameResources/garage/colormap/autumn	571608	d8998c9f4534d76d1779e75ceeabf184	
C	GameResources-garage-colormap-avant-garde	Resources/GameResources/garage/colormap/avant-garde	63984	09f8757dd17013dfce1d9dc7f5106d94	
C	GameResources-garage-colormap-azure	Resources/GameResources/garage/colormap/azure	221524	ceb5dd8d8acff9b1fea0bce6fad4d2c2	
C	GameResources-garage-colormap-babushka_s_quilt	Resources/GameResources/garage/colormap/babushka's_quilt	54732	4d2c88bc0177f4eec8b30675573dcae2	
C	GameResources-garage-colormap-babushka_s_sofa	Resources/GameResources/garage/colormap/babushka's_sofa	51160	d8156a2ffb9b19534f2bc890ff2e6fec	
C	GameResources-garage-colormap-badger-badger	Resources/GameResources/garage/colormap/badger-badger	2200320	dd732ad60e846be9739b0e330534a5e6	
C	GameResources-garage-colormap-bandits	Resources/GameResources/garage/colormap/bandits	63240	a361e98b6b4383d02360d5dcf0060fe8	
C	GameResources-garage-colormap-barbed_wire	Resources/GameResources/garage/colormap/barbed_wire	227348	2838308bdb86eaddb799d69532a9064d	
C	GameResources-garage-colormap-barber_shop	Resources/GameResources/garage/colormap/barber_shop	58688	54fec7b889a268943d71aa68a143976b	
C	GameResources-garage-colormap-barricade_tape	Resources/GameResources/garage/colormap/barricade_tape	48024	8f82ccbe8cc111276ffed4f08686428f	
C	GameResources-garage-colormap-battleship	Resources/GameResources/garage/colormap/battleship	46848	b6c6a2eceaa0ed4ac697b18db08aefbd	
C	GameResources-garage-colormap-baubles_galore	Resources/GameResources/garage/colormap/baubles_galore	38936	a343e977c556bd5ce6a79736769df918	
C	GameResources-garage-colormap-bbq	Resources/GameResources/garage/colormap/bbq	50144	a9abe0dc3f3e993ceab4fb62d1640c77	
C	GameResources-garage-colormap-beach	Resources/GameResources/garage/colormap/beach	45812	718958c42bde5cf3746d8c2f6cdf657a	
C	GameResources-garage-colormap-bears	Resources/GameResources/garage/colormap/bears	71060	80a11019c4f6b0c0200749e518cc2019	
C	GameResources-garage-colormap-beating_hearts	Resources/GameResources/garage/colormap/beating_hearts	63028	0df20002e5a1e9ff7addb34e3076595e	
C	GameResources-garage-colormap-beholder	Resources/GameResources/garage/colormap/beholder	394984	183d9a5ad6b2a85a2e065665a9b39d74	
C	GameResources-garage-colormap-belgium	Resources/GameResources/garage/colormap/belgium	537272	de13356aea4f776e1d3f188e28b1857e	
C	GameResources-garage-colormap-best_helper_2016	Resources/GameResources/garage/colormap/best_helper_2016	133804	2eb68a553278c10d524f2e1b10fee28f	
C	GameResources-garage-colormap-best_helper_2017	Resources/GameResources/garage/colormap/best_helper_2017	26252	fd104193b032426ec2c77c7270c0f79e	
C	GameResources-garage-colormap-best_helper_2018	Resources/GameResources/garage/colormap/best_helper_2018	231244	85418cdc318fe806f47767388f194201	
C	GameResources-garage-colormap-best_helper_2019	Resources/GameResources/garage/colormap/best_helper_2019	1017824	e88c85961395bfbaed7ad872d43b0075	
C	GameResources-garage-colormap-best_helper_2020	Resources/GameResources/garage/colormap/best_helper_2020	65772	2b35cb4d4cd1838d3ddc8c96dfd8e1c2	
C	GameResources-garage-colormap-best_helper_2021	Resources/GameResources/garage/colormap/best_helper_2021	98220	82a388670dcd60a0515c04c831f7c878	
C	GameResources-garage-colormap-best_helper_2022	Resources/GameResources/garage/colormap/best_helper_2022	91196	ddcc0af85b1742661060323452e37bd9	
C	GameResources-garage-colormap-best_helper_2023	Resources/GameResources/garage/colormap/best_helper_2023	58332	02d4f610c7d06b6f832b519b386ac47a	
C	GameResources-garage-colormap-best_helper_2024	Resources/GameResources/garage/colormap/best_helper_2024	87020	f629b7a47e61fcf9629562deb9fc6934	
C	GameResources-garage-colormap-best_helper_2025	Resources/GameResources/garage/colormap/best_helper_2025	62332	95fa34db09f0e4536743b944f26a17e8	
C	GameResources-garage-colormap-best_helper_2025_old	Resources/GameResources/garage/colormap/best_helper_2025_old	343812	6ea2894fcd63dbf5b4b96990013a4c21	
C	GameResources-garage-colormap-besthelper	Resources/GameResources/garage/colormap/besthelper	31424	3331ed31864aa2064c49738178fee800	
C	GameResources-garage-colormap-bigtanks	Resources/GameResources/garage/colormap/bigtanks	48012	d0ae10d7198d76c9e8440c3d0a9ff0f5	
C	GameResources-garage-colormap-birdwatcher	Resources/GameResources/garage/colormap/birdwatcher	156592	4e1441745e7bb0c2aa9d1ec43afb6c2e	
C	GameResources-garage-colormap-birthday_hat	Resources/GameResources/garage/colormap/birthday_hat	62820	77791b44dd3e3e4fb04c809b477ff161	
C	GameResources-garage-colormap-birthday_to_2011	Resources/GameResources/garage/colormap/birthday_to_2011	72156	94938edb8d0a519859829e209719e55f	
C	GameResources-garage-colormap-birthday_to_2012	Resources/GameResources/garage/colormap/birthday_to_2012	72252	3266848d0259356789f2c3396d0334f1	
C	GameResources-garage-colormap-birthday_to_2013	Resources/GameResources/garage/colormap/birthday_to_2013	272092	dc33e66e14c44d71dfec12ebaf3ddb90	
C	GameResources-garage-colormap-birthday_to_2014	Resources/GameResources/garage/colormap/birthday_to_2014	764348	9dfa2580140501f051b6af2b6a5bf743	
C	GameResources-garage-colormap-birthday_to_2015	Resources/GameResources/garage/colormap/birthday_to_2015	30620	7af9e78e66069f07778f4209bf79ba51	
C	GameResources-garage-colormap-birthday_to_2016	Resources/GameResources/garage/colormap/birthday_to_2016	58716	639a388094c47123c2e507b01651888f	
C	GameResources-garage-colormap-black	Resources/GameResources/garage/colormap/black	189172	b638e7fcf31eeb0c451f157a1b4610b3	
C	GameResources-garage-colormap-black_ruby	Resources/GameResources/garage/colormap/black_ruby	202560	a5fee847b092cde8fb57412092fae755	
C	GameResources-garage-colormap-black_sea	Resources/GameResources/garage/colormap/black_sea	965052	71d2140d1fb63778e55cb71d946c9ad0	
C	GameResources-garage-colormap-blacksmith	Resources/GameResources/garage/colormap/blacksmith	37632	3cdb365afa36b66c4fe402db4fa37b64	
C	GameResources-garage-colormap-blanket	Resources/GameResources/garage/colormap/blanket	144088	90f26cbdd3d6578062865027329ee467	
C	GameResources-garage-colormap-blaze	Resources/GameResources/garage/colormap/blaze	69316	5c19e59f339856745e1c46e49fa6db3e	
C	GameResources-garage-colormap-blink	Resources/GameResources/garage/colormap/blink	1803668	3b62d0ccc56fe67ff6b159ddef83ff0b	
C	GameResources-garage-colormap-blizzard	Resources/GameResources/garage/colormap/blizzard	37436	e3363423d7d10e223965bd0b8927fe18	
C	GameResources-garage-colormap-blue	Resources/GameResources/garage/colormap/blue	10292	a5a947f64e75a25af36e3e4a8db13af9	
C	GameResources-garage-colormap-blue_lilac	Resources/GameResources/garage/colormap/blue_lilac	1719520	55b2d365d94db077b6965d934ed4dded	
C	GameResources-garage-colormap-blue_marmalade	Resources/GameResources/garage/colormap/blue_marmalade	410024	fd7c555fdbc119046ecf15e41849f636	
C	GameResources-garage-colormap-blue_planet	Resources/GameResources/garage/colormap/blue_planet	342496	f75e2e5b875e23d1f4c329e551ece188	
C	GameResources-garage-colormap-blue_square	Resources/GameResources/garage/colormap/blue_square	45184	dadea46649252a5b526fd0427cf0c37e	
C	GameResources-garage-colormap-blueray	Resources/GameResources/garage/colormap/blueray	2865656	2534ab65e47b9a2b5a9cd799308832c6	
C	GameResources-garage-colormap-bosnia_and_herzegovina	Resources/GameResources/garage/colormap/bosnia_and_herzegovina	648168	c5dcc8551e0bd7188d7ad17e3616c4fb	
C	GameResources-garage-colormap-bounty_hunter	Resources/GameResources/garage/colormap/bounty_hunter	39348	d4b98e7ca82ecf9f75e79011d3e69d14	
C	GameResources-garage-colormap-br_carnival_2016	Resources/GameResources/garage/colormap/br_carnival_2016	166124	f10371e1f8108d4a2ed5337e973d5c16	
C	GameResources-garage-colormap-br_independence_day_2015	Resources/GameResources/garage/colormap/br_independence_day_2015	76364	b42bcbe5c5e105afbfebbab0896bd202	
C	GameResources-garage-colormap-brazil	Resources/GameResources/garage/colormap/brazil	644680	cd1d9a34bdae4e2821a28af886e00ce7	
C	GameResources-garage-colormap-breeze	Resources/GameResources/garage/colormap/breeze	38472	d3f94f10f7cc9b0b3c172a967c41e2dd	
C	GameResources-garage-colormap-bronze	Resources/GameResources/garage/colormap/bronze	4613580	835f39dd847aed309791c647df5698a0	
C	GameResources-garage-colormap-bronze_colors	Resources/GameResources/garage/colormap/bronze_colors	1476288	e8f738da983b015d99059b1060d919aa	
C	GameResources-garage-colormap-bronze_old	Resources/GameResources/garage/colormap/bronze_old	76480	233df6903df7da80b6ef400bfa3d7c26	
C	GameResources-garage-colormap-bubble_gum	Resources/GameResources/garage/colormap/bubble_gum	1733312	c595241615f5b3a55d824e47c77036f7	
C	GameResources-garage-colormap-buckwheat	Resources/GameResources/garage/colormap/buckwheat	44492	f7d471dbe5ad2e199cbf90c22edacc39	
C	GameResources-garage-colormap-bueno	Resources/GameResources/garage/colormap/bueno	135028	f309a377550c06b6c24bb985398aa52f	
C	GameResources-garage-colormap-bunny	Resources/GameResources/garage/colormap/bunny	1209416	348682b218a704663551753650279129	
C	GameResources-garage-colormap-burst_of_light	Resources/GameResources/garage/colormap/burst_of_light	1545044	21f4803588d113b673cfacaefa03939b	
C	GameResources-garage-colormap-busted	Resources/GameResources/garage/colormap/busted	1045724	6df367738c5458ab199f7258955fad5e	
C	GameResources-garage-colormap-cake	Resources/GameResources/garage/colormap/cake	44468	d5ca17ba2864a27ceb61c6aade42a630	
C	GameResources-garage-colormap-calm	Resources/GameResources/garage/colormap/calm	19604	c6ba6c07099778b4ee48599b1f2abe1b	
C	GameResources-garage-colormap-cameroon	Resources/GameResources/garage/colormap/cameroon	566156	0c8cf51b16de23063e3ef778e35731c0	
C	GameResources-garage-colormap-campfire	Resources/GameResources/garage/colormap/campfire	1882472	762759d0fc40f3fbde47951807edb009	
C	GameResources-garage-colormap-can_t_stop	Resources/GameResources/garage/colormap/can't_stop	332576	c5f6a7a6b0dd09add03eb3e970e0b95f	
C	GameResources-garage-colormap-can_t_stop_2	Resources/GameResources/garage/colormap/can't_stop_2	35508	5d6537f4d1201c847a5e9cc4e6a88b72	
C	GameResources-garage-colormap-canyon_hero	Resources/GameResources/garage/colormap/canyon_hero	129588	5457c4859ecddad0c8ee30b987875382	
C	GameResources-garage-colormap-cap	Resources/GameResources/garage/colormap/cap	31472	2760ab6fb954513205a5a52d5add0008	
C	GameResources-garage-colormap-carbon	Resources/GameResources/garage/colormap/carbon	11032	d04d65b71e3a0251ff24171ef2383409	
C	GameResources-garage-colormap-carbon_stars	Resources/GameResources/garage/colormap/carbon_stars	2002220	e251f1577db01c345cb1fc414e8e38d5	
C	GameResources-garage-colormap-cathode_ray_tube	Resources/GameResources/garage/colormap/cathode_ray_tube	1499680	0246a76ddb4d794b6030c3d58eae689b	
C	GameResources-garage-colormap-cedar	Resources/GameResources/garage/colormap/cedar	67060	f41b5d0a6fdbdb344477b520128e0993	
C	GameResources-garage-colormap-chainmail	Resources/GameResources/garage/colormap/chainmail	48540	ea7f2ae1ecac0c393b986f3e0fa87532	
C	GameResources-garage-colormap-champion	Resources/GameResources/garage/colormap/champion	5426056	cdce560750c65ce692da0d5143969822	
C	GameResources-garage-colormap-champion2	Resources/GameResources/garage/colormap/champion2	202988	16f73889b0fcabbbb42c38db840501ef	
C	GameResources-garage-colormap-champion_old	Resources/GameResources/garage/colormap/champion_old	223988	8c6f189c60b54335f5461b94a1688e5a	
C	GameResources-garage-colormap-charred	Resources/GameResources/garage/colormap/charred	79336	99e4485550e6322e64bde1db4dca779a	
C	GameResources-garage-colormap-chemical_reaction	Resources/GameResources/garage/colormap/chemical_reaction	1753860	b80b910a91837b6ea48c403208e6fceb	
C	GameResources-garage-colormap-cherry	Resources/GameResources/garage/colormap/cherry	78280	132e37f807aee289df9ed945d2fda7b2	
C	GameResources-garage-colormap-chile	Resources/GameResources/garage/colormap/chile	600660	c8198a4f27ab12acf53a0bfdf648dfc3	
C	GameResources-garage-colormap-chill_bro	Resources/GameResources/garage/colormap/chill_bro	42844	ef4e3183e7f95b6d004995e4e2778799	
C	GameResources-garage-colormap-chocolatank	Resources/GameResources/garage/colormap/chocolatank	30672	531c39dc2b95bc297a9d076c15e6b157	
C	GameResources-garage-colormap-chocolatank_2	Resources/GameResources/garage/colormap/chocolatank_2	34340	4cd512aa01e5ba92e3ee11577c87c102	
C	GameResources-garage-colormap-christmas_eve	Resources/GameResources/garage/colormap/christmas_eve	201668	ebee2a8f572a2c8acc235b2154ace874	
C	GameResources-garage-colormap-chuncker	Resources/GameResources/garage/colormap/chuncker	31916	c875ba29342582aae738c1150e7094bf	
C	GameResources-garage-colormap-city_dweller	Resources/GameResources/garage/colormap/city_dweller	34100	5dcfab45efe99616e41944e1913b412d	
C	GameResources-garage-colormap-clay	Resources/GameResources/garage/colormap/clay	94420	ce96162c6d3486f279445140ae03203f	
C	GameResources-garage-colormap-cn_dragonboat_festival_2011	Resources/GameResources/garage/colormap/cn_dragonboat_festival_2011	100928	e724e4f298bf8abc619dfc5907392f74	
C	GameResources-garage-colormap-cn_national_day_2011	Resources/GameResources/garage/colormap/cn_national_day_2011	29540	2a451f02224ce4a1d5b91d4bf0474b6f	
C	GameResources-garage-colormap-cn_new_year_2011	Resources/GameResources/garage/colormap/cn_new_year_2011	31564	6b2fd8de01cbc58779179ad97e0bf432	
C	GameResources-garage-colormap-cn_winter_2011	Resources/GameResources/garage/colormap/cn_winter_2011	49192	c09aa1b19d56f9e1e1b2bd6492fa3b72	
C	GameResources-garage-colormap-colombia	Resources/GameResources/garage/colormap/colombia	529548	09990dd03b5816f4bf556271edd5df85	
C	GameResources-garage-colormap-colorider	Resources/GameResources/garage/colormap/colorider	36812	373848014d9d259c939989bb1779197b	
C	GameResources-garage-colormap-condensed_milk	Resources/GameResources/garage/colormap/condensed_milk	58008	3a10ee5278e89eaee48598d14ca32061	
C	GameResources-garage-colormap-confetti	Resources/GameResources/garage/colormap/confetti	62860	14217a07d9624acd503ddef00928c66f	
C	GameResources-garage-colormap-constellation	Resources/GameResources/garage/colormap/constellation	2092112	2e413518495f6d287a17f3544fc0abd6	
C	GameResources-garage-colormap-corrosion	Resources/GameResources/garage/colormap/corrosion	66492	cfc47eb1485d417f399a2c19a6571a60	
C	GameResources-garage-colormap-cosmic_blast	Resources/GameResources/garage/colormap/cosmic_blast	1906572	180aeef9e49db71138df64f9441cbcc2	
C	GameResources-garage-colormap-cosmonautics_day_2011	Resources/GameResources/garage/colormap/cosmonautics_day_2011	28372	551ae5d1bfdd580b78743c0b504c5e12	
C	GameResources-garage-colormap-cosmonautics_day_2012	Resources/GameResources/garage/colormap/cosmonautics_day_2012	73956	c60f4c74039ec4b7cf88e74b153327b7	
C	GameResources-garage-colormap-costa_rica	Resources/GameResources/garage/colormap/costa_rica	600944	59a913bcfc7bf53f3b1d1e678f1686d0	
C	GameResources-garage-colormap-cow	Resources/GameResources/garage/colormap/cow	3212496	4ae397b972f44cf3c970e28b72d1f9cc	
C	GameResources-garage-colormap-craft_scissors	Resources/GameResources/garage/colormap/craft_scissors	2043972	de94108743d1eae554e77607298e5580	
C	GameResources-garage-colormap-crazy_weekend	Resources/GameResources/garage/colormap/crazy_weekend	49252	78bef348873a396ee56e22a98ea081e2	
C	GameResources-garage-colormap-creative_engineer	Resources/GameResources/garage/colormap/creative_engineer	59948	14e5cf1324e23fd1aaf2db43f46a9a33	
C	GameResources-garage-colormap-croatia	Resources/GameResources/garage/colormap/croatia	649656	cbecf13d76fcae8cd81fdcbcea532114	
C	GameResources-garage-colormap-crop_circles	Resources/GameResources/garage/colormap/crop_circles	59492	8d808208da3d34109efbdd2cc273d66f	
C	GameResources-garage-colormap-crusher	Resources/GameResources/garage/colormap/crusher	154552	ccc0b77374f5ad815aa24d79b27c4ca3	
C	GameResources-garage-colormap-cryo	Resources/GameResources/garage/colormap/cryo	1811140	cb15e8d0172b60f527b55918f0e576bf	
C	GameResources-garage-colormap-crystal_pit	Resources/GameResources/garage/colormap/crystal_pit	321200	d9b2bd91cf4d5b79fa8fdd9fd2cb31a9	
C	GameResources-garage-colormap-cshelpers	Resources/GameResources/garage/colormap/cshelpers	523596	a4507ad3d84bace2c2b663e3c3830465	
C	GameResources-garage-colormap-csoper	Resources/GameResources/garage/colormap/csoper	151192	7969b29c39c8536936ab306f06e01c58	
C	GameResources-garage-colormap-cubsat	Resources/GameResources/garage/colormap/cubsat	30916	b618b3ccc60059d6832cd73cfff9af73	
C	GameResources-garage-colormap-cucurbita_pepo	Resources/GameResources/garage/colormap/cucurbita_pepo	2141508	4bb28ce1d97ec814aff6594f82bf4407	
C	GameResources-garage-colormap-cyber_shuriken	Resources/GameResources/garage/colormap/cyber_shuriken	1781444	277233ca0e064d0f54d98919381eca01	
C	GameResources-garage-colormap-cyberpunk	Resources/GameResources/garage/colormap/cyberpunk	1171612	f0ea84f00ce147b6bac934fc37db30eb	
C	GameResources-garage-colormap-cyborg	Resources/GameResources/garage/colormap/cyborg	1251436	819df56e1f0610c9cfb558d4b8379857	
C	GameResources-garage-colormap-darts	Resources/GameResources/garage/colormap/darts	48820	942594eb0b5732ee20555bb45f1b0416	
C	GameResources-garage-colormap-dawn	Resources/GameResources/garage/colormap/dawn	161188	2dd10f80fb31f2706709ed29eb3f2c22	
C	GameResources-garage-colormap-dead	Resources/GameResources/garage/colormap/dead	545332	343203fb682070b9c4110f6b0feb0924	
C	GameResources-garage-colormap-deep_blue_pixel	Resources/GameResources/garage/colormap/deep_blue_pixel	38696	e496a45f6ba2c12f869f659a6ca95185	
C	GameResources-garage-colormap-demolisher_1.0	Resources/GameResources/garage/colormap/demolisher_1.0	26056	f0e08fa17e80dd95cbcb40ea16bc79eb	
C	GameResources-garage-colormap-demolisher_2.0	Resources/GameResources/garage/colormap/demolisher_2.0	552564	6b76614f9d1223386b61c07f64770a68	
C	GameResources-garage-colormap-denmark	Resources/GameResources/garage/colormap/denmark	613736	24cbf5a1d74b3cf9b3a0b3035c0fa437	
C	GameResources-garage-colormap-desert	Resources/GameResources/garage/colormap/desert	118984	22d4879a1caf2e417791d886361e3594	
C	GameResources-garage-colormap-designer_vibe	Resources/GameResources/garage/colormap/designer_vibe	57652	d8ce682410079360ddf46bab91a07e27	
C	GameResources-garage-colormap-destroyed_tank	Resources/GameResources/garage/colormap/destroyed_tank	612824	bc9f89f539c5c4710a4743169337e97d	
C	GameResources-garage-colormap-destroyed_tank_critical_hit	Resources/GameResources/garage/colormap/destroyed_tank_critical_hit	463728	9c3255e6b8dcec2bc43e4e6f6845e5ee	
C	GameResources-garage-colormap-developers_2k22	Resources/GameResources/garage/colormap/developers_2k22	46440	d187d163cff104dfb271151364d27bd4	
C	GameResources-garage-colormap-devil	Resources/GameResources/garage/colormap/devil	158164	15ea3265b91d453d25fafc7bc4f32f3f	
C	GameResources-garage-colormap-devil_old	Resources/GameResources/garage/colormap/devil_old	164684	107d920d7a6df9098f05fc7d7920cfda	
C	GameResources-garage-colormap-diamond	Resources/GameResources/garage/colormap/diamond	1596256	ff02b1d436787270be657b7af0eea9de	
C	GameResources-garage-colormap-digital	Resources/GameResources/garage/colormap/digital	157112	d3380c014f756813f50456f2477f72c0	
C	GameResources-garage-colormap-digital_borealis	Resources/GameResources/garage/colormap/digital_borealis	2106880	e308b0cb7f93295afe5d8ac68d402dc2	
C	GameResources-garage-colormap-dima	Resources/GameResources/garage/colormap/dima	290436	a44dd238a846e4df79fd67dddd9843bc	
C	GameResources-garage-colormap-dirty	Resources/GameResources/garage/colormap/dirty	318020	db3feaa3cd06872e99172a345839e166	
C	GameResources-garage-colormap-disco	Resources/GameResources/garage/colormap/disco	61476	1e60ef802136e078cd879c029676ffe1	
C	GameResources-garage-colormap-disco_2.0	Resources/GameResources/garage/colormap/disco_2.0	1330348	0ec280f41fe6d779a6b86e20f7080ecb	
C	GameResources-garage-colormap-discord	Resources/GameResources/garage/colormap/discord	192040	6a1568af1137c1c5f1377f686820f0f6	
C	GameResources-garage-colormap-domino	Resources/GameResources/garage/colormap/domino	24856	534a9a302a41de86a16ed753c824d58f	
C	GameResources-garage-colormap-dragon	Resources/GameResources/garage/colormap/dragon	51800	590b2b493110851a8343319d953832a4	
C	GameResources-garage-colormap-drive	Resources/GameResources/garage/colormap/drive	1358328	84863291b2e636b2a967e97e7699def3	
C	GameResources-garage-colormap-drought	Resources/GameResources/garage/colormap/drought	42856	19e753eff767f16ae528d44846d35a6e	
C	GameResources-garage-colormap-ducks	Resources/GameResources/garage/colormap/ducks	2007160	16e8b5284078a0b900072fd6cdc41fbe	
C	GameResources-garage-colormap-dynamic_juice	Resources/GameResources/garage/colormap/dynamic_juice	220756	bb151131f7179166a2131ab9ef3a9317	
C	GameResources-garage-colormap-e236	Resources/GameResources/garage/colormap/e236	195940	e46079243ed99cd7970e51d4b0e810e5	
C	GameResources-garage-colormap-eagle	Resources/GameResources/garage/colormap/eagle	61028	bfbc9b21ddca15631f3aa5b5a0961946	
C	GameResources-garage-colormap-eagle_eye	Resources/GameResources/garage/colormap/eagle_eye	206604	467c44275aede9a22bece26368f8b296	
C	GameResources-garage-colormap-earthling	Resources/GameResources/garage/colormap/earthling	2051388	6701b474f565a76387019b6d7bc82ad7	
C	GameResources-garage-colormap-easter	Resources/GameResources/garage/colormap/easter	83160	725fda86e279785bf4dc37c8321f8f02	
C	GameResources-garage-colormap-easter_egg	Resources/GameResources/garage/colormap/easter_egg	69152	4847c5df4bfd2a1881f3a7d2ea291193	
C	GameResources-garage-colormap-ecofriendly	Resources/GameResources/garage/colormap/ecofriendly	40272	1dd073364aa4f26ae893a33872da3edd	
C	GameResources-garage-colormap-ecuador	Resources/GameResources/garage/colormap/ecuador	574104	a282cf7e0da2fb3eb67814e24f433593	
C	GameResources-garage-colormap-eguards	Resources/GameResources/garage/colormap/eguards	81512	a6f1b04db23fa5cedde691b7d22ad2fb	
C	GameResources-garage-colormap-egypt	Resources/GameResources/garage/colormap/egypt	621972	b41712e6ee721844d487feec2fc40706	
C	GameResources-garage-colormap-electra	Resources/GameResources/garage/colormap/electra	63372	c1aceb57b62f9ca3dafca858f7540eb3	
C	GameResources-garage-colormap-electric_sheep	Resources/GameResources/garage/colormap/electric_sheep	1391060	c2a33ec17c9c3ecf5553dd4de0d31279	
C	GameResources-garage-colormap-electrohive	Resources/GameResources/garage/colormap/electrohive	1555988	aa3fc896535123a1a7ca03550c367072	
C	GameResources-garage-colormap-elves	Resources/GameResources/garage/colormap/elves	31764	ece09129d93a4f11e231841757b05065	
C	GameResources-garage-colormap-emerald	Resources/GameResources/garage/colormap/emerald	59336	d230824bfcb493aafc714c8513d20eff	
C	GameResources-garage-colormap-engineer	Resources/GameResources/garage/colormap/engineer	21756	55e328adc39932bf16f954fedcaacd96	
C	GameResources-garage-colormap-england	Resources/GameResources/garage/colormap/england	596120	49a978e2218f2beb199929391bf13093	
C	GameResources-garage-colormap-eruption	Resources/GameResources/garage/colormap/eruption	548312	a66e645f16d974a4e0e99fe4c418b1a9	
C	GameResources-garage-colormap-eternity	Resources/GameResources/garage/colormap/eternity	68844	fd57adf4a0efc3fa74412b4ff9c1f7bb	
C	GameResources-garage-colormap-eternity_2	Resources/GameResources/garage/colormap/eternity_2	41680	8b82f005ae7153cd13e314ee2584818e	
C	GameResources-garage-colormap-euro_2012	Resources/GameResources/garage/colormap/euro_2012	69276	39a82df28ff6010884c6856b0888b5db	
C	GameResources-garage-colormap-event_organizer-hc9a4c6	Resources/GameResources/garage/colormap/event_organizer	271544	7b15717a30f4106e20c2e2fcba66ed9a	
C	GameResources-garage-colormap-event_organizer-hd36170	Resources/GameResources/garage/colormap/event organizer	271544	e5b45421fec8e9480e81c2bbaf4814b9	
C	GameResources-garage-colormap-fall_leaves	Resources/GameResources/garage/colormap/fall_leaves	452564	5e3cbfc1b981914fe4a98e5f99244722	
C	GameResources-garage-colormap-falling_leaves	Resources/GameResources/garage/colormap/falling_leaves	54488	4074413c426aa2cf2a2169ae51d4942f	
C	GameResources-garage-colormap-fan	Resources/GameResources/garage/colormap/fan	1831596	a8e823a8e4ab8661e501c51e43bc01d9	
C	GameResources-garage-colormap-far_north	Resources/GameResources/garage/colormap/far_north	1927340	d1ad40746c3d43118003c17da4b13c10	
C	GameResources-garage-colormap-feathers	Resources/GameResources/garage/colormap/feathers	82972	cf091be7a584e36cc2a83633d94e7d15	
C	GameResources-garage-colormap-fidget_toy	Resources/GameResources/garage/colormap/fidget_toy	1378576	df87b19c9230265e6ca57bfb7d5589c7	
C	GameResources-garage-colormap-fire_dragon	Resources/GameResources/garage/colormap/fire_dragon	42864	fa3d407019fe08e2d19608df34c780bf	
C	GameResources-garage-colormap-fire_golem	Resources/GameResources/garage/colormap/fire_golem	1834704	962d87c39631b12495e6077507fe7196	
C	GameResources-garage-colormap-fire_of_valor	Resources/GameResources/garage/colormap/fire_of_valor	46468	06cc8b5cfc621e695f76963a6813d6e7	
C	GameResources-garage-colormap-first_kiss	Resources/GameResources/garage/colormap/first_kiss	1246368	8de2b24c8897add13079677d0c842e21	
C	GameResources-garage-colormap-first_love	Resources/GameResources/garage/colormap/first_love	35808	968b33321b1f161e316fc5b43dd0025a	
C	GameResources-garage-colormap-flame	Resources/GameResources/garage/colormap/flame	52052	9b9716df9c9a7a26b1414d7ce7ea8a12	
C	GameResources-garage-colormap-flame_2.0	Resources/GameResources/garage/colormap/flame_2.0	1775756	b0a821892c6ba409cadc780547406c44	
C	GameResources-garage-colormap-flash	Resources/GameResources/garage/colormap/flash	75972	fc86e9fd6ed771fb1147d67f94796d33	
C	GameResources-garage-colormap-flora	Resources/GameResources/garage/colormap/flora	147972	909bd3a68730121f5b2753f768ebbb4f	
C	GameResources-garage-colormap-flow	Resources/GameResources/garage/colormap/flow	1757140	a6e676ad9ce84e4e266eec2c35cf1e2d	
C	GameResources-garage-colormap-floweringrose	Resources/GameResources/garage/colormap/floweringrose	3903988	7d37fde6373d4af3afb1936fca90d745	
C	GameResources-garage-colormap-flowing_metal	Resources/GameResources/garage/colormap/flowing_metal	1645824	88b3aa33e6f1a98dee656f644d1b26fd	
C	GameResources-garage-colormap-flywheel	Resources/GameResources/garage/colormap/flywheel	1508488	05ff2c09ff35389be361edc321d44dd6	
C	GameResources-garage-colormap-fools_day_2012	Resources/GameResources/garage/colormap/fools_day_2012	31544	79e1501370d1052bc5981b7767fa6199	
C	GameResources-garage-colormap-fools_day_2013	Resources/GameResources/garage/colormap/fools_day_2013	18792	aa6ee69f5899f868b20b7196b17ad09f	
C	GameResources-garage-colormap-fools_day_2014	Resources/GameResources/garage/colormap/fools_day_2014	319336	79fdceff129e325e9ba9fa6b4eac08fc	
C	GameResources-garage-colormap-for_developers_1	Resources/GameResources/garage/colormap/for_developers_1	41964	beeb2ab1b1e1dbb35608b3171b4e3384	
C	GameResources-garage-colormap-for_developers_2	Resources/GameResources/garage/colormap/for_developers_2	569996	a8654ddf35270db55947c9b3b57d5665	
C	GameResources-garage-colormap-for_developers_3	Resources/GameResources/garage/colormap/for_developers_3	120492	79f1b472cb3e1802e6d84334bcf2206d	
C	GameResources-garage-colormap-for_developers_4	Resources/GameResources/garage/colormap/for_developers_4	223708	d7904b65a0f45885f64c690dee02a62c	
C	GameResources-garage-colormap-for_developers_5	Resources/GameResources/garage/colormap/for_developers_5	43148	ce8b18b9e7a96376f545343c0ec1f0f7	
C	GameResources-garage-colormap-for_developers_6	Resources/GameResources/garage/colormap/for_developers_6	30636	7e0e99721dc3bdb4fe0a1ee3def05cf9	
C	GameResources-garage-colormap-for_players_1	Resources/GameResources/garage/colormap/for_players_1	42644	e207fe5b92dfa909f921f9f11a2ac434	
C	GameResources-garage-colormap-for_players_2	Resources/GameResources/garage/colormap/for_players_2	608788	b0d478bd3722bc051a3f4a278756659a	
C	GameResources-garage-colormap-for_players_3	Resources/GameResources/garage/colormap/for_players_3	107268	06b2bf6bd66da3b61f7fa83a2c3bac9c	
C	GameResources-garage-colormap-for_players_4	Resources/GameResources/garage/colormap/for_players_4	240772	6d4cca0bae72b623c7e6db283c663ba9	
C	GameResources-garage-colormap-for_players_5	Resources/GameResources/garage/colormap/for_players_5	46516	4a261d80fc91c00b5c8dc2ed69be82c1	
C	GameResources-garage-colormap-for_players_6	Resources/GameResources/garage/colormap/for_players_6	32964	c16fd4a6d722b2397d79940d50665dba	
C	GameResources-garage-colormap-foreign	Resources/GameResources/garage/colormap/foreign	197144	d3d7e0dd8f3a2ac6d94df2742c217b58	
C	GameResources-garage-colormap-forester	Resources/GameResources/garage/colormap/forester	103980	df162a81082a679fd74020bf53502c90	
C	GameResources-garage-colormap-fracture	Resources/GameResources/garage/colormap/fracture	53228	50893cc4209ceca058551caceb27f9c0	
C	GameResources-garage-colormap-fragment	Resources/GameResources/garage/colormap/fragment	68252	94117f1434be5df343477e0e72d3028c	
C	GameResources-garage-colormap-france	Resources/GameResources/garage/colormap/france	566872	bd802cc97d29619cf2326561fa2151c8	
C	GameResources-garage-colormap-freerunner	Resources/GameResources/garage/colormap/freerunner	149840	e67681018262b5b944a41d749c5450e5	
C	GameResources-garage-colormap-fried_egg	Resources/GameResources/garage/colormap/fried_egg	2107436	9bb71b2cb2ec5d7bf935e5eac28b3e03	
C	GameResources-garage-colormap-frigid_coat	Resources/GameResources/garage/colormap/frigid_coat	1747476	350efab59877a77f3acd67bb96016ece	
C	GameResources-garage-colormap-frost	Resources/GameResources/garage/colormap/frost	170580	424fbb132ef072b0f4b5d472fad799b5	
C	GameResources-garage-colormap-funky_medicine	Resources/GameResources/garage/colormap/funky_medicine	1428692	447ba315e49121a52601beac82757e53	
C	GameResources-garage-colormap-furryahegao	Resources/GameResources/garage/colormap/furryahegao	761936	55adfd4dd3716ffca3878879754f530a	
C	GameResources-garage-colormap-gagarin_mount	Resources/GameResources/garage/colormap/gagarin_mount	27348	6b2e849cb3dd5ba6c9c03d86511cbc54	
C	GameResources-garage-colormap-galacticus	Resources/GameResources/garage/colormap/galacticus	167008	7587ce78dfd19a4d110c1af317db8606	
C	GameResources-garage-colormap-galaxian_explosion	Resources/GameResources/garage/colormap/galaxian_explosion	1758296	7ef132c847c05ef6592ee7d4197d05c0	
C	GameResources-garage-colormap-galaxy	Resources/GameResources/garage/colormap/galaxy	330412	38da6ae1bf6d78fb6b05fb9e3eeb1bd8	
C	GameResources-garage-colormap-gamb_team	Resources/GameResources/garage/colormap/gamb_team	341884	c650f52c02ec2d70c07490a4bb4701bc	
C	GameResources-garage-colormap-game_2020	Resources/GameResources/garage/colormap/game_2020	46188	90ea1700f5994e5fed996efa4ba30845	
C	GameResources-garage-colormap-gamepad	Resources/GameResources/garage/colormap/gamepad	140488	b21edcc6177f9c8d7db256e193735505	
C	GameResources-garage-colormap-gamer	Resources/GameResources/garage/colormap/gamer	48580	c142ec7d3721ecdb29469a4aeaabe1a4	
C	GameResources-garage-colormap-garland	Resources/GameResources/garage/colormap/garland	238712	e25f12a571319aabdea02dfe3d92b186	
C	GameResources-garage-colormap-gears	Resources/GameResources/garage/colormap/gears	132408	f81d84b4c11efd5209a28f65363e4c89	
C	GameResources-garage-colormap-gentleman	Resources/GameResources/garage/colormap/gentleman	117548	1dad2fdf38cfee02d1001d35803f6420	
C	GameResources-garage-colormap-geometric_blue	Resources/GameResources/garage/colormap/geometric_blue	37480	ad1d2a40118c2f635671f550cc7e7aa7	
C	GameResources-garage-colormap-germany	Resources/GameResources/garage/colormap/germany	492728	e13959d81607956ac1dff5b02f5ccd3f	
C	GameResources-garage-colormap-ghana	Resources/GameResources/garage/colormap/ghana	592276	032dbb30d90a108f8c62740bb8b6bc82	
C	GameResources-garage-colormap-ghost	Resources/GameResources/garage/colormap/ghost	31428	3404c9414a21fab0b9408f30d88e9e6b	
C	GameResources-garage-colormap-gift_wrap	Resources/GameResources/garage/colormap/gift_wrap	51132	533a1095f0092c0af283e7875303a82b	
C	GameResources-garage-colormap-ginga	Resources/GameResources/garage/colormap/ginga	103992	8de5f399cb040111aea592714e045480	
C	GameResources-garage-colormap-gingerbread	Resources/GameResources/garage/colormap/gingerbread	85008	a0534050926ee1f315d357c80405c58c	
C	GameResources-garage-colormap-gladiator	Resources/GameResources/garage/colormap/gladiator	54284	39edb012315b0248f4413b4f62115a9a	
C	GameResources-garage-colormap-glam_croc	Resources/GameResources/garage/colormap/glam_croc	1896604	34b1227feea5f33846a6ac79380ce22d	
C	GameResources-garage-colormap-glide	Resources/GameResources/garage/colormap/glide	130244	352fe351b1f500683180430076d87868	
C	GameResources-garage-colormap-glitch	Resources/GameResources/garage/colormap/glitch	94392	a71bfa50132fe71207608108e6fc07a7	
C	GameResources-garage-colormap-gloom	Resources/GameResources/garage/colormap/gloom	46228	b52c74f7d619e571e9f50cb247871f49	
C	GameResources-garage-colormap-gloss	Resources/GameResources/garage/colormap/gloss	147988	c3cf1dbe95581479c41e772bcd0da634	
C	GameResources-garage-colormap-glow	Resources/GameResources/garage/colormap/glow	1217364	57d84370e2cf56ce5919873bb4d2559b	
C	GameResources-garage-colormap-go_pro	Resources/GameResources/garage/colormap/go_pro	39496	b2625548680b73c2083410e2c93fcf5c	
C	GameResources-garage-colormap-gold_alloy	Resources/GameResources/garage/colormap/gold_alloy	2096768	5fa8ee62d0eb4d649f20ccb4d26f013f	
C	GameResources-garage-colormap-gold_digger	Resources/GameResources/garage/colormap/gold_digger	56336	8ae3cc895a733261c6039bc50943d1c7	
C	GameResources-garage-colormap-golden_gears	Resources/GameResources/garage/colormap/golden_gears	1763308	b2f963ae783c381e773fefa456e26fdd	
C	GameResources-garage-colormap-golden_star	Resources/GameResources/garage/colormap/golden_star	67872	79cfe3c541875f7d40f3f7d23177dbc6	
C	GameResources-garage-colormap-goldolov	Resources/GameResources/garage/colormap/goldolov	35260	3dc37f0308740fc519c7349b60b917f8	
C	GameResources-garage-colormap-goliafffffff	Resources/GameResources/garage/colormap/goliafffffff	165828	668f13a77d9cfbe82939f35fa5a5d508	
C	GameResources-garage-colormap-gooseberry	Resources/GameResources/garage/colormap/gooseberry	328576	5bffdb1bdf6f7e12c562203cf3fcad1f	
C	GameResources-garage-colormap-graffiti	Resources/GameResources/garage/colormap/graffiti	200236	59717bc7651172e61063e253059af21c	
C	GameResources-garage-colormap-grasslands	Resources/GameResources/garage/colormap/grasslands	82656	158d782d6c91470c9d6b53db58d69c7c	
C	GameResources-garage-colormap-greece	Resources/GameResources/garage/colormap/greece	610392	2670c97c315854dbbba3e598f00c91ee	
C	GameResources-garage-colormap-green	Resources/GameResources/garage/colormap/green	10068	51a76db1ad76d8298ba54bf738681f53	
C	GameResources-garage-colormap-green_quads	Resources/GameResources/garage/colormap/green_quads	1358884	095ead91782024eec81241a375d8e532	
C	GameResources-garage-colormap-green_retinue	Resources/GameResources/garage/colormap/green_retinue	34884	c8ed73a42f20083733131d7871dc28e0	
C	GameResources-garage-colormap-green_zircon	Resources/GameResources/garage/colormap/green_zircon	1637596	e647ee01ab7fad3c56a150fc565e5b8f	
C	GameResources-garage-colormap-griller	Resources/GameResources/garage/colormap/griller	39288	bac8ea8a9ed8e88b7c5c02d091549ed2	
C	GameResources-garage-colormap-groovy_neon	Resources/GameResources/garage/colormap/groovy_neon	1485924	bc7019bec387a5df9e10248585627cff	
C	GameResources-garage-colormap-gucciflage	Resources/GameResources/garage/colormap/gucciflage	70480	baf54a503576a7b7ab32352a23cb8a81	
C	GameResources-garage-colormap-guerrilla	Resources/GameResources/garage/colormap/guerrilla	72316	1a637e9eb072be19e33fbb4756fff9f6	
C	GameResources-garage-colormap-halloween	Resources/GameResources/garage/colormap/halloween	48524	a44c1e8bb12877e0eb4e5ba498d43eb4	
C	GameResources-garage-colormap-halloween_2010	Resources/GameResources/garage/colormap/halloween_2010	35592	869cfc03b3eb86dcef97f628a323b851	
C	GameResources-garage-colormap-halloween_2011	Resources/GameResources/garage/colormap/halloween_2011	91256	cb0857eac235a837dd80577cc70bc4de	
C	GameResources-garage-colormap-halloween_2013	Resources/GameResources/garage/colormap/halloween_2013	143656	270ccdbb9fee0c2d48f1d2790e8d4573	
C	GameResources-garage-colormap-halloween_2015	Resources/GameResources/garage/colormap/halloween_2015	73512	7acdd4d88abcc4125111bf5593ab999d	
C	GameResources-garage-colormap-hallucination	Resources/GameResources/garage/colormap/hallucination	80756	79eab4ad919e17a8a222113b7b3520a5	
C	GameResources-garage-colormap-hand_sanitizer	Resources/GameResources/garage/colormap/hand_sanitizer	46184	1f7989357f2bba43af5f391c35faae60	
C	GameResources-garage-colormap-harlequin	Resources/GameResources/garage/colormap/harlequin	85772	16f4f52177bf1ea4949b92224ff94b99	
C	GameResources-garage-colormap-hazel_s_panzerwerke	Resources/GameResources/garage/colormap/hazel's_panzerwerke	45392	2a4b5ec447c6b34eb2738f10fe8946c7	
C	GameResources-garage-colormap-head_ripper	Resources/GameResources/garage/colormap/head_ripper	2003828	a8979348be5a4617906a1dbf9be6b51d	
C	GameResources-garage-colormap-heart_of_steel	Resources/GameResources/garage/colormap/heart_of_steel	1477764	ce7b2d20732d9fd21fd58c3a795c671d	
C	GameResources-garage-colormap-heartbeat	Resources/GameResources/garage/colormap/heartbeat	884	922de69bbeb1bbeab352ee51e26635c5	
C	GameResources-garage-colormap-helios	Resources/GameResources/garage/colormap/helios	146056	e7fa27e2b2aeedee62e1ddbc8d22d9fd	
C	GameResources-garage-colormap-helper	Resources/GameResources/garage/colormap/helper	43224	2314a78886a4fcdf613180c06f7b4a64	
C	GameResources-garage-colormap-hexagonity	Resources/GameResources/garage/colormap/hexagonity	43224	d69b2aa224c78e44519f02a629455f7a	
C	GameResources-garage-colormap-hive	Resources/GameResources/garage/colormap/hive	41556	181248a97a3909aafa70e1c408ca6b30	
C	GameResources-garage-colormap-hohloma	Resources/GameResources/garage/colormap/hohloma	132472	2658db40828f5ea54416cc978b9a01f5	
C	GameResources-garage-colormap-holi	Resources/GameResources/garage/colormap/holi	2119988	f9c5a1fddd111eb376c47e23f1318da5	
C	GameResources-garage-colormap-holiday	Resources/GameResources/garage/colormap/holiday	155944	41d51ffdae2bbe5a012c0a146ed1ead5	
C	GameResources-garage-colormap-holiday_lights	Resources/GameResources/garage/colormap/holiday_lights	214228	93c4c48514fcb39a6bde0e12b37deabd	
C	GameResources-garage-colormap-holiday_old	Resources/GameResources/garage/colormap/holiday_old	15744	c3c04665997dbf7513b471320b7d2dc0	
C	GameResources-garage-colormap-holo	Resources/GameResources/garage/colormap/holo	1945748	b42b758ea4639fa74f0e3bfb781eea30	
C	GameResources-garage-colormap-honduras	Resources/GameResources/garage/colormap/honduras	619084	4612679b7c2bdf68e14ede65ee820354	
C	GameResources-garage-colormap-honor	Resources/GameResources/garage/colormap/honor	2183272	7647fc0a66f1521b1f3bae3058042077	
C	GameResources-garage-colormap-horror	Resources/GameResources/garage/colormap/horror	62936	c53eec604d52c44150f6e9a074e5e625	
C	GameResources-garage-colormap-houston_tankin	Resources/GameResources/garage/colormap/houston_tankin	39752	31b44e2dd5142832beee817729dd5486	
C	GameResources-garage-colormap-hulk	Resources/GameResources/garage/colormap/hulk	487252	24fbeca90dce63309d394da3203771db	
C	GameResources-garage-colormap-hypercube	Resources/GameResources/garage/colormap/hypercube	59516	c23178347f21456107e0d504b0e8211c	
C	GameResources-garage-colormap-ice_flurry	Resources/GameResources/garage/colormap/ice_flurry	1902352	548d2ee7be85297fdbe4f6ee8ff2805f	
C	GameResources-garage-colormap-iceland	Resources/GameResources/garage/colormap/iceland	575592	36c57126013813bf4803789bc5605911	
C	GameResources-garage-colormap-immunes	Resources/GameResources/garage/colormap/immunes	108696	d8940bb819fb5d8e6598a65481a60d4c	
C	GameResources-garage-colormap-impulse	Resources/GameResources/garage/colormap/impulse	3065960	e379af2cca015484cbd3781804ef9448	
C	GameResources-garage-colormap-in_love	Resources/GameResources/garage/colormap/in_love	35656	a77c73eb9c4d944558b49ed6bb615b71	
C	GameResources-garage-colormap-inferno	Resources/GameResources/garage/colormap/inferno	46744	301d34c280926af6faab7d867dc3cee4	
C	GameResources-garage-colormap-integrated_circuit	Resources/GameResources/garage/colormap/integrated_circuit	1974632	f5e854bab1903702a875ef67aaed5c7a	
C	GameResources-garage-colormap-international	Resources/GameResources/garage/colormap/international	45860	f93570e8b2f4182ea01da78b53e8f11d	
C	GameResources-garage-colormap-invader	Resources/GameResources/garage/colormap/invader	47784	338d05de4d1ca9288460cf8a34b06e9c	
C	GameResources-garage-colormap-iphone_11	Resources/GameResources/garage/colormap/iphone_11	25244	e4744f30f90f457701c23191ee45ad28	
C	GameResources-garage-colormap-iran	Resources/GameResources/garage/colormap/iran	614404	48ab30e3404e12c78d0497d8685f2836	
C	GameResources-garage-colormap-irbis	Resources/GameResources/garage/colormap/irbis	107780	77aa89b94ffd8e40878fef6690ff3ed5	
C	GameResources-garage-colormap-iron_days_2011	Resources/GameResources/garage/colormap/iron_days_2011	38552	805b78c084c11182eaeb0283f7f1dafe	
C	GameResources-garage-colormap-iron_days_2012	Resources/GameResources/garage/colormap/iron_days_2012	25992	11ade469b43235120773b8489306fce1	
C	GameResources-garage-colormap-iron_days_2013	Resources/GameResources/garage/colormap/iron_days_2013	167752	05be09e6128b5a18f91a7a5bae6a5e65	
C	GameResources-garage-colormap-iron_days_2014	Resources/GameResources/garage/colormap/iron_days_2014	191800	7135a24c798083d4b043283dbb811680	
C	GameResources-garage-colormap-iron_days_2015	Resources/GameResources/garage/colormap/iron_days_2015	47640	40f27b1dda32b586a525c2fe413269f4	
C	GameResources-garage-colormap-iron_days_2016	Resources/GameResources/garage/colormap/iron_days_2016	45496	c99d0fd77145a5e325874ae6329c00aa	
C	GameResources-garage-colormap-italy	Resources/GameResources/garage/colormap/italy	552660	9dcd47c4a035675c85cbc82c4443acf5	
C	GameResources-garage-colormap-ivory_coast	Resources/GameResources/garage/colormap/ivory_coast	524176	661df58c2093ae2c994b3d9ff6f483c9	
C	GameResources-garage-colormap-izumurud	Resources/GameResources/garage/colormap/izumurud	43404	31ce77fbaf3ac99aec1656ad9fc5f555	
C	GameResources-garage-colormap-jackpot	Resources/GameResources/garage/colormap/jackpot	61224	7d84182a2cb1cffb56c039704481ae7c	
C	GameResources-garage-colormap-jade	Resources/GameResources/garage/colormap/jade	52196	b271a9f66f68ba77cbeb130162383ae9	
C	GameResources-garage-colormap-jade_scales	Resources/GameResources/garage/colormap/jade_scales	79424	1ebd6b78bc01a8911e3d876ac1e169c5	
C	GameResources-garage-colormap-jaguar	Resources/GameResources/garage/colormap/jaguar	433048	59ce6c4491077b751dad623626623299	
C	GameResources-garage-colormap-japan	Resources/GameResources/garage/colormap/japan	545252	c9adc451a7e9e6e0add6617f9de163c1	
C	GameResources-garage-colormap-jeans	Resources/GameResources/garage/colormap/jeans	53060	7e1ae7235138c3c926f26c4c9f04f993	
C	GameResources-garage-colormap-jerryyy21	Resources/GameResources/garage/colormap/jerryyy21	40540	1befa1d09a5f812071b996188c1d99c8	
C	GameResources-garage-colormap-jmpr	Resources/GameResources/garage/colormap/jmpr	38980	c5e04c89ebd477b41899bc345cc833ce	
C	GameResources-garage-colormap-jokerge	Resources/GameResources/garage/colormap/jokerge	25848	d5e7ffc4ab8ca9dbafd9f8fcc0a29716	
C	GameResources-garage-colormap-jolly_season	Resources/GameResources/garage/colormap/jolly_season	2054348	2dda0cb2e6ff38f85873188d7ec9f9ac	
C	GameResources-garage-colormap-joy	Resources/GameResources/garage/colormap/joy	140656	56e917a5f424af6132769a79b347d9b6	
C	GameResources-garage-colormap-kalash86rus	Resources/GameResources/garage/colormap/kalash86rus	180144	c0b0a7b9d0db748e6ce6285671a0b7fd	
C	GameResources-garage-colormap-kaleidoscope	Resources/GameResources/garage/colormap/kaleidoscope	212308	cf0c26a1a130980afd84c26ecde7fe84	
C	GameResources-garage-colormap-kapuljat	Resources/GameResources/garage/colormap/kapuljat	1339800	7151d4cefa1e4f6c248a37a940534140	
C	GameResources-garage-colormap-kasim_vs_sun_kasim	Resources/GameResources/garage/colormap/kasim_vs_sun_kasim	292784	1cb59fb2a7db789d95f1f1d2349a7323	
C	GameResources-garage-colormap-kasim_vs_sun_sun	Resources/GameResources/garage/colormap/kasim_vs_sun_sun	240620	93cdfb44dd925b4e0519f612ab7c8694	
C	GameResources-garage-colormap-katakana	Resources/GameResources/garage/colormap/katakana	1891832	f5cc549903dabe0dbff45019736834f6	
C	GameResources-garage-colormap-korea	Resources/GameResources/garage/colormap/korea	438804	fe6a8baba60bcd124338886b5548735f	
C	GameResources-garage-colormap-kungur_ice_cave	Resources/GameResources/garage/colormap/kungur_ice_cave	74552	a53c57aa6ec095ed92dddf34ae32117b	
C	GameResources-garage-colormap-lady	Resources/GameResources/garage/colormap/lady	108900	12f62168c4d869b46d612743e7fac23c	
C	GameResources-garage-colormap-lannies	Resources/GameResources/garage/colormap/lannies	34296	7861231b75949e19d2b9fcc5f4d1b8e9	
C	GameResources-garage-colormap-lava	Resources/GameResources/garage/colormap/lava	196612	9fd08a2f52e411ac4d40d05484f88d41	
C	GameResources-garage-colormap-lava_lamp	Resources/GameResources/garage/colormap/lava_lamp	1668140	c91a319122e72236e5cd4e6c4af22ba6	
C	GameResources-garage-colormap-lead	Resources/GameResources/garage/colormap/lead	43652	faddab572a1073a78057db7e1c2695ed	
C	GameResources-garage-colormap-leds	Resources/GameResources/garage/colormap/leds	249972	fe2923e742846d7f44ad090bb3b11ab3	
C	GameResources-garage-colormap-leprechaun_brotherhood	Resources/GameResources/garage/colormap/leprechaun_brotherhood	61224	50bd516bc1fcda12737f646a6b087e41	
C	GameResources-garage-colormap-liana	Resources/GameResources/garage/colormap/liana	1873112	04d8ee73494ed5c1f8bf400899d3a081	
C	GameResources-garage-colormap-lifesaver	Resources/GameResources/garage/colormap/lifesaver	37836	b04de681cb2f86ccf9e6fb1bb470ebb5	
C	GameResources-garage-colormap-light_organ	Resources/GameResources/garage/colormap/light_organ	1358676	5928e1003ac01ba119b4ee41dd30e69f	
C	GameResources-garage-colormap-lightning_storm	Resources/GameResources/garage/colormap/lightning_storm	936696	e2334f7f672b99544c5a6da7e2005160	
C	GameResources-garage-colormap-lilac_petals	Resources/GameResources/garage/colormap/lilac_petals	63012	d02d4547d7df4099ba01bb27f21897e4	
C	GameResources-garage-colormap-lime	Resources/GameResources/garage/colormap/lime	326340	a201662873a9a9488cea6f38e6ba68ca	
C	GameResources-garage-colormap-lime_burst	Resources/GameResources/garage/colormap/lime_burst	61392	c37a1f07d824a989c5e3acc1cdcf9fef	
C	GameResources-garage-colormap-lions	Resources/GameResources/garage/colormap/lions	86164	6da44fe93424ea037ebd56eca6becf73	
C	GameResources-garage-colormap-liquid	Resources/GameResources/garage/colormap/liquid	26084	74eb1e1c4a269f36cce50c0735445632	
C	GameResources-garage-colormap-liquid_metal	Resources/GameResources/garage/colormap/liquid_metal	60676	c381ede7c20215aa8fb0ba066aacd1f9	
C	GameResources-garage-colormap-living_armor	Resources/GameResources/garage/colormap/living_armor	1351468	71e4baf6acc6ecd532c8354adb0fa6d6	
C	GameResources-garage-colormap-llama_tankini	Resources/GameResources/garage/colormap/llama_tankini	30660	cc1ff90128065bd1c979b797daa362f4	
C	GameResources-garage-colormap-loam	Resources/GameResources/garage/colormap/loam	95092	199d6206564935936d58e48e2b3da2ea	
C	GameResources-garage-colormap-log_cabin	Resources/GameResources/garage/colormap/log_cabin	49948	9b94cdbb89a8ec67e52fa1347c2d6c95	
C	GameResources-garage-colormap-lol	Resources/GameResources/garage/colormap/lol	2057292	4006338c50a2873b3771434c2652fdeb	
C	GameResources-garage-colormap-lollipop	Resources/GameResources/garage/colormap/lollipop	32844	3502e6988b86c51d1ae1a7771a91669c	
C	GameResources-garage-colormap-lord	Resources/GameResources/garage/colormap/lord	23284	964e452e8434c1b706af18d716f5fba1	
C	GameResources-garage-colormap-lotus	Resources/GameResources/garage/colormap/lotus	180532	58bfedb8d1011732907ba4101714a027	
C	GameResources-garage-colormap-love	Resources/GameResources/garage/colormap/love	35556	52278947ead0308bdfc17b770c2102c6	
C	GameResources-garage-colormap-loving_camo	Resources/GameResources/garage/colormap/loving_camo	1417012	0f6a0fe9ad94725869ffcd0a23f44163	
C	GameResources-garage-colormap-lucky_7	Resources/GameResources/garage/colormap/lucky_7	80824	296e9d3544c3bf99293dd59d9334b7b1	
C	GameResources-garage-colormap-lucky_coin	Resources/GameResources/garage/colormap/lucky_coin	281984	2c018fd984cc68a79fe2503547772006	
C	GameResources-garage-colormap-lumberjack	Resources/GameResources/garage/colormap/lumberjack	24848	6ba6c9e89f1af880b0e95a3fc3808c81	
C	GameResources-garage-colormap-lunar_soil	Resources/GameResources/garage/colormap/lunar_soil	53264	e7d2a5e42a7db102c211c94474d0bf9c	
C	GameResources-garage-colormap-magic_circles	Resources/GameResources/garage/colormap/magic_circles	1819936	6b50f46a51fba4ad831d0348a9901e74	
C	GameResources-garage-colormap-magma	Resources/GameResources/garage/colormap/magma	119828	83bba4302968babcb71277ef309cede1	
C	GameResources-garage-colormap-magnolia	Resources/GameResources/garage/colormap/magnolia	425752	4e95ee9fcef6c47f28c7f90cbd0c5f32	
C	GameResources-garage-colormap-marine	Resources/GameResources/garage/colormap/marine	89448	0abb9aa9a3ccb43339c6cd40f2d5b682	
C	GameResources-garage-colormap-mars	Resources/GameResources/garage/colormap/mars	198164	e736b75222c6c6e14bbdad1e93609152	
C	GameResources-garage-colormap-marsh	Resources/GameResources/garage/colormap/marsh	316708	c1d1657c3ea5755f1ab7af898e21e362	
C	GameResources-garage-colormap-marshal	Resources/GameResources/garage/colormap/marshal	11784	de347d8acf279928847d14792209b6f9	
C	GameResources-garage-colormap-mary	Resources/GameResources/garage/colormap/mary	221412	51e3f9934c1d32a830f57e8c255b9a8f	
C	GameResources-garage-colormap-masquerade	Resources/GameResources/garage/colormap/masquerade	111632	12819ff20678fcc8acabc9eebde2c1b4	
C	GameResources-garage-colormap-master_of_parkour_2014	Resources/GameResources/garage/colormap/master_of_parkour_2014	45864	3678861e1fc4d920ad74f874d391db9a	
C	GameResources-garage-colormap-master_of_parkour_2015	Resources/GameResources/garage/colormap/master_of_parkour_2015	47928	b451120676def5c92d747535ae0e6d0b	
C	GameResources-garage-colormap-master_of_parkour_2016	Resources/GameResources/garage/colormap/master_of_parkour_2016	44792	1fceb18a24fe67967af2ad494baf967a	
C	GameResources-garage-colormap-master_of_parkour_2017	Resources/GameResources/garage/colormap/master_of_parkour_2017	52632	68d1a2f55d532f14434d148eb216115a	
C	GameResources-garage-colormap-master_of_parkour_2019	Resources/GameResources/garage/colormap/master_of_parkour_2019	44264	379ce220c6b02ad3d0c5dfa400269cf4	
C	GameResources-garage-colormap-master_of_parkour_2020	Resources/GameResources/garage/colormap/master_of_parkour_2020	37000	2517e9b32a517da335e2a214a9004e03	
C	GameResources-garage-colormap-master_of_parkour_2023	Resources/GameResources/garage/colormap/master_of_parkour_2023	45000	0922a86cd0dedcf8323993a6547c4cfb	
C	GameResources-garage-colormap-master_of_parkour_2023_old	Resources/GameResources/garage/colormap/master_of_parkour_2023_old	83504	b52e848df09c794675a5876e62ed5aaa	
C	GameResources-garage-colormap-matrix	Resources/GameResources/garage/colormap/matrix	109484	1950c9acf6103cbb88fe7a4bbb87c5c0	
C	GameResources-garage-colormap-matrix_old	Resources/GameResources/garage/colormap/matrix_old	555824	251e6c7b50ec6dccb1886c29aa6eaefb	
C	GameResources-garage-colormap-may_day_2011	Resources/GameResources/garage/colormap/may_day_2011	45508	2b2e531bbac571b5fff44ca36d5c4393	
C	GameResources-garage-colormap-may_day_2012	Resources/GameResources/garage/colormap/may_day_2012	48484	67d0a12b3acb84e7826ad4c6f91f75a4	
C	GameResources-garage-colormap-may_day_2014	Resources/GameResources/garage/colormap/may_day_2014	250388	762744857d6a23add6b4cc9b7fdd5318	
C	GameResources-garage-colormap-may_day_2016	Resources/GameResources/garage/colormap/may_day_2016	136628	fbef829b7f2a374e7a05115769590302	
C	GameResources-garage-colormap-megapolis	Resources/GameResources/garage/colormap/megapolis	44492	9820d4b1bbe30f04cc043b0ddb29c97e	
C	GameResources-garage-colormap-metallic	Resources/GameResources/garage/colormap/metallic	233340	f501d3662f106e3b205f171765f4c4d3	
C	GameResources-garage-colormap-metallic_old	Resources/GameResources/garage/colormap/metallic_old	248484	8f3f0bf7ccfd36f35a56060a0a359bb4	
C	GameResources-garage-colormap-meteor_shower	Resources/GameResources/garage/colormap/meteor_shower	538416	fcba78de44de74d85ac73212358ccbfe	
C	GameResources-garage-colormap-mexico	Resources/GameResources/garage/colormap/mexico	563432	f3bbf4963170b2cb1c65843f4ccb902d	
C	GameResources-garage-colormap-microbiology	Resources/GameResources/garage/colormap/microbiology	1717900	f311a92e45d562b7a9e95fb60e5aa316	
C	GameResources-garage-colormap-microchip	Resources/GameResources/garage/colormap/microchip	75148	2c92cb2da61be5fe7b3d39623c8eca15	
C	GameResources-garage-colormap-microelectronic	Resources/GameResources/garage/colormap/microelectronic	28320	511fd692ec75cf0723467376953f700a	
C	GameResources-garage-colormap-miner	Resources/GameResources/garage/colormap/miner	168820	f7e28c2744c6678c41eecabdd70a6276	
C	GameResources-garage-colormap-miniature_masonry	Resources/GameResources/garage/colormap/miniature_masonry	28460	2b2aae53cc0dbeb7e99cee60b17b2a16	
C	GameResources-garage-colormap-mint	Resources/GameResources/garage/colormap/mint	55076	b64e31d82f21c13ab9e1024f291c305a	
C	GameResources-garage-colormap-mint_candy	Resources/GameResources/garage/colormap/mint_candy	52112	0616bb291c8ff231adecb806e24dd701	
C	GameResources-garage-colormap-moderator	Resources/GameResources/garage/colormap/moderator	84380	ff7ad8cc7b7382a5df46f1aed689edd1	
C	GameResources-garage-colormap-monet	Resources/GameResources/garage/colormap/monet	224996	be27fbbde028678b93b9e4a5a0871163	
C	GameResources-garage-colormap-mono_apple	Resources/GameResources/garage/colormap/mono_apple	21760	f2ccbd9e2205e7b192e440fbba29e48d	
C	GameResources-garage-colormap-mono_aquamarine	Resources/GameResources/garage/colormap/mono_aquamarine	22104	67020c05899510a718ef50530d95a0bd	
C	GameResources-garage-colormap-mono_azure	Resources/GameResources/garage/colormap/mono_azure	22112	bc6f26306aef9ee462aaef8f71fe875d	
C	GameResources-garage-colormap-mono_black	Resources/GameResources/garage/colormap/mono_black	14816	5f1a164e1f0142231e5d7e27166529c2	
C	GameResources-garage-colormap-mono_blue	Resources/GameResources/garage/colormap/mono_blue	20748	6b46eb8be66e7df103586d696a35851b	
C	GameResources-garage-colormap-mono_coral	Resources/GameResources/garage/colormap/mono_coral	22272	2e057d4c728bb1c1058225e39a9b9854	
C	GameResources-garage-colormap-mono_fuchsia	Resources/GameResources/garage/colormap/mono_fuchsia	21684	1c39ae2d30e722b3de5a00dca0260eb6	
C	GameResources-garage-colormap-mono_gold	Resources/GameResources/garage/colormap/mono_gold	22764	e4235bd4e04dbe9115900054a1ca4953	
C	GameResources-garage-colormap-mono_metallic	Resources/GameResources/garage/colormap/mono_metallic	15988	f731dafb31e2f59cb5129188bddb8b40	
C	GameResources-garage-colormap-mono_orange	Resources/GameResources/garage/colormap/mono_orange	23776	f53645b5e02f96569101e7ecf6e53700	
C	GameResources-garage-colormap-mono_red	Resources/GameResources/garage/colormap/mono_red	22236	3e6d75a1c28c5ecaada5a862ae12c2fd	
C	GameResources-garage-colormap-mono_violet	Resources/GameResources/garage/colormap/mono_violet	21248	da21407c3b7941e1f1c9dead475653c0	
C	GameResources-garage-colormap-mono_white	Resources/GameResources/garage/colormap/mono_white	15792	fbdf9141a8106e2f6e5b6e854d1dc2a6	
C	GameResources-garage-colormap-mono_yellow	Resources/GameResources/garage/colormap/mono_yellow	22832	5e3db5f2e661978bc18e6a135dc6e216	
C	GameResources-garage-colormap-monochrome	Resources/GameResources/garage/colormap/monochrome	164448	b86a8aca7f3de7d405d53dead93f8a85	
C	GameResources-garage-colormap-moonwalker	Resources/GameResources/garage/colormap/moonwalker	152672	bd0d33a2763bf3e263f37f4eab4918da	
C	GameResources-garage-colormap-morocco	Resources/GameResources/garage/colormap/morocco	583720	d8240b74b309b5b7623b760ca2d37719	
C	GameResources-garage-colormap-mosaic	Resources/GameResources/garage/colormap/mosaic	226988	f60295e9b80745cb6e70c5e4ea7a254b	
C	GameResources-garage-colormap-moss	Resources/GameResources/garage/colormap/moss	96756	8129d16f65b18072c56318528ff2ce15	
C	GameResources-garage-colormap-mount_fuji	Resources/GameResources/garage/colormap/mount_fuji	506736	ff7e1b4ae38b4f9f5c7ffcfd63a2cc44	
C	GameResources-garage-colormap-mr_smiley	Resources/GameResources/garage/colormap/mr_smiley	46876	1047a11a4d0300ce5f6ca7b2948b486e	
C	GameResources-garage-colormap-nano	Resources/GameResources/garage/colormap/nano	177028	9e89cba26602200f5f3baa7c4f9b564d	
C	GameResources-garage-colormap-nanohud	Resources/GameResources/garage/colormap/nanohud	1965600	4757855e8a4cc2f9d7a21211545dbec7	
C	GameResources-garage-colormap-nanosuit_armor	Resources/GameResources/garage/colormap/nanosuit_armor	3448116	a19de90825af1992fe3fa2e4c24e0ab5	
C	GameResources-garage-colormap-national_unity_day_2010	Resources/GameResources/garage/colormap/national_unity_day_2010	38952	024926fbdc910c4152c07b235d88b3f9	
C	GameResources-garage-colormap-needle	Resources/GameResources/garage/colormap/needle	47016	d96dcefe2879f36d798be95ffbd3b8c0	
C	GameResources-garage-colormap-neo-cubes	Resources/GameResources/garage/colormap/neo-cubes	44668	b0934f05f79a817ee77d38129c746d31	
C	GameResources-garage-colormap-neon	Resources/GameResources/garage/colormap/neon	19012	f5a15d85cfe6048b7c5b4188af5b9d90	
C	GameResources-garage-colormap-neon_geometry	Resources/GameResources/garage/colormap/neon_geometry	1254528	0d41ec3d5f30165eee73eedc98c4fc99	
C	GameResources-garage-colormap-netherlands	Resources/GameResources/garage/colormap/netherlands	590560	66154bc139bf80a5d301003534283e27	
C	GameResources-garage-colormap-neural_network	Resources/GameResources/garage/colormap/neural_network	73480	4113837c82faf4f4a410512882f78397	
C	GameResources-garage-colormap-neuron	Resources/GameResources/garage/colormap/neuron	136856	4a66d3e36cf85ded556a6222918e43d7	
C	GameResources-garage-colormap-new_camouflage	Resources/GameResources/garage/colormap/new_camouflage	43320	5a8a639134f90b8a73595c55c8b06e53	
C	GameResources-garage-colormap-new_year_2011	Resources/GameResources/garage/colormap/new_year_2011	124964	33b902f474627f5d02bfb4d234fa0d7b	
C	GameResources-garage-colormap-new_year_2013	Resources/GameResources/garage/colormap/new_year_2013	261444	81f91a6eae3b340c0fb22e05f554cf76	
C	GameResources-garage-colormap-new_year_2016	Resources/GameResources/garage/colormap/new_year_2016	81572	93ec150d3a28e30e89e2065a362c6841	
C	GameResources-garage-colormap-new_year_2016_premium	Resources/GameResources/garage/colormap/new_year_2016_premium	112004	e160ea35ad40e2c3b5743531ef1975b6	
C	GameResources-garage-colormap-new_year_2017	Resources/GameResources/garage/colormap/new_year_2017	107220	1730af9a45b247a62316fedd6103d166	
C	GameResources-garage-colormap-new_year_2019	Resources/GameResources/garage/colormap/new_year_2019	61812	617e89b4a5f63e71275a9ff029dbad33	
C	GameResources-garage-colormap-new_year_2022	Resources/GameResources/garage/colormap/new_year_2022	203604	bbd201d901a10554855647719cfb81fb	
C	GameResources-garage-colormap-new_year_gift	Resources/GameResources/garage/colormap/new_year_gift	24292	924188b21e3263e3c4c2f2a538f938df	
C	GameResources-garage-colormap-newyear2020	Resources/GameResources/garage/colormap/newyear2020	2801584	3bf5cede055732937cf54832447db7ba	
C	GameResources-garage-colormap-nickel	Resources/GameResources/garage/colormap/nickel	1551388	6fc732e52ef3c2bb67a6af361b111d86	
C	GameResources-garage-colormap-nigeria	Resources/GameResources/garage/colormap/nigeria	509208	3d2f05ba945094fecd12c80817a3ff71	
C	GameResources-garage-colormap-night	Resources/GameResources/garage/colormap/night	50324	e569deea7f6201cb56325759d6fd11bb	
C	GameResources-garage-colormap-night_city	Resources/GameResources/garage/colormap/night_city	1106768	eed69e6872cba80d4bdcad2d9f5994e3	
C	GameResources-garage-colormap-nightcity	Resources/GameResources/garage/colormap/nightcity	1699904	d93f95e1a85537b79e2f601b2c8b7988	
C	GameResources-garage-colormap-nightmare	Resources/GameResources/garage/colormap/nightmare	238844	e794b82180b93535ba71da3f46a74b37	
C	GameResources-garage-colormap-noobest	Resources/GameResources/garage/colormap/noobest	377448	7274c143bd4f530e5c0de569036f1084	
C	GameResources-garage-colormap-noobest_2	Resources/GameResources/garage/colormap/noobest_2	250732	0838fdf79c4737144c544b0ab0c8e37b	
C	GameResources-garage-colormap-north	Resources/GameResources/garage/colormap/north	568020	29a52410cf575c846bc4b37ec50847cd	
C	GameResources-garage-colormap-northern_lights	Resources/GameResources/garage/colormap/northern_lights	1272120	3fe8b8f166d6622cb82a946b70386472	
C	GameResources-garage-colormap-nostalgia	Resources/GameResources/garage/colormap/nostalgia	140844	910b991dad8af9039e181b44503d9d76	
C	GameResources-garage-colormap-not_a_lantern	Resources/GameResources/garage/colormap/not_a_lantern	1480432	d87de06befbb0456b23aef7c79e7e8f0	
C	GameResources-garage-colormap-nuclear_sun	Resources/GameResources/garage/colormap/nuclear_sun	47888	c74710ee96882018c8cee1fa5c2c0e1a	
C	GameResources-garage-colormap-oasis	Resources/GameResources/garage/colormap/oasis	61412	23167bcbfc9c399774cfa3c36e22fc9b	
C	GameResources-garage-colormap-obsidian	Resources/GameResources/garage/colormap/obsidian	42492	9b4a80e99f32b369c098c74f58613308	
C	GameResources-garage-colormap-oceania	Resources/GameResources/garage/colormap/oceania	35496	2350c2254590a50d7207fd7ec15480e4	
C	GameResources-garage-colormap-off-road_vehicle	Resources/GameResources/garage/colormap/off-road_vehicle	59964	38b07a9376d8fa1e97f4553c34d356be	
C	GameResources-garage-colormap-offensive	Resources/GameResources/garage/colormap/offensive	48428	b472156d9358108e95decd9709e3ac39	
C	GameResources-garage-colormap-office	Resources/GameResources/garage/colormap/office	2366792	4d82b0ffed4fe930db0cf248bc3384cf	
C	GameResources-garage-colormap-onyx	Resources/GameResources/garage/colormap/onyx	57220	dea5c531bda1fa177c73b33b0529df2d	
C	GameResources-garage-colormap-orange	Resources/GameResources/garage/colormap/orange	23512	9af6e76d0e990f40d1aef20a5622c27e	
C	GameResources-garage-colormap-orange_old	Resources/GameResources/garage/colormap/orange_old	21680	87a40c319ec3171b454226537efb84a5	
C	GameResources-garage-colormap-orange_urchin	Resources/GameResources/garage/colormap/orange_urchin	39268	f99e7d740fc3f2585079610e64fcd11d	
C	GameResources-garage-colormap-organizer	Resources/GameResources/garage/colormap/organizer	278588	25e010615777043893a538ac5935437d	
C	GameResources-garage-colormap-oriental_glam	Resources/GameResources/garage/colormap/oriental_glam	70292	f2c393523a066586a0fdfa4a990e10ec	
C	GameResources-garage-colormap-packed_stocking	Resources/GameResources/garage/colormap/packed_stocking	36104	f0794e9f20ab10decae8f650a6ca112a	
C	GameResources-garage-colormap-paisley_flame	Resources/GameResources/garage/colormap/paisley_flame	68596	301d935383f18bc2aa09ca279f23c6d2	
C	GameResources-garage-colormap-paisley_ice	Resources/GameResources/garage/colormap/paisley_ice	82800	ab0a8ac29a2821f729d635a80c291a79	
C	GameResources-garage-colormap-pajamas	Resources/GameResources/garage/colormap/pajamas	140552	5418163a918c7131c31704c89d70e287	
C	GameResources-garage-colormap-panama	Resources/GameResources/garage/colormap/panama	628744	cc22257c7624d90b2d243156d25a9d21	
C	GameResources-garage-colormap-pastila	Resources/GameResources/garage/colormap/pastila	355072	d9217fed2f0fd4e0cfea45206e2ebb8f	
C	GameResources-garage-colormap-pcb	Resources/GameResources/garage/colormap/pcb	1724300	a5fb7b3460c2921eda02e79fbd3c701f	
C	GameResources-garage-colormap-peace_work_may	Resources/GameResources/garage/colormap/peace_work_may	127384	9c21a8513625034200d77a98c53e352f	
C	GameResources-garage-colormap-peaks	Resources/GameResources/garage/colormap/peaks	66836	51bcbf904f66ceb6dd1f85817a6dcf88	
C	GameResources-garage-colormap-pegasus	Resources/GameResources/garage/colormap/pegasus	64200	6054e6669ba663b9d49a5439c4eda659	
C	GameResources-garage-colormap-penguins	Resources/GameResources/garage/colormap/penguins	36748	a8ab25fd3e0ad4b4de87f1b82560b3ba	
C	GameResources-garage-colormap-peppers	Resources/GameResources/garage/colormap/peppers	62600	d6b1d78605be30c760475f1ef7363e93	
C	GameResources-garage-colormap-peru	Resources/GameResources/garage/colormap/peru	571684	e5085d262a9308348a7d06b6d5e01e8c	
C	GameResources-garage-colormap-phantom	Resources/GameResources/garage/colormap/phantom	20248	3555e900941d98014d3d5efde36d015d	
C	GameResources-garage-colormap-phenix	Resources/GameResources/garage/colormap/phenix	144008	1165bf67f567d52e7b4501a2d788121c	
C	GameResources-garage-colormap-phoenix	Resources/GameResources/garage/colormap/phoenix	150232	9e619aba1bd31412f94b6dd141cb76e5	
C	GameResources-garage-colormap-photon	Resources/GameResources/garage/colormap/photon	105272	108883898df078b0b939cede8767f941	
C	GameResources-garage-colormap-picasso	Resources/GameResources/garage/colormap/picasso	142936	d22cafd3f7f5ea8a8a7221e361d10479	
C	GameResources-garage-colormap-picnic	Resources/GameResources/garage/colormap/picnic	72440	01086e322fac74b54e2429d3253ac132	
C	GameResources-garage-colormap-pink_elephant	Resources/GameResources/garage/colormap/pink_elephant	68916	7a384eb48a14ef33e39d6116b9a97989	
C	GameResources-garage-colormap-pixel	Resources/GameResources/garage/colormap/pixel	39044	fdf659705b792a21c6a1e3cc4905d083	
C	GameResources-garage-colormap-pixel_heart	Resources/GameResources/garage/colormap/pixel_heart	149520	5694e7ada7411b330e2be0bf01174d40	
C	GameResources-garage-colormap-pixel_plasma	Resources/GameResources/garage/colormap/pixel_plasma	1302956	65d5a99deee5a9f3ed613fc049e5e9eb	
C	GameResources-garage-colormap-play_doh	Resources/GameResources/garage/colormap/play_doh	81676	28103fdfb26fcbfa2f3982fa47425d57	
C	GameResources-garage-colormap-playground	Resources/GameResources/garage/colormap/playground	72608	8c4d2b7a726e96b3ce82ed2d03db35f7	
C	GameResources-garage-colormap-plazmoid	Resources/GameResources/garage/colormap/plazmoid	63120	be5638b976205ba4a65cc34ccffabd97	
C	GameResources-garage-colormap-plexus	Resources/GameResources/garage/colormap/plexus	4076808	16d4991f9790566802af37172daba043	
C	GameResources-garage-colormap-poland	Resources/GameResources/garage/colormap/poland	530680	9cd54aeddc625f78c07ad7971349dd2a	
C	GameResources-garage-colormap-pop_art	Resources/GameResources/garage/colormap/pop_art	38792	c42e1f20b2338e86cc3e5f9c49cd6322	
C	GameResources-garage-colormap-pop_it	Resources/GameResources/garage/colormap/pop_it	50296	b141c0cdc0afd8dc8b7414acd8442f79	
C	GameResources-garage-colormap-portugal	Resources/GameResources/garage/colormap/portugal	678140	ef7703656439e30a8fdb8c6f24afec4b	
C	GameResources-garage-colormap-potter	Resources/GameResources/garage/colormap/potter	64472	20ef2780b728048739003edf58bd58ce	
C	GameResources-garage-colormap-precious_studs	Resources/GameResources/garage/colormap/precious_studs	68856	d527b073a99f2c9da32c17ecf69c4903	
C	GameResources-garage-colormap-premium	Resources/GameResources/garage/colormap/premium	65944	fcb2b35cd20ba88425c33a6dbc1f6a32	
C	GameResources-garage-colormap-prestigio	Resources/GameResources/garage/colormap/prestigio	458636	68d0576b5f09e197cf2b64439037ce06	
C	GameResources-garage-colormap-prism	Resources/GameResources/garage/colormap/prism	79844	efa779bf327927f3fc33a2a9cb80c2b7	
C	GameResources-garage-colormap-prodigi	Resources/GameResources/garage/colormap/prodigi	71752	667cf29e06f3ed335254ffc5f35360db	
C	GameResources-garage-colormap-prodigy	Resources/GameResources/garage/colormap/prodigy	64088	e3f20d5f4cc0dbacd0bd09ce364796b2	
C	GameResources-garage-colormap-prodigy_2.0	Resources/GameResources/garage/colormap/prodigy_2.0	349972	bb8ffbb7671a988d29955c4c0ff7de64	
C	GameResources-garage-colormap-pulsar	Resources/GameResources/garage/colormap/pulsar	79704	144f0de84e7d0f9afe82d8b5c85d779e	
C	GameResources-garage-colormap-pumpkin_puree	Resources/GameResources/garage/colormap/pumpkin_puree	142996	d39f24a68e8da63f212c07582766f831	
C	GameResources-garage-colormap-pumpkins	Resources/GameResources/garage/colormap/pumpkins	40620	e6b4d2066791ef23f4553b65b436aaaa	
C	GameResources-garage-colormap-punk	Resources/GameResources/garage/colormap/punk	21236	e29e959d07cabbc99b9039ac3916d8d8	
C	GameResources-garage-colormap-python	Resources/GameResources/garage/colormap/python	39352	964e513e4f4cc224c508dd48062ea34d	
C	GameResources-garage-colormap-quantum_camo	Resources/GameResources/garage/colormap/quantum_camo	951964	9120bbb0b63d2ed23a8f5af60ea1bc13	
C	GameResources-garage-colormap-question	Resources/GameResources/garage/colormap/question	162252	d55ebcf51cbb7a977e30ffdece28eb1b	
C	GameResources-garage-colormap-quirky	Resources/GameResources/garage/colormap/quirky	33336	110085d26157db50d68ee19185128130	
C	GameResources-garage-colormap-raccoon	Resources/GameResources/garage/colormap/raccoon	32280	4522e5b719d01d6fda783d3ecdc26b87	
C	GameResources-garage-colormap-radar	Resources/GameResources/garage/colormap/radar	1739416	c6d3deb70e97d6998de738aa69801aae	
C	GameResources-garage-colormap-radiance	Resources/GameResources/garage/colormap/radiance	4772876	daa017eec7c95b7f52c72558cf1fa9eb	
C	GameResources-garage-colormap-radioactive_jelly	Resources/GameResources/garage/colormap/radioactive_jelly	488068	97fbadb3bc40cb30e2b553c346d8604c	
C	GameResources-garage-colormap-rare_easter_egg	Resources/GameResources/garage/colormap/rare_easter_egg	70488	5a114cad5e800c5bd83715231cf50439	
C	GameResources-garage-colormap-recruit	Resources/GameResources/garage/colormap/recruit	68760	d7de4ba4993c610f772858377be36a9a	
C	GameResources-garage-colormap-red	Resources/GameResources/garage/colormap/red	11040	f2d748078145c4e4f0a6a7ba026f9174	
C	GameResources-garage-colormap-red_marks	Resources/GameResources/garage/colormap/red_marks	49052	fa0da40aab3a3a104dff18ca410aab5e	
C	GameResources-garage-colormap-red_marmalade	Resources/GameResources/garage/colormap/red_marmalade	570628	83109166c867f1390bc339cec74f4bc5	
C	GameResources-garage-colormap-red_planet	Resources/GameResources/garage/colormap/red_planet	553248	63bcc94327c0d9342c0e93144e26f7b4	
C	GameResources-garage-colormap-red_smoke	Resources/GameResources/garage/colormap/red_smoke	1869564	2ced4402130423d9f9f70c1e1d97e870	
C	GameResources-garage-colormap-red_suit	Resources/GameResources/garage/colormap/red_suit	34796	4c09a367867c791d082d193e16d59744	
C	GameResources-garage-colormap-red_urban	Resources/GameResources/garage/colormap/red_urban	60812	8819dcdbcc4010bede0574d5361536bd	
C	GameResources-garage-colormap-reddit	Resources/GameResources/garage/colormap/reddit	65704	a3a085d3c42a65fa698a24efcd04360c	
C	GameResources-garage-colormap-redl	Resources/GameResources/garage/colormap/redl	291316	164b3f72d4bbea83de772eadc0819628	
C	GameResources-garage-colormap-reporter	Resources/GameResources/garage/colormap/reporter	368204	30392529047f7b38c3e337e21c2c913b	
C	GameResources-garage-colormap-reporter_old	Resources/GameResources/garage/colormap/reporter_old	392484	f4b4d6f1151fce0a8cccca3fa7114a5a	
C	GameResources-garage-colormap-retina	Resources/GameResources/garage/colormap/retina	68904	871b3f9ffbfefadaaeffaf2bf448e6d6	
C	GameResources-garage-colormap-retrowave	Resources/GameResources/garage/colormap/retrowave	308412	4d2340316b25e6daaa3ac0e2519bc64c	
C	GameResources-garage-colormap-rhino	Resources/GameResources/garage/colormap/rhino	17716	5ee0880015f6c8f63c2f15b395ffef7e	
C	GameResources-garage-colormap-ripple	Resources/GameResources/garage/colormap/ripple	31560	fdc340728a06ae5b65a365d9842c8cca	
C	GameResources-garage-colormap-rock	Resources/GameResources/garage/colormap/rock	198868	b22b6ab1f2062a4aca15f541b6c0e3b5	
C	GameResources-garage-colormap-roger	Resources/GameResources/garage/colormap/roger	259588	5fca7583dfb9d8e5e0e7ae50d708380a	
C	GameResources-garage-colormap-ruby	Resources/GameResources/garage/colormap/ruby	180836	8f9331941c143ce8fbeb3e3c36171c0e	
C	GameResources-garage-colormap-runes	Resources/GameResources/garage/colormap/runes	443848	98345f7e1f53da91818d13cc547228db	
C	GameResources-garage-colormap-runet_prize_2010	Resources/GameResources/garage/colormap/runet_prize_2010	40236	5ac0f7738e8bb59351fb57b8a41d6734	
C	GameResources-garage-colormap-runet_prize_2011	Resources/GameResources/garage/colormap/runet_prize_2011	135980	e64779abdf523886c5fb0770489c9679	
C	GameResources-garage-colormap-russia	Resources/GameResources/garage/colormap/russia	550936	a5f7fffd1039cb2e12b6be3d0f8fb725	
C	GameResources-garage-colormap-rust	Resources/GameResources/garage/colormap/rust	62932	523be4f788524d4c31ea645cac706f73	
C	GameResources-garage-colormap-rustle	Resources/GameResources/garage/colormap/rustle	368728	ae5bb778b9bd3ba481cb57ee3451c348	
C	GameResources-garage-colormap-s-n-e-g	Resources/GameResources/garage/colormap/s-n-e-g	159672	002c9344a1985a8c08f9ea5f14a3a3d9	
C	GameResources-garage-colormap-safari	Resources/GameResources/garage/colormap/safari	53032	038d79ae0211d277854d6339cbbeb136	
C	GameResources-garage-colormap-sahara	Resources/GameResources/garage/colormap/sahara	60072	c8b71f5bcda917b7aad56360b62293ef	
C	GameResources-garage-colormap-sakura	Resources/GameResources/garage/colormap/sakura	83368	42e35cfb527dd64f8a7e10cba47cd71e	
C	GameResources-garage-colormap-samba	Resources/GameResources/garage/colormap/samba	64692	56239dad07c48f70d2eea4e75f055585	
C	GameResources-garage-colormap-sandstone	Resources/GameResources/garage/colormap/sandstone	98796	0452c602d1920b3ce583c77703938043	
C	GameResources-garage-colormap-santa_claus	Resources/GameResources/garage/colormap/santa_claus	31136	6727b82a55e74bb2a92b088d1e654f35	
C	GameResources-garage-colormap-sapphire	Resources/GameResources/garage/colormap/sapphire	167244	794d8e0226e614163e6458eeb42a9684	
C	GameResources-garage-colormap-saudi_arabia	Resources/GameResources/garage/colormap/saudi_arabia	616868	34b513f16e3473b2bbd5ad7c3dd9cd54	
C	GameResources-garage-colormap-savanna	Resources/GameResources/garage/colormap/savanna	108744	db31e7156b36cc0dff49d67d67b96ba6	
C	GameResources-garage-colormap-scandinavia	Resources/GameResources/garage/colormap/scandinavia	69328	c1411ac2dcba1161f2fa22437a291b31	
C	GameResources-garage-colormap-scarier_things	Resources/GameResources/garage/colormap/scarier_things	63656	a1348aa7bd885a80af5b72d122870202	
C	GameResources-garage-colormap-scorpions	Resources/GameResources/garage/colormap/scorpions	422700	18d1d896be8d7dd4f1d950d52becd95d	
C	GameResources-garage-colormap-scorpions_2	Resources/GameResources/garage/colormap/scorpions_2	233664	b1435c7a217dd761ef06befc2eb0698d	
C	GameResources-garage-colormap-secret_of_the_aliens	Resources/GameResources/garage/colormap/secret_of_the_aliens	44468	9e810f9b3be96fb537643d9c96fbf476	
C	GameResources-garage-colormap-secret_sauce	Resources/GameResources/garage/colormap/secret_sauce	457964	01c075dd4782853ab2064ee27c479915	
C	GameResources-garage-colormap-senegal	Resources/GameResources/garage/colormap/senegal	609256	92a1ed953a2dc1cb5f48ef50f8daef18	
C	GameResources-garage-colormap-serbia	Resources/GameResources/garage/colormap/serbia	693864	f5141ff872fc04e54158a2bbf36e07ed	
C	GameResources-garage-colormap-seventies_fun	Resources/GameResources/garage/colormap/seventies_fun	1818016	991cf08775bf23e3a6c1027ebe75d088	
C	GameResources-garage-colormap-shamrock_squad	Resources/GameResources/garage/colormap/shamrock_squad	52136	a6170e6cc03fa267629e48244824e472	
C	GameResources-garage-colormap-sharax	Resources/GameResources/garage/colormap/sharax	25320	1518b3f11223d7bf92c9488d2f9ae58f	
C	GameResources-garage-colormap-sheriffs	Resources/GameResources/garage/colormap/sheriffs	61756	5d5e2987f699f9f8163370a1f99473d3	
C	GameResources-garage-colormap-shisui_team	Resources/GameResources/garage/colormap/shisui_team	136208	79a8a85918e0e6475ff5e226bfa74ed7	
C	GameResources-garage-colormap-shredded	Resources/GameResources/garage/colormap/shredded	67004	b1590ba5a9d933e8aaaf981bf397ac20	
C	GameResources-garage-colormap-siberian_tiger	Resources/GameResources/garage/colormap/siberian_tiger	615412	e5df2b8ba429e9f922c852cce42f83bd	
C	GameResources-garage-colormap-sight	Resources/GameResources/garage/colormap/sight	63156	a3fccfd43e516dc017a392afda726c08	
C	GameResources-garage-colormap-sillicate	Resources/GameResources/garage/colormap/sillicate	25884	842197119c413c1fa14bf10130d02a13	
C	GameResources-garage-colormap-silver	Resources/GameResources/garage/colormap/silver	3602684	0af598939e8d25df27116efad52e0e5a	
C	GameResources-garage-colormap-silver_bricks	Resources/GameResources/garage/colormap/silver_bricks	268272	6c4043a280ee776890e06d687452ed67	
C	GameResources-garage-colormap-silver_old	Resources/GameResources/garage/colormap/silver_old	46688	111179bca31a049683cfa625c5744a6e	
C	GameResources-garage-colormap-singapore	Resources/GameResources/garage/colormap/singapore	146444	b1f661b9f53a1f7f57e7afc356766ccb	
C	GameResources-garage-colormap-singularity	Resources/GameResources/garage/colormap/singularity	107408	3510ea606144472a3ac8276aaa503a55	
C	GameResources-garage-colormap-skomorokh	Resources/GameResources/garage/colormap/skomorokh	42044	3e63bd0304ccbe84b102d58ea58704c0	
C	GameResources-garage-colormap-sky	Resources/GameResources/garage/colormap/sky	132192	06b48dce60278da24d8546c26ea01cb5	
C	GameResources-garage-colormap-smoke_screen	Resources/GameResources/garage/colormap/smoke_screen	356044	a84b5030b2de7bfe560c1a16d293a9cb	
C	GameResources-garage-colormap-snowflake	Resources/GameResources/garage/colormap/snowflake	243580	bd005d8102f13134c337e592f46eb8fa	
C	GameResources-garage-colormap-snowman	Resources/GameResources/garage/colormap/snowman	45128	fd56e04c01d20158feb6dcf7d398e3b6	
C	GameResources-garage-colormap-snowmen	Resources/GameResources/garage/colormap/snowmen	30312	2369b213fd2e3a5f106310f556921894	
C	GameResources-garage-colormap-snowy_surprise	Resources/GameResources/garage/colormap/snowy_surprise	58248	e05bf4b1c36907b6678254a6d00991e8	
C	GameResources-garage-colormap-soda	Resources/GameResources/garage/colormap/soda	45172	3c778cbb93b06b9a4f942e80b0bb96c6	
C	GameResources-garage-colormap-soft_flowers	Resources/GameResources/garage/colormap/soft_flowers	217972	0b20277a182962e835ecc7da1b89f0f9	
C	GameResources-garage-colormap-sonar	Resources/GameResources/garage/colormap/sonar	316468	0871188aefa973f475a2a8436415d75d	
C	GameResources-garage-colormap-souls	Resources/GameResources/garage/colormap/souls	1227992	796ee739a4fe0fa94bca077004dd355f	
C	GameResources-garage-colormap-space	Resources/GameResources/garage/colormap/space	491924	634ebc82d768cbe9fae4de3674691366	
C	GameResources-garage-colormap-space-time	Resources/GameResources/garage/colormap/space-time	171184	59c735dd7094af12c11bb4ccc467d176	
C	GameResources-garage-colormap-spain	Resources/GameResources/garage/colormap/spain	628500	f1d07a1aaeae7981b79175f8317a8b81	
C	GameResources-garage-colormap-spangles	Resources/GameResources/garage/colormap/spangles	238988	ecd0fc0b1f6fba94ec4d7a6c20176abd	
C	GameResources-garage-colormap-spark	Resources/GameResources/garage/colormap/spark	98276	9a17db0af9e93ceceba24ca7bd58cfb3	
C	GameResources-garage-colormap-sparks	Resources/GameResources/garage/colormap/sparks	1569916	c98de632992e4041c9d18fef218cf6e4	
C	GameResources-garage-colormap-spectator	Resources/GameResources/garage/colormap/spectator	26956	4fac01fa478e71c88d3794f47e52cbc8	
C	GameResources-garage-colormap-spectr	Resources/GameResources/garage/colormap/spectr	20952	28b0b5ad7abdc81ec18614d3402525b5	
C	GameResources-garage-colormap-spectrum	Resources/GameResources/garage/colormap/spectrum	182296	f75c1e9a55b9b1416f76138b8e8a0657	
C	GameResources-garage-colormap-specular	Resources/GameResources/garage/colormap/specular	36892	5754f0a982cdd971cc2c151207e91071	
C	GameResources-garage-colormap-speeding_star	Resources/GameResources/garage/colormap/speeding_star	58900	8e35033b64fecbfe40449efa38903a4d	
C	GameResources-garage-colormap-spid	Resources/GameResources/garage/colormap/spid	195236	bdff0e2db3d4cbc3c7e0bb7db930dba4	
C	GameResources-garage-colormap-spincolor	Resources/GameResources/garage/colormap/spincolor	89228	6b8c28cc2e7a296d21171626134c324f	
C	GameResources-garage-colormap-spinner	Resources/GameResources/garage/colormap/spinner	616896	0becf27ae831ec925a41d37916ee0c98	
C	GameResources-garage-colormap-spirit_of_brazil	Resources/GameResources/garage/colormap/spirit_of_brazil	34460	7443acc6135796bdbe0eb9bee1a63326	
C	GameResources-garage-colormap-spirit_of_latam	Resources/GameResources/garage/colormap/spirit_of_latam	35080	7818fe7221ff6048afd55cb225b5bb09	
C	GameResources-garage-colormap-splash	Resources/GameResources/garage/colormap/splash	3042504	a61e7bf1d4eee1330ae3f8a36d46e80b	
C	GameResources-garage-colormap-sponsor	Resources/GameResources/garage/colormap/sponsor	4095240	8e93f3ef8266492a8754ed1216a3bd4f	
C	GameResources-garage-colormap-sponsor2	Resources/GameResources/garage/colormap/sponsor2	2694764	47f84606e3478c59cecb1f880cd3c271	
C	GameResources-garage-colormap-sponsor3	Resources/GameResources/garage/colormap/sponsor3	107356	9991c682d7456cb61b7f2541a6fc3359	
C	GameResources-garage-colormap-spots	Resources/GameResources/garage/colormap/spots	52452	8cd5a42a519bfd2dcf41139b36e1248a	
C	GameResources-garage-colormap-spreading_fast	Resources/GameResources/garage/colormap/spreading_fast	1699524	ef0166e510576e733df196b3ff85098a	
C	GameResources-garage-colormap-spring	Resources/GameResources/garage/colormap/spring	1753292	56d009360f028a4764954dca43be1169	
C	GameResources-garage-colormap-spring_2011	Resources/GameResources/garage/colormap/spring_2011	615024	aa7266f5e05b1607c715554a4e053f43	
C	GameResources-garage-colormap-spring_bouquet	Resources/GameResources/garage/colormap/spring_bouquet	73848	d82c05856d91ca03fcaf0e57c9411f96	
C	GameResources-garage-colormap-squid_fingers	Resources/GameResources/garage/colormap/squid_fingers	38372	323b6d866e9f4356407c1ed748319f17	
C	GameResources-garage-colormap-st_patricks_day_2022	Resources/GameResources/garage/colormap/st_patricks_day_2022	144148	936dd2d9851f9bf5df6925f62a81af98	
C	GameResources-garage-colormap-stained_glass	Resources/GameResources/garage/colormap/stained_glass	67108	53d1bf7620bcb949dba26c35779aebb6	
C	GameResources-garage-colormap-star	Resources/GameResources/garage/colormap/star	161156	710c9ad77bdcda66f97cb65e621cde25	
C	GameResources-garage-colormap-staries	Resources/GameResources/garage/colormap/staries	35544	d314c826a83971767ef34d719a54817a	
C	GameResources-garage-colormap-stars_and_flames	Resources/GameResources/garage/colormap/stars_and_flames	43756	929d5f668a76574b917d56110259cb37	
C	GameResources-garage-colormap-startravelist	Resources/GameResources/garage/colormap/startravelist	31900	8893eb1b7de3d02d300c8b18fde5e569	
C	GameResources-garage-colormap-steak	Resources/GameResources/garage/colormap/steak	90596	49a8d5298501685ce489f00caef5ffa9	
C	GameResources-garage-colormap-steam	Resources/GameResources/garage/colormap/steam	143764	a5d11261d9efbdfd5b59bdd7bf437f4b	
C	GameResources-garage-colormap-steel_micro-fibers	Resources/GameResources/garage/colormap/steel_micro-fibers	143088	d349bba47200764a969b202437ca49e3	
C	GameResources-garage-colormap-storm	Resources/GameResources/garage/colormap/storm	61044	65d981b4935a410d57034f1bba515d60	
C	GameResources-garage-colormap-storm_2	Resources/GameResources/garage/colormap/storm_2	208296	d65784da2beba4cb1392c2de04d686ab	
C	GameResources-garage-colormap-story	Resources/GameResources/garage/colormap/story	568212	e36c8a99fdb1d2381cb0903236b9666f	
C	GameResources-garage-colormap-strawberry	Resources/GameResources/garage/colormap/strawberry	64928	2716a4b28b049ad910efad3123cba18a	
C	GameResources-garage-colormap-streetracer	Resources/GameResources/garage/colormap/streetracer	124288	fbd69f995cfed7a23d5faf57afa6578e	
C	GameResources-garage-colormap-stylish_tanker	Resources/GameResources/garage/colormap/stylish_tanker	42184	182620449a4bf82dbd643b1b9e5b695d	
C	GameResources-garage-colormap-sudoku	Resources/GameResources/garage/colormap/sudoku	29384	09ec1d0d0ecb42776f22871b466c5f2a	
C	GameResources-garage-colormap-sunrise	Resources/GameResources/garage/colormap/sunrise	148520	847e99d99a6aee7c68c61a4cb99344be	
C	GameResources-garage-colormap-sunset_camouflage	Resources/GameResources/garage/colormap/sunset_camouflage	71356	38e1a95c87541894165cdf569bef99a7	
C	GameResources-garage-colormap-surf	Resources/GameResources/garage/colormap/surf	2010996	b28237ca018c277f3c7fa35c1725b608	
C	GameResources-garage-colormap-survivor	Resources/GameResources/garage/colormap/survivor	35692	a8c22c20faf4db955341411ac1612e51	
C	GameResources-garage-colormap-swamp	Resources/GameResources/garage/colormap/swamp	315380	54a139c7db20679369b1f0068bbb4009	
C	GameResources-garage-colormap-swash	Resources/GameResources/garage/colormap/swash	163908	3f5020a19842106371cf886364a04e5a	
C	GameResources-garage-colormap-sweater	Resources/GameResources/garage/colormap/sweater	60056	97370d0db35dd102b62e7d87b6138f52	
C	GameResources-garage-colormap-sweden	Resources/GameResources/garage/colormap/sweden	408760	9766817282fce3eb5dc58febc11ab512	
C	GameResources-garage-colormap-sweet_gift	Resources/GameResources/garage/colormap/sweet_gift	46512	dc8a1196c178ccd8fae672cc49505d1a	
C	GameResources-garage-colormap-sweet_trick	Resources/GameResources/garage/colormap/sweet_trick	51344	b2214366081539f03f9cff7e5ab05a33	
C	GameResources-garage-colormap-switzerland	Resources/GameResources/garage/colormap/switzerland	477968	600be7ddc6a6c549a148394c49363e0b	
C	GameResources-garage-colormap-symbiote	Resources/GameResources/garage/colormap/symbiote	1550600	c37f796f1fc65d4e4d0b20284849d483	
C	GameResources-garage-colormap-synergy	Resources/GameResources/garage/colormap/synergy	46616	8564af5f25398e214cf109ff4268bbed	
C	GameResources-garage-colormap-synesthesia	Resources/GameResources/garage/colormap/synesthesia	2274244	c20132059800962eb8cf3b2cbf528863	
C	GameResources-garage-colormap-synth-pop	Resources/GameResources/garage/colormap/synth-pop	411388	35348c7c2360062bfde8e985aba4c144	
C	GameResources-garage-colormap-taiga	Resources/GameResources/garage/colormap/taiga	26196	0fafc9d7c3bdae0b244e93a2c0a97f9e	
C	GameResources-garage-colormap-tank-noir	Resources/GameResources/garage/colormap/tank-noir	25244	3ea9399d02dd5b1f0e29b94ae4c5abe5	
C	GameResources-garage-colormap-tankers_day_2012	Resources/GameResources/garage/colormap/tankers_day_2012	139788	86f9ea4c90c25aefb288c02ecd8d347e	
C	GameResources-garage-colormap-tankers_day_2013	Resources/GameResources/garage/colormap/tankers_day_2013	161388	e589243a370d2f1fc32636f39fa0801f	
C	GameResources-garage-colormap-tankers_day_2014	Resources/GameResources/garage/colormap/tankers_day_2014	32812	59aec7b5da5a2e8dca07b64305d6b35d	
C	GameResources-garage-colormap-tankers_day_2015	Resources/GameResources/garage/colormap/tankers_day_2015	58412	ce229c437328ae302f70fcb6d1702ee4	
C	GameResources-garage-colormap-tankers_day_2016	Resources/GameResources/garage/colormap/tankers_day_2016	54076	1ac59fef9f02cb57ab2c240c132ec4b3	
C	GameResources-garage-colormap-tanki_in_moscow	Resources/GameResources/garage/colormap/tanki_in_moscow	75544	a2d43ae5071ac235ac8da13ec48e3055	
C	GameResources-garage-colormap-tanki_online_turns_13	Resources/GameResources/garage/colormap/tanki_online_turns_13	38036	33e08953f6c76c2c22abf18548b77780	
C	GameResources-garage-colormap-tanki_s_sun	Resources/GameResources/garage/colormap/tanki's_sun	56288	e10d0682b1e9ef7b6c29e1e677da28d9	
C	GameResources-garage-colormap-tanki_sport_2021_1_feechki	Resources/GameResources/garage/colormap/tanki_sport_2021_1_feechki	45968	5a1a171ccb820d7459b6b1b0e10666b9	
C	GameResources-garage-colormap-tanki_sport_2021_1_penguins	Resources/GameResources/garage/colormap/tanki_sport_2021_1_penguins	46112	a95825ecef36159e9b717e899eec9942	
C	GameResources-garage-colormap-tanki_sport_2021_1_revenge	Resources/GameResources/garage/colormap/tanki_sport_2021_1_revenge	44992	c718b0f0ef36dd437f214a7204c28253	
C	GameResources-garage-colormap-tanki_sport_2021_1_team_pointers	Resources/GameResources/garage/colormap/tanki_sport_2021_1_team_pointers	46716	6d09fcb2d02a054bbc66fcaed38d8aeb	
C	GameResources-garage-colormap-tanki_sport_2021_2_banguins	Resources/GameResources/garage/colormap/tanki_sport_2021_2_banguins	190672	d96e6369c767266f30a5d3e474e9b989	
C	GameResources-garage-colormap-tanki_sport_2021_2_guardians	Resources/GameResources/garage/colormap/tanki_sport_2021_2_guardians	186116	551ad6f327524895baf6546545d56473	
C	GameResources-garage-colormap-tanki_sport_2021_2_revenge	Resources/GameResources/garage/colormap/tanki_sport_2021_2_revenge	187968	e3a1219643d3c609e3d4f0047a2fd821	
C	GameResources-garage-colormap-tanki_sport_2021_2_team_pointers	Resources/GameResources/garage/colormap/tanki_sport_2021_2_team_pointers	178172	804272355103c79b1f922ebebd17d8b9	
C	GameResources-garage-colormap-tanki_sport_2021_3_bulls	Resources/GameResources/garage/colormap/tanki_sport_2021_3_bulls	57260	1a1acd4381d8117efe0d51f954d36d42	
C	GameResources-garage-colormap-tanki_sport_2021_3_merciful	Resources/GameResources/garage/colormap/tanki_sport_2021_3_merciful	56256	d5ef4674a2a48c838e99a34ad4fc2623	
C	GameResources-garage-colormap-tanki_sport_2021_3_stepbrothers	Resources/GameResources/garage/colormap/tanki_sport_2021_3_stepbrothers	55992	84f5af82c0d8f9f6e0dc80e6452c3772	
C	GameResources-garage-colormap-tanki_sport_2021_3_team_pointers	Resources/GameResources/garage/colormap/tanki_sport_2021_3_team_pointers	56540	5fde4046aa80061cbe038b283e19c4df	
C	GameResources-garage-colormap-tanki_sport_2021_4_bulls	Resources/GameResources/garage/colormap/tanki_sport_2021_4_bulls	209004	659d257d099725d7a148c2e84badb2d1	
C	GameResources-garage-colormap-tanki_sport_2021_4_carnage	Resources/GameResources/garage/colormap/tanki_sport_2021_4_carnage	192112	cbd077bd7c868b164965699309c8797e	
C	GameResources-garage-colormap-tanki_sport_2021_4_stepbrothers	Resources/GameResources/garage/colormap/tanki_sport_2021_4_stepbrothers	197528	559d15b42a2ac094dc088d1313d1c3ed	
C	GameResources-garage-colormap-tanki_sport_2021_4_team_pointers	Resources/GameResources/garage/colormap/tanki_sport_2021_4_team_pointers	197788	675e2a9b75ffa6598ddd142ef6b1624e	
C	GameResources-garage-colormap-tanki_sport_2022_1_atb	Resources/GameResources/garage/colormap/tanki_sport_2022_1_atb	31240	19e102cc04a77580e6e521bdfcb45574	
C	GameResources-garage-colormap-tanki_sport_2022_1_black_mirror	Resources/GameResources/garage/colormap/tanki_sport_2022_1_black_mirror	31752	f5f2dde82523c1dd17ec30a0c052279f	
C	GameResources-garage-colormap-tanki_sport_2022_1_diamonds	Resources/GameResources/garage/colormap/tanki_sport_2022_1_diamonds	31424	93510df85df92a18e77b55337138d82a	
C	GameResources-garage-colormap-tanki_sport_2022_1_knockout	Resources/GameResources/garage/colormap/tanki_sport_2022_1_knockout	32992	bc03eb291d18621ef04f8e0dd471359c	
C	GameResources-garage-colormap-tanki_sport_2022_1_red_notice	Resources/GameResources/garage/colormap/tanki_sport_2022_1_red_notice	31684	acd7bbb90cbe99e2854bdf20a2066b2d	
C	GameResources-garage-colormap-tanki_sport_2022_1_team_pointers	Resources/GameResources/garage/colormap/tanki_sport_2022_1_team_pointers	32572	3de3e7b38f17258a33e8d895150be494	
C	GameResources-garage-colormap-tanki_sport_2022_1_the_dreamers	Resources/GameResources/garage/colormap/tanki_sport_2022_1_the_dreamers	33240	c40951193ab9e60144113b70e32d447c	
C	GameResources-garage-colormap-tanki_sport_2022_1_toxic	Resources/GameResources/garage/colormap/tanki_sport_2022_1_toxic	32844	54e37d981f07ed2e6d6361156c76450f	
C	GameResources-garage-colormap-tanki_sport_2022_2_devine	Resources/GameResources/garage/colormap/tanki_sport_2022_2_devine	54252	d2aaf94b2d59ed81dbcdc65435857ef3	
C	GameResources-garage-colormap-tanki_sport_2022_2_diamonds	Resources/GameResources/garage/colormap/tanki_sport_2022_2_diamonds	39536	e9015666b36f1cd5a18ed5924f30c96e	
C	GameResources-garage-colormap-tanki_sport_2022_2_guardians_advanced	Resources/GameResources/garage/colormap/tanki_sport_2022_2_guardians_advanced	39108	ca5d92f5a50e4baf84e569e286eb5316	
C	GameResources-garage-colormap-tanki_sport_2022_2_pepega	Resources/GameResources/garage/colormap/tanki_sport_2022_2_pepega	49260	433091077d3f5a1d52569ba03b1e22bf	
C	GameResources-garage-colormap-tanki_sport_2022_2_red_notice	Resources/GameResources/garage/colormap/tanki_sport_2022_2_red_notice	40484	c72e4ef6fc336742e79ab41296c4c2eb	
C	GameResources-garage-colormap-tanki_sport_2022_2_retired_bots	Resources/GameResources/garage/colormap/tanki_sport_2022_2_retired_bots	40120	df592e4cc4aecbbcb6a32b941e8560b0	
C	GameResources-garage-colormap-tanki_sport_2022_2_team_pointers	Resources/GameResources/garage/colormap/tanki_sport_2022_2_team_pointers	43036	a097352e7474daa300d8866a4f21d96b	
C	GameResources-garage-colormap-tanki_sport_2022_2_toxic	Resources/GameResources/garage/colormap/tanki_sport_2022_2_toxic	44588	f09c416ed8c769a81df8f5ea822d59d7	
C	GameResources-garage-colormap-tanki_sport_2023_1_battle_axes	Resources/GameResources/garage/colormap/tanki_sport_2023_1_battle_axes	42344	2150465a656ab709b91c554959033319	
C	GameResources-garage-colormap-tanki_sport_2023_1_cold	Resources/GameResources/garage/colormap/tanki_sport_2023_1_cold	38984	5c91c44c1a8a82c15bba9625578c9b90	
C	GameResources-garage-colormap-tanki_sport_2023_1_devine	Resources/GameResources/garage/colormap/tanki_sport_2023_1_devine	42636	b6e0fdca4ddbec0019a7db07d12cee1b	
C	GameResources-garage-colormap-tanki_sport_2023_1_diamonds	Resources/GameResources/garage/colormap/tanki_sport_2023_1_diamonds	42496	5eb5c70d8023cc349c41fe299472f380	
C	GameResources-garage-colormap-tanki_sport_2023_1_frenzy	Resources/GameResources/garage/colormap/tanki_sport_2023_1_frenzy	44140	546d3908902b600ac107c8342a1847bb	
C	GameResources-garage-colormap-tanki_sport_2023_1_lavanda	Resources/GameResources/garage/colormap/tanki_sport_2023_1_lavanda	44528	d8ff035b06d3d600e4593f175c3d1575	
C	GameResources-garage-colormap-tanki_sport_2023_1_red_notice	Resources/GameResources/garage/colormap/tanki_sport_2023_1_red_notice	40692	9035d2dda09e9bfc45c70b504a6dd1ba	
C	GameResources-garage-colormap-tanki_sport_2023_1_teamp	Resources/GameResources/garage/colormap/tanki_sport_2023_1_teamp	39948	a2202a61645eaaa940ad78519f33a99f	
C	GameResources-garage-colormap-tanki_sport_2023_2_antisystem	Resources/GameResources/garage/colormap/tanki_sport_2023_2_antisystem	51396	470ceabd7098a9867256d63afd7df06f	
C	GameResources-garage-colormap-tanki_sport_2023_2_aurora	Resources/GameResources/garage/colormap/tanki_sport_2023_2_aurora	52268	162b7828490371ebe9415daa3cb3dc05	
C	GameResources-garage-colormap-tanki_sport_2023_2_battle_axes	Resources/GameResources/garage/colormap/tanki_sport_2023_2_battle_axes	52056	5589b2ca2ae9f5987a31db5eb517711e	
C	GameResources-garage-colormap-tanki_sport_2023_2_deviants	Resources/GameResources/garage/colormap/tanki_sport_2023_2_deviants	55296	608d00f87f8d5e5116398d5bc550fcc1	
C	GameResources-garage-colormap-tanki_sport_2023_2_diamonds	Resources/GameResources/garage/colormap/tanki_sport_2023_2_diamonds	51184	1b3ba0d240b20df62a1504a03524845e	
C	GameResources-garage-colormap-tanki_sport_2023_2_frenzy	Resources/GameResources/garage/colormap/tanki_sport_2023_2_frenzy	53308	7b4849f488799bc4a0aa41bf570b7a38	
C	GameResources-garage-colormap-tanki_sport_2023_2_teamp	Resources/GameResources/garage/colormap/tanki_sport_2023_2_teamp	53260	ba33cb03bc5e1dd0327290e442e4c21b	
C	GameResources-garage-colormap-tanki_sport_2023_2_undervalued	Resources/GameResources/garage/colormap/tanki_sport_2023_2_undervalued	52824	0b5a469d0eee76dd6e20655d1db1bcc8	
C	GameResources-garage-colormap-tanki_sport_2024_1_aurora	Resources/GameResources/garage/colormap/tanki_sport_2024_1_aurora	56172	4d0c7ebd3703c2c55823a148350f8bd1	
C	GameResources-garage-colormap-tanki_sport_2024_1_deviants	Resources/GameResources/garage/colormap/tanki_sport_2024_1_deviants	59088	13a4f4bbca2a0b53402c1bfd81779b87	
C	GameResources-garage-colormap-tanki_sport_2024_1_kan	Resources/GameResources/garage/colormap/tanki_sport_2024_1_kan	50760	e6eb54eab2bf4c7ca7b13f8af883fa18	
C	GameResources-garage-colormap-tanki_sport_2024_1_lovesick	Resources/GameResources/garage/colormap/tanki_sport_2024_1_lovesick	53424	19b6a1fc7eb709aea736970413eaa2e4	
C	GameResources-garage-colormap-tanki_sport_2024_1_pepega	Resources/GameResources/garage/colormap/tanki_sport_2024_1_pepega	54300	6d12b64cf0dd5280c06e85f431341ea7	
C	GameResources-garage-colormap-tanki_sport_2024_1_punishment	Resources/GameResources/garage/colormap/tanki_sport_2024_1_punishment	55108	4eeca0892d94ccbb6288338bf338bb56	
C	GameResources-garage-colormap-tanki_sport_2024_1_red_notice	Resources/GameResources/garage/colormap/tanki_sport_2024_1_red_notice	55092	69bf6f07c1b4fdfd410cc1be8c50a33e	
C	GameResources-garage-colormap-tanki_sport_2024_1_top25ornothing	Resources/GameResources/garage/colormap/tanki_sport_2024_1_top25ornothing	52812	72dd8ef40ee0f305f67f2c10b85c787c	
C	GameResources-garage-colormap-tanki_sport_2024_2_default	Resources/GameResources/garage/colormap/tanki_sport_2024_2_default	41696	1e9b311088e80cd31b2767601aad0767	
C	GameResources-garage-colormap-tanki_sport_2024_2_lovesick	Resources/GameResources/garage/colormap/tanki_sport_2024_2_lovesick	50064	35b3955f7a2f03ea67c88652654e8887	
C	GameResources-garage-colormap-tanki_sport_2024_2_non_stop	Resources/GameResources/garage/colormap/tanki_sport_2024_2_non_stop	43440	e4ac86ffc62498d738f53dcbeccd69ae	
C	GameResources-garage-colormap-tanki_sport_2024_2_red_notice	Resources/GameResources/garage/colormap/tanki_sport_2024_2_red_notice	48164	61f53757c7b6571f5731ca195dcdebf4	
C	GameResources-garage-colormap-tanki_sport_2024_2_revolutionary	Resources/GameResources/garage/colormap/tanki_sport_2024_2_revolutionary	49628	042d7fa4769262ccdae40bf6988edfd2	
C	GameResources-garage-colormap-tanki_sport_2024_2_shrek_lovers	Resources/GameResources/garage/colormap/tanki_sport_2024_2_shrek_lovers	44792	e3f0d3b78cfd1c4984c698158c4d1fa8	
C	GameResources-garage-colormap-tanki_sport_2024_2_spirit	Resources/GameResources/garage/colormap/tanki_sport_2024_2_spirit	48332	c1bdef718c1090fe21c0f7a63540f18c	
C	GameResources-garage-colormap-tanki_sport_2024_2_undervalued	Resources/GameResources/garage/colormap/tanki_sport_2024_2_undervalued	47768	487401ce696414ebd1816c25ac952f95	
C	GameResources-garage-colormap-tanki_sport_2025_champion_1	Resources/GameResources/garage/colormap/tanki_sport_2025_champion_1	86400	81102491ac51ca86d383fcf97ce1a2a1	
C	GameResources-garage-colormap-tanki_sport_2025_champion_2	Resources/GameResources/garage/colormap/tanki_sport_2025_champion_2	86464	33e6eb96ad350fa0e072f4ebcf241389	
C	GameResources-garage-colormap-tanki_sport_2025_champion_3	Resources/GameResources/garage/colormap/tanki_sport_2025_champion_3	87856	263489db70d55db2c4235d1314aae060	
C	GameResources-garage-colormap-tanki_sport_2025_champion_4	Resources/GameResources/garage/colormap/tanki_sport_2025_champion_4	85664	aead73d820bf1443e0c498fe731f3f0a	
C	GameResources-garage-colormap-tanki_sport_2025_champion_5	Resources/GameResources/garage/colormap/tanki_sport_2025_champion_5	81552	aeaee2dabad64321be4f4af7d7ac100f	
C	GameResources-garage-colormap-tanki_sport_2025_champion_6	Resources/GameResources/garage/colormap/tanki_sport_2025_champion_6	86000	9ee486a258875ffb725e0d30c4c22250	
C	GameResources-garage-colormap-tanki_sport_2025_champion_7	Resources/GameResources/garage/colormap/tanki_sport_2025_champion_7	81056	cd18772c912e038c93ccb10353582252	
C	GameResources-garage-colormap-tanki_sport_2025_champion_8	Resources/GameResources/garage/colormap/tanki_sport_2025_champion_8	84368	2948d2fba33e6f73b9f16fcdd15b828c	
C	GameResources-garage-colormap-tanki_sport_2026_champion_1	Resources/GameResources/garage/colormap/tanki_sport_2026_champion_1	38720	1b94da31523f4a47b698f64eb5c53f9c	
C	GameResources-garage-colormap-tanki_sport_2026_champion_2	Resources/GameResources/garage/colormap/tanki_sport_2026_champion_2	38896	9ea2a30fb4dc83f98e3c4e27e98cf1f3	
C	GameResources-garage-colormap-tanki_sport_2026_champion_3	Resources/GameResources/garage/colormap/tanki_sport_2026_champion_3	38816	537d34d9a9a20603f9b42277d9a119d6	
C	GameResources-garage-colormap-tanki_sport_2026_champion_4	Resources/GameResources/garage/colormap/tanki_sport_2026_champion_4	39088	c542b61d72be901c9563ecbb2dabbc3d	
C	GameResources-garage-colormap-tanki_sport_2026_champion_5	Resources/GameResources/garage/colormap/tanki_sport_2026_champion_5	39952	11c36b9a12c882bca807333f693a3917	
C	GameResources-garage-colormap-tanki_sport_2026_champion_6	Resources/GameResources/garage/colormap/tanki_sport_2026_champion_6	38912	a367409f6e83a8a385a45a9bc99ec111	
C	GameResources-garage-colormap-tanki_sport_2026_champion_7	Resources/GameResources/garage/colormap/tanki_sport_2026_champion_7	40848	e3820461a76fedefd77cb3f1e1f05cd7	
C	GameResources-garage-colormap-tanki_sport_2026_champion_8	Resources/GameResources/garage/colormap/tanki_sport_2026_champion_8	40144	5f7a89a2a7116e9f546c89f3e6c6718e	
C	GameResources-garage-colormap-tanki_trip_2019	Resources/GameResources/garage/colormap/tanki_trip_2019	493336	0e6163804de88ad1f67224d94541aa11	
C	GameResources-garage-colormap-tankitty	Resources/GameResources/garage/colormap/tankitty	44204	16a173df38c5d7205ec9ad0da18bf427	
C	GameResources-garage-colormap-tankoin_tank	Resources/GameResources/garage/colormap/tankoin_tank	1793564	cf13b6a7e0ffb624a3ba1ac40d5d528d	
C	GameResources-garage-colormap-tanks_1.0	Resources/GameResources/garage/colormap/tanks_1.0	21788	1747cba5d2b094b8edb7bc40e91d5fe9	
C	GameResources-garage-colormap-tanks_2.0	Resources/GameResources/garage/colormap/tanks_2.0	204940	68bc1094d9f0f47cc91838baa2f122f6	
C	GameResources-garage-colormap-tarantula	Resources/GameResources/garage/colormap/tarantula	335468	83b9ebcc2ec24b42bd4bf4e962de4e08	
C	GameResources-garage-colormap-target	Resources/GameResources/garage/colormap/target	30584	58c797ab3c75fefe5a4ef112966ecdb0	
C	GameResources-garage-colormap-targies	Resources/GameResources/garage/colormap/targies	50600	0d7d20c7382b71e24b9fa962ec212e70	
C	GameResources-garage-colormap-taspens	Resources/GameResources/garage/colormap/taspens	37304	3d59b99c20d87106b64343160a854a98	
C	GameResources-garage-colormap-team_ok	Resources/GameResources/garage/colormap/team_ok	32872	aafccab8c8757117745086f903b15379	
C	GameResources-garage-colormap-team_russia	Resources/GameResources/garage/colormap/team_russia	44144	92d430f9b4c3425014324a413e96a2b9	
C	GameResources-garage-colormap-team_vk	Resources/GameResources/garage/colormap/team_vk	30648	e281e1aca92c2a6d3e10fe6954d897bc	
C	GameResources-garage-colormap-team_world	Resources/GameResources/garage/colormap/team_world	41408	807b7b9888c2c928b4a53f4212f265ff	
C	GameResources-garage-colormap-teamshisui	Resources/GameResources/garage/colormap/teamshisui	46896	6f43f5dbf4fe6ad5a141085c9dc1b42d	
C	GameResources-garage-colormap-tectonic_plates	Resources/GameResources/garage/colormap/tectonic_plates	1474888	83dedaf76e37a3750f4aa67764a492ff	
C	GameResources-garage-colormap-teddy	Resources/GameResources/garage/colormap/teddy	2183876	94f969dca23ae19e2d5be4727213d44e	
C	GameResources-garage-colormap-tentacles	Resources/GameResources/garage/colormap/tentacles	381372	e289408291b8dae0a18b797f4a5369ef	
C	GameResources-garage-colormap-tessaract_camo	Resources/GameResources/garage/colormap/tessaract_camo	1897972	e2692b326606b8b4ebdbe72fde38d6a1	
C	GameResources-garage-colormap-tester	Resources/GameResources/garage/colormap/tester	87800	96e46599e0ede14747fe2930550d57f2	
C	GameResources-garage-colormap-tetris	Resources/GameResources/garage/colormap/tetris	43464	bba2d00a2d8d50627255fd6d1200fc4d	
C	GameResources-garage-colormap-thankos	Resources/GameResources/garage/colormap/thankos	1464528	665ff3ceeba6a45f22b4c6afa54e726f	
C	GameResources-garage-colormap-thankos_armor	Resources/GameResources/garage/colormap/thankos_armor	1812720	331f4920fbf91fa682bb807b7410ffea	
C	GameResources-garage-colormap-thug	Resources/GameResources/garage/colormap/thug	33428	463d2928afcb628a5ad32c693b151b3a	
C	GameResources-garage-colormap-thunderball	Resources/GameResources/garage/colormap/thunderball	39552	2b6c91c67407179c46e710e839cb2d39	
C	GameResources-garage-colormap-tic-tac-toe	Resources/GameResources/garage/colormap/tic-tac-toe	383188	31e1d73bbd01757d238602127d369edb	
C	GameResources-garage-colormap-tiger	Resources/GameResources/garage/colormap/tiger	68932	93b2b4d7501e10a15c9e593f5e033bd0	
C	GameResources-garage-colormap-tiger_old	Resources/GameResources/garage/colormap/tiger_old	132988	2c2486e3a181448982c7e598ddfe755c	
C	GameResources-garage-colormap-timber_camo	Resources/GameResources/garage/colormap/timber_camo	274896	96f89be22e99a459d28454d7216fa12e	
C	GameResources-garage-colormap-tina	Resources/GameResources/garage/colormap/tina	52836	1f8a1c2d79b24d7c80eb9615e8681a57	
C	GameResources-garage-colormap-tlvkr	Resources/GameResources/garage/colormap/tlvkr	21732	16dc5efc688539564c79a7b94e3b036a	
C	GameResources-garage-colormap-tlvkr_halloween	Resources/GameResources/garage/colormap/tlvkr_halloween	24984	3b94dcf21846dad2e00d1d0bfa5b9d37	
C	GameResources-garage-colormap-tlvkr_new_year	Resources/GameResources/garage/colormap/tlvkr_new_year	26104	fa26e8aa10c2c3f81aeb3a10db425308	
C	GameResources-garage-colormap-to14	Resources/GameResources/garage/colormap/to14	56228	54cce6148ed62074fc9f5cf69bdf2f0d	
C	GameResources-garage-colormap-to15	Resources/GameResources/garage/colormap/to15	45460	b089feca90224567ef6dd57319c96d0e	
C	GameResources-garage-colormap-to17	Resources/GameResources/garage/colormap/to17	389300	3ebb6220fbe18cc78102db672fd6d97a	
C	GameResources-garage-colormap-tom	Resources/GameResources/garage/colormap/tom	1187664	39da4e48f1608d9e46c4ca1a6b1eceb3	
C	GameResources-garage-colormap-top_class	Resources/GameResources/garage/colormap/top_class	22956	7625087c4f92ac2b01e06054efe50b5e	
C	GameResources-garage-colormap-tot	Resources/GameResources/garage/colormap/tot	88752	a22f2ab1abe0a88d38f23e05b3fd7f48	
C	GameResources-garage-colormap-tote_bag	Resources/GameResources/garage/colormap/tote_bag	38764	9208b14781ff0b38c80141745643a2c5	
C	GameResources-garage-colormap-touch_of_chill	Resources/GameResources/garage/colormap/touch_of_chill	2054820	9e0d82e50a8366e4254d422c814f4d4a	
C	GameResources-garage-colormap-toxic	Resources/GameResources/garage/colormap/toxic	10468	a1ed518a3564b5c692f9a6e2cddf907b	
C	GameResources-garage-colormap-tracer	Resources/GameResources/garage/colormap/tracer	91416	42641b12120128eb61398c9c068f2555	
C	GameResources-garage-colormap-traceur	Resources/GameResources/garage/colormap/traceur	105688	5c5c0330bca0496818c79574afec82f5	
C	GameResources-garage-colormap-trapped_inside	Resources/GameResources/garage/colormap/trapped_inside	2576868	e327ebd00babff4274d78241c8f6b1fa	
C	GameResources-garage-colormap-tropical_foliage	Resources/GameResources/garage/colormap/tropical_foliage	35628	33dc809ab212ac85a2379a558a88276c	
C	GameResources-garage-colormap-tropics	Resources/GameResources/garage/colormap/tropics	42888	adc6ae85ae6414ecd91ad23e43a2a7de	
C	GameResources-garage-colormap-tundra	Resources/GameResources/garage/colormap/tundra	66056	43674657b7cb2613e2153474b56ab1a0	
C	GameResources-garage-colormap-tunisia	Resources/GameResources/garage/colormap/tunisia	501560	99b4275ca1038c96665cfa1767a7ebe0	
C	GameResources-garage-colormap-turbo	Resources/GameResources/garage/colormap/turbo	2129000	22fde032dbcc94e5cddc3ebd7523aa6d	
C	GameResources-garage-colormap-tvshow	Resources/GameResources/garage/colormap/tvshow	27584	165fb772f47367f5859a54490b7b57db	
C	GameResources-garage-colormap-tx_sport	Resources/GameResources/garage/colormap/tx_sport	85756	29ed79662a86c02e9dd20aa5a9683dab	
C	GameResources-garage-colormap-tx_summer	Resources/GameResources/garage/colormap/tx_summer	1515820	56cea145fd260463909cab38f06fb164	
C	GameResources-garage-colormap-ufo	Resources/GameResources/garage/colormap/ufo	42416	2367e9c3df47ecc8e159096e7f43417a	
C	GameResources-garage-colormap-ufo_day_2018	Resources/GameResources/garage/colormap/ufo_day_2018	61364	a7e1971711ac2d4d61bd2eeba361a6d7	
C	GameResources-garage-colormap-ufocolor	Resources/GameResources/garage/colormap/ufocolor	93340	3722e3022494276ba22204a1ed22d9cf	
C	GameResources-garage-colormap-ufocolor_2	Resources/GameResources/garage/colormap/ufocolor_2	184268	3bc47a30b8903416ee712cf4af6b9bf7	
C	GameResources-garage-colormap-ufoevent	Resources/GameResources/garage/colormap/ufoevent	160380	62a8d1ccd9845b034a4e16282c8ca5b6	
C	GameResources-garage-colormap-undead	Resources/GameResources/garage/colormap/undead	28072	011383206c9345668f11a2c0a4a21588	
C	GameResources-garage-colormap-under_the_tree	Resources/GameResources/garage/colormap/under_the_tree	2315828	f841120246718995f84f3c346e49669a	
C	GameResources-garage-colormap-urban	Resources/GameResources/garage/colormap/urban	66036	cd0460f8dac484c56350b9a55f80133d	
C	GameResources-garage-colormap-uruguay	Resources/GameResources/garage/colormap/uruguay	462472	55c030bcc9db9e6d176d847e5c57b958	
C	GameResources-garage-colormap-usa	Resources/GameResources/garage/colormap/usa	353024	de12423d161c340ce427e37d51a14146	
C	GameResources-garage-colormap-valentines_day_2011	Resources/GameResources/garage/colormap/valentines_day_2011	414608	d1d9235745b1fed61f73c511bbb9007d	
C	GameResources-garage-colormap-valentines_day_2014	Resources/GameResources/garage/colormap/valentines_day_2014	232656	570a433d1b84e1fcf06b170f930e061c	
C	GameResources-garage-colormap-valentines_day_2015	Resources/GameResources/garage/colormap/valentines_day_2015	41552	5f083347e51f90dbcf22f304e1571575	
C	GameResources-garage-colormap-valentines_day_2016	Resources/GameResources/garage/colormap/valentines_day_2016	52064	e7034da0c31bea6626a0301980f2cf8a	
C	GameResources-garage-colormap-valour	Resources/GameResources/garage/colormap/valour	318940	5d914ac5d8bc119321fcc6e2d7eec890	
C	GameResources-garage-colormap-vampire	Resources/GameResources/garage/colormap/vampire	31208	cd2510aa716a77f9e81250afe5d41fc1	
C	GameResources-garage-colormap-vanadium	Resources/GameResources/garage/colormap/vanadium	23116	7be7eea5358dacfc98beb50d6204ce99	
C	GameResources-garage-colormap-vavilon	Resources/GameResources/garage/colormap/vavilon	35592	cf0ba6422e905e8acd919620c0942ced	
C	GameResources-garage-colormap-vector	Resources/GameResources/garage/colormap/vector	128312	6051dd11e8f7a421dc1167088430da9b	
C	GameResources-garage-colormap-vertigo	Resources/GameResources/garage/colormap/vertigo	363584	54c32fb097cde02bd3322c1b27d18be7	
C	GameResources-garage-colormap-veteran	Resources/GameResources/garage/colormap/veteran	87272	b1ecb20698bed63aacfbed9b88a3d7f3	
C	GameResources-garage-colormap-victory_day_2011	Resources/GameResources/garage/colormap/victory_day_2011	35804	d6c82d28e4bbeb7ab9b5dac689f39f4d	
C	GameResources-garage-colormap-victory_day_2013	Resources/GameResources/garage/colormap/victory_day_2013	210380	be32247f61023cc892c8634329cf4602	
C	GameResources-garage-colormap-victory_day_2014	Resources/GameResources/garage/colormap/victory_day_2014	252924	d91c9ba086fd40f7f3b0d50495770087	
C	GameResources-garage-colormap-vint	Resources/GameResources/garage/colormap/vint	30052	f6e2fe4773ac2632278d7e6d799be129	
C	GameResources-garage-colormap-virus	Resources/GameResources/garage/colormap/virus	8977764	4fa8e8a2bea1e4f8740b95afcd417ab5	
C	GameResources-garage-colormap-viscum	Resources/GameResources/garage/colormap/viscum	54200	5de2ff28a1af9bb4d5ff07fbd8071d1c	
C	GameResources-garage-colormap-visual_disruptor	Resources/GameResources/garage/colormap/visual_disruptor	2303168	14dde5d67d125e3d72beb5db78d0983f	
C	GameResources-garage-colormap-vlastelin	Resources/GameResources/garage/colormap/vlastelin	17600	5acdcf4d7ddf8855d926b3672a6d6b01	
C	GameResources-garage-colormap-volcanic_eruption	Resources/GameResources/garage/colormap/volcanic_eruption	60092	2db8c3fd3d92f2aa973ad3502bcc3de7	
C	GameResources-garage-colormap-vortex	Resources/GameResources/garage/colormap/vortex	111336	678a08e7b33f754d22dbedf0f4f4b502	
C	GameResources-garage-colormap-waider	Resources/GameResources/garage/colormap/waider	35432	02e130e78718dd3b4aab6eea74d515a1	
C	GameResources-garage-colormap-wales	Resources/GameResources/garage/colormap/wales	479588	c3aaad77992f2652300c398af5159a11	
C	GameResources-garage-colormap-walk_of_fame	Resources/GameResources/garage/colormap/walk_of_fame	96452	9afcf016ca71121a2d99c99e70c6165a	
C	GameResources-garage-colormap-war_de	Resources/GameResources/garage/colormap/war_de	20680	90f74b389b71b21ed47b4705d96d11d5	
C	GameResources-garage-colormap-war_domination_distributor	Resources/GameResources/garage/colormap/war_domination_distributor	53504	836c21f6e63ec9fb41940216d77fda19	
C	GameResources-garage-colormap-war_domination_winner	Resources/GameResources/garage/colormap/war_domination_winner	598792	0de8986992fd39a2b770314ed94ede33	
C	GameResources-garage-colormap-war_en	Resources/GameResources/garage/colormap/war_en	41208	8efcd2e4ab6d621a0aac8e72654b3ac5	
C	GameResources-garage-colormap-war_en_winner	Resources/GameResources/garage/colormap/war_en_winner	466928	0caca3b3e8a9795e1c37ca2ded50b24d	
C	GameResources-garage-colormap-war_pl	Resources/GameResources/garage/colormap/war_pl	17880	1e2c65091bbdd425c7dc1ecfa41feb0f	
C	GameResources-garage-colormap-war_ru	Resources/GameResources/garage/colormap/war_ru	24520	787d9dfba7e8e9c2442a60a6e0c674f7	
C	GameResources-garage-colormap-war_space_distributor	Resources/GameResources/garage/colormap/war_space_distributor	50948	69dceeac0fe67152bdaae11a03dc652e	
C	GameResources-garage-colormap-war_winner	Resources/GameResources/garage/colormap/war_winner	59824	1f442ab01f43ccde848834786a7bd900	
C	GameResources-garage-colormap-watercolor	Resources/GameResources/garage/colormap/watercolor	41552	0019812e10d728a901491c1cfa0dc19f	
C	GameResources-garage-colormap-watermelon	Resources/GameResources/garage/colormap/watermelon	50896	540e54382c209ff23e2c2a56a664e6a6	
C	GameResources-garage-colormap-white	Resources/GameResources/garage/colormap/white	188724	5a0cb6049f0c93909820c1d8349006f2	
C	GameResources-garage-colormap-white_khokhloma	Resources/GameResources/garage/colormap/white_khokhloma	112408	dcbce744b1c59df4a4e975ba12ad0479	
C	GameResources-garage-colormap-white_planet	Resources/GameResources/garage/colormap/white_planet	359780	569ca5d10650b0c0f1e4656c1c3a0b1b	
C	GameResources-garage-colormap-white_tiger	Resources/GameResources/garage/colormap/white_tiger	60784	2f5bc17e335e391bf8bc195a81e46b18	
C	GameResources-garage-colormap-wild_jungle	Resources/GameResources/garage/colormap/wild_jungle	54688	8fb5b2570a7454203b037ae545a49ab9	
C	GameResources-garage-colormap-wildstyle	Resources/GameResources/garage/colormap/wildstyle	158508	0e88c572de579b7f2ca7eff410f30186	
C	GameResources-garage-colormap-windows_11	Resources/GameResources/garage/colormap/windows_11	23712	adc40f7e960f9cbcc5c3cd40149f268f	
C	GameResources-garage-colormap-winter	Resources/GameResources/garage/colormap/winter	38600	98d3a44d3f5a8a44b83f8036887c6d63	
C	GameResources-garage-colormap-winter_2010_1	Resources/GameResources/garage/colormap/winter_2010_1	149588	fe54c1349e86ef425a59802db3c2cf1f	
C	GameResources-garage-colormap-winter_2010_2	Resources/GameResources/garage/colormap/winter_2010_2	32484	8dcc2f951cda24d8a6ca096ae62cd46c	
C	GameResources-garage-colormap-winter_comfort	Resources/GameResources/garage/colormap/winter_comfort	53192	efe7ab3cce51c97dc2df5da6eb0ab722	
C	GameResources-garage-colormap-winter_games	Resources/GameResources/garage/colormap/winter_games	243764	c16076a81dbebb31b63a0e98cc8b9d2b	
C	GameResources-garage-colormap-witch	Resources/GameResources/garage/colormap/witch	2295704	c1ea3218fa1fccfc4577bc6a36ec4cea	
C	GameResources-garage-colormap-wolves	Resources/GameResources/garage/colormap/wolves	62328	ef3ab2590d6ce765329e3989c0ea78c3	
C	GameResources-garage-colormap-womens_day_2012	Resources/GameResources/garage/colormap/womens_day_2012	52584	3924733b0dd4fa7450fdd9d193142255	
C	GameResources-garage-colormap-womens_day_2014	Resources/GameResources/garage/colormap/womens_day_2014	133960	c64151fcdfddc80e5d849a5578ae065a	
C	GameResources-garage-colormap-womens_day_2015	Resources/GameResources/garage/colormap/womens_day_2015	60952	9f0fed18b307b098cce90dbcc2830cfb	
C	GameResources-garage-colormap-womens_day_2016	Resources/GameResources/garage/colormap/womens_day_2016	54824	29246187af247502ea4fba7620c2c94e	
C	GameResources-garage-colormap-wonder_fish	Resources/GameResources/garage/colormap/wonder_fish	59040	94e6feed94ae04849648cd94416bbd74	
C	GameResources-garage-colormap-wonderbird	Resources/GameResources/garage/colormap/wonderbird	123888	29eb6a5a6371aeff0b12d07825090fee	
C	GameResources-garage-colormap-x_noir	Resources/GameResources/garage/colormap/x_noir	2071628	12367253ac736fdc03c72ffc5226debc	
C	GameResources-garage-colormap-yang	Resources/GameResources/garage/colormap/yang	32644	76c2706f977215936d70bf3bd28b5130	
C	GameResources-garage-colormap-yellow_bug	Resources/GameResources/garage/colormap/yellow_bug	2033664	0f64846cc4d3eb1229f1b19319f3175d	
C	GameResources-garage-colormap-yin	Resources/GameResources/garage/colormap/yin	30816	5805c80d5fa4485eb77f03701fb2d93f	
C	GameResources-garage-colormap-yin_and_yang	Resources/GameResources/garage/colormap/yin_and_yang	31428	5855985eeca0164b3aed8f525d28280a	
C	GameResources-garage-colormap-youtuber_to	Resources/GameResources/garage/colormap/youtuber_to	68352	fcf85734b795c328ed98a80f84ea078d	
C	GameResources-garage-colormap-youtubers_2k22	Resources/GameResources/garage/colormap/youtubers_2k22	35544	8d3bffe61006d8d74fb7ad8e6285036a	
C	GameResources-garage-colormap-zeus	Resources/GameResources/garage/colormap/zeus	49412	d43d0bafd4dd9c88091af646f6b4f17d	
C	GameResources-garage-colormap-zigzag	Resources/GameResources/garage/colormap/zigzag	66040	a6f2cd377af9f5a879c71777e56be6e0	
C	GameResources-garage-colormap-zombie	Resources/GameResources/garage/colormap/zombie	40280	9518c1193fbd0a8e1d752f8eeb3b979f	
C	GameResources-garage-colormap-zombies	Resources/GameResources/garage/colormap/zombies	80264	efae668079a88b9653355a721322df26	
C	GameResources-garage-container	Resources/GameResources/garage/container	153576	15a6482b844ff01f520936447aea75a5	
C	GameResources-garage-drone	Resources/GameResources/garage/drone	236580	7024ef6b5e370103d9ac99a99bb3c824	
C	GameResources-garage-hull	Resources/GameResources/garage/hull	3206476	33681dcb027d793d7c13db02b89a4173	
C	GameResources-garage-hullmodules	Resources/GameResources/garage/hullmodules	2010024	8fe799f21d18800a60bccae5f225da08	
C	GameResources-garage-opportunityticket	Resources/GameResources/garage/opportunityticket	7272	b7215d45c34341dcc1e636d70226e845	
C	GameResources-garage-protection	Resources/GameResources/garage/protection	5970656	cd1ed307c3e7d395eee40ae91505ceb8	
C	GameResources-garage-skin-drone	Resources/GameResources/garage/skin/drone	2313944	c14c761f084ae9c47c02403e7b7908a3	
C	GameResources-garage-skin-tank-_files	Resources/GameResources/garage/skin/tank	1264	9c1015cdd36995e24aeee02913bb0bf3	
C	GameResources-garage-skin-tank-ares-default	Resources/GameResources/garage/skin/tank/ares/default	1194100	f443cd4b9ea3c5d491d42bf3c2de9299	Resources/GameResources/garage/colormap/electra
C	GameResources-garage-skin-tank-ares-dk	Resources/GameResources/garage/skin/tank/ares/dk	1612456	e518d191710d4c628f0ce15403438779	Resources/GameResources/garage/colormap/electra
C	GameResources-garage-skin-tank-ares-hd	Resources/GameResources/garage/skin/tank/ares/hd	2661236	8568511056039e512353c3e3fd808fd6	Resources/GameResources/garage/colormap/electra
C	GameResources-garage-skin-tank-ares-prototype	Resources/GameResources/garage/skin/tank/ares/prototype	259248	09e81dfa36c6462c93f9c2f09b8d670e	Resources/GameResources/garage/colormap/electra
C	GameResources-garage-skin-tank-ares-rt	Resources/GameResources/garage/skin/tank/ares/rt	1858136	0b75270c3c7e0de49cbb53a547d697be	Resources/GameResources/garage/colormap/electra
C	GameResources-garage-skin-tank-ares-xt	Resources/GameResources/garage/skin/tank/ares/xt	2646564	825e92b9dc6ce53101da63ad22a255b4	Resources/GameResources/garage/colormap/electra
C	GameResources-garage-skin-tank-ares-xt_old	Resources/GameResources/garage/skin/tank/ares/xt_old	2324236	0fbf9fb351e0d960fd41692e37628fe0	Resources/GameResources/garage/colormap/electra
C	GameResources-garage-skin-tank-crusader-dk	Resources/GameResources/garage/skin/tank/crusader/dk	1236812	ceff847d1af14ae61ac121766d9924de	Resources/GameResources/garage/colormap/electra
C	GameResources-garage-skin-tank-crusader-hd	Resources/GameResources/garage/skin/tank/crusader/hd	1937548	fbb6266dbaedd79a75f51f941caabdd4	Resources/GameResources/garage/colormap/electra
C	GameResources-garage-skin-tank-crusader-rt	Resources/GameResources/garage/skin/tank/crusader/rt	1693164	0292c49c1b88c1ca0bcc4e49521c63a6	Resources/GameResources/garage/colormap/electra
C	GameResources-garage-skin-tank-crusader-xt	Resources/GameResources/garage/skin/tank/crusader/xt	2031916	10498feb055b6158e2b0c80037590f6b	Resources/GameResources/garage/colormap/electra
C	GameResources-garage-skin-tank-dictator-20-_files	Resources/GameResources/garage/skin/tank/dictator/20	4149948	6b2948d814d416e7e6276eeffa456082	
C	GameResources-garage-skin-tank-dictator-20-base	Resources/GameResources/garage/skin/tank/dictator/20/base	46936	3fe18dc3a1efe20b18a57ffc71a5b99a	Resources/GameResources/garage/colormap/electra;Resources/GameResources/garage/skin/tank/dictator/20
C	GameResources-garage-skin-tank-dictator-default	Resources/GameResources/garage/skin/tank/dictator/default	1573408	a2b4a79e3918de881f018d530909c4f0	Resources/GameResources/garage/colormap/electra
C	GameResources-garage-skin-tank-dictator-gt	Resources/GameResources/garage/skin/tank/dictator/gt	1501280	40a41bad9b2f275028fa4478137f0249	Resources/GameResources/garage/colormap/electra
C	GameResources-garage-skin-tank-dictator-hd	Resources/GameResources/garage/skin/tank/dictator/hd	1484856	214b3c917fc6e330189dddef7e2e5054	Resources/GameResources/garage/colormap/electra
C	GameResources-garage-skin-tank-dictator-hd_without_side_armor	Resources/GameResources/garage/skin/tank/dictator/hd_without_side_armor	1480964	1550732a21ee7132d496578567accdea	Resources/GameResources/garage/colormap/electra
C	GameResources-garage-skin-tank-dictator-lc	Resources/GameResources/garage/skin/tank/dictator/lc	289596	34a2da6665e90aceaebd4695998c7ff8	Resources/GameResources/garage/colormap/electra
C	GameResources-garage-skin-tank-dictator-old	Resources/GameResources/garage/skin/tank/dictator/old	946228	d055596dd63cea784410b7a01e605164	Resources/GameResources/garage/colormap/electra
C	GameResources-garage-skin-tank-dictator-oldv2	Resources/GameResources/garage/skin/tank/dictator/oldv2	910696	564ac7f45fd6b5a24407d69b0ae59549	Resources/GameResources/garage/colormap/electra
C	GameResources-garage-skin-tank-dictator-pr_fake	Resources/GameResources/garage/skin/tank/dictator/pr_fake	559260	8b8069a1a66ee58c50daf8ec988627b4	Resources/GameResources/garage/colormap/electra
C	GameResources-garage-skin-tank-dictator-sm_fake	Resources/GameResources/garage/skin/tank/dictator/sm_fake	337896	2941c8a945192e1af631b0883342a932	Resources/GameResources/garage/colormap/electra
C	GameResources-garage-skin-tank-dictator-sp	Resources/GameResources/garage/skin/tank/dictator/sp	1788744	2ec5701737c4d4bd8d975083288151ed	Resources/GameResources/garage/colormap/electra
C	GameResources-garage-skin-tank-dictator-tx_dreadnought	Resources/GameResources/garage/skin/tank/dictator/tx_dreadnought	1856524	9c7a9d8141b5c692bb60b8ed22177cd2	Resources/GameResources/garage/colormap/electra
C	GameResources-garage-skin-tank-dictator-xt	Resources/GameResources/garage/skin/tank/dictator/xt	611908	a965f6bc0f8f9e31e50ebe639c49d793	Resources/GameResources/garage/colormap/electra
C	GameResources-garage-skin-tank-dictator-xt_fake	Resources/GameResources/garage/skin/tank/dictator/xt_fake	279724	8ef2d85e05895f188c7d558577aabf1d	Resources/GameResources/garage/colormap/electra
C	GameResources-garage-skin-tank-hopper-dk	Resources/GameResources/garage/skin/tank/hopper/dk	1447464	afbad13fc4ad7cb046290e4b1351007f	Resources/GameResources/garage/colormap/electra
C	GameResources-garage-skin-tank-hopper-hd	Resources/GameResources/garage/skin/tank/hopper/hd	1854504	3f65ce368606f0a54f7c641424b35e78	Resources/GameResources/garage/colormap/electra
C	GameResources-garage-skin-tank-hopper-rt	Resources/GameResources/garage/skin/tank/hopper/rt	1380808	d00766ec1b500f0df5f118068302a41e	Resources/GameResources/garage/colormap/electra
C	GameResources-garage-skin-tank-hopper-xt	Resources/GameResources/garage/skin/tank/hopper/xt	1955416	1d83ef873cf40e2c2d196e485f9b133f	Resources/GameResources/garage/colormap/electra
C	GameResources-garage-skin-tank-hornet-default	Resources/GameResources/garage/skin/tank/hornet/default	1230104	211c2f12278cdfbfb5c3497e1edd0910	Resources/GameResources/garage/colormap/electra
C	GameResources-garage-skin-tank-hornet-dk	Resources/GameResources/garage/skin/tank/hornet/dk	1180384	4d0526230a5e44d9a9e846c655292395	Resources/GameResources/garage/colormap/electra
C	GameResources-garage-skin-tank-hornet-gt	Resources/GameResources/garage/skin/tank/hornet/gt	1311464	0fb2f90e4fefeaf3345abc53faa14e9f	Resources/GameResources/garage/colormap/electra
C	GameResources-garage-skin-tank-hornet-gt_fake	Resources/GameResources/garage/skin/tank/hornet/gt_fake	186208	a3f19ad8956f0ae3aee774343b298356	Resources/GameResources/garage/colormap/electra
C	GameResources-garage-skin-tank-hornet-hd	Resources/GameResources/garage/skin/tank/hornet/hd	1891224	2a093418194a62b9cfd43e36000edf90	Resources/GameResources/garage/colormap/electra
C	GameResources-garage-skin-tank-hornet-hd_without_side_armor	Resources/GameResources/garage/skin/tank/hornet/hd_without_side_armor	1720624	99e15bca33bec1c9e05b7d4243f98c09	Resources/GameResources/garage/colormap/electra
C	GameResources-garage-skin-tank-hornet-lc	Resources/GameResources/garage/skin/tank/hornet/lc	144068	3d50cd06df1729d929a4c90b8b1ea191	Resources/GameResources/garage/colormap/electra
C	GameResources-garage-skin-tank-hornet-old	Resources/GameResources/garage/skin/tank/hornet/old	587208	df9077a395070ec529f76065d6bab9ae	Resources/GameResources/garage/colormap/electra
C	GameResources-garage-skin-tank-hornet-oldv2	Resources/GameResources/garage/skin/tank/hornet/oldv2	550764	4bd29868ba2a13d3ea05590023bf361c	Resources/GameResources/garage/colormap/electra
C	GameResources-garage-skin-tank-hornet-pr	Resources/GameResources/garage/skin/tank/hornet/pr	204788	3659ae181990f5981eef06b6c53cbc53	Resources/GameResources/garage/colormap/electra
C	GameResources-garage-skin-tank-hornet-pr_fake	Resources/GameResources/garage/skin/tank/hornet/pr_fake	279680	7b41703ea9e08fb48b99054f86e1aa8e	Resources/GameResources/garage/colormap/electra
C	GameResources-garage-skin-tank-hornet-rl	Resources/GameResources/garage/skin/tank/hornet/rl	1554608	b0edacbd030263317856bc662f9a8284	Resources/GameResources/garage/colormap/electra
C	GameResources-garage-skin-tank-hornet-sp	Resources/GameResources/garage/skin/tank/hornet/sp	706112	2c718edfd5adff97fb3c9ed902bd98ad	
C	GameResources-garage-skin-tank-hornet-tx-0	Resources/GameResources/garage/skin/tank/hornet/tx/0	1461196	95e68120ace97fe8492fbfdf088c1526	
C	GameResources-garage-skin-tank-hornet-tx-1	Resources/GameResources/garage/skin/tank/hornet/tx/1	2031704	ccce1eab7ac7670f2a99601ebd287af6	Resources/GameResources/garage/colormap/electra
C	GameResources-garage-skin-tank-hornet-tx-2	Resources/GameResources/garage/skin/tank/hornet/tx/2	2031688	dd7ac7ce66f514edd8277941843e92e3	Resources/GameResources/garage/colormap/electra
C	GameResources-garage-skin-tank-hornet-tx-3	Resources/GameResources/garage/skin/tank/hornet/tx/3	2031704	e5e906f2b690d8e8b0c05fc7f12a4f58	Resources/GameResources/garage/colormap/electra
C	GameResources-garage-skin-tank-hornet-tx-base	Resources/GameResources/garage/skin/tank/hornet/tx/base	201160	9f9b85ef64764f31b353e70bb2d1ebc0	Resources/GameResources/garage/colormap/electra;Resources/GameResources/garage/skin/tank/hornet/tx/0
C	GameResources-garage-skin-tank-hornet-tx_beta	Resources/GameResources/garage/skin/tank/hornet/tx_beta	1657364	5da734084784802b3b15523064c9af22	Resources/GameResources/garage/colormap/electra
C	GameResources-garage-skin-tank-hornet-tx_steel	Resources/GameResources/garage/skin/tank/hornet/tx_steel	2041284	5771efcac446b52e6b37cb506294fa93	Resources/GameResources/garage/colormap/electra
C	GameResources-garage-skin-tank-hornet-tx_victory_day	Resources/GameResources/garage/skin/tank/hornet/tx_victory_day	2156804	e89a7f8bf293057cd80a1f39896420a8	Resources/GameResources/garage/colormap/electra
C	GameResources-garage-skin-tank-hornet-tx_xt	Resources/GameResources/garage/skin/tank/hornet/tx_xt	1671760	dd825b1ba8208a23a97b88805e5c25c6	Resources/GameResources/garage/colormap/electra
C	GameResources-garage-skin-tank-hornet-ut	Resources/GameResources/garage/skin/tank/hornet/ut	1843776	720ef91f5488b6e5adadf3db91cf5870	Resources/GameResources/garage/colormap/electra
C	GameResources-garage-skin-tank-hornet-xt	Resources/GameResources/garage/skin/tank/hornet/xt	1159316	5eefe846a798b1cac46d0b6aaee559ff	Resources/GameResources/garage/colormap/electra
C	GameResources-garage-skin-tank-hornet-xt_fake	Resources/GameResources/garage/skin/tank/hornet/xt_fake	206016	215a653a549dbef6ecb2410efddd99c9	Resources/GameResources/garage/colormap/electra
C	GameResources-garage-skin-tank-hornet-xt_hd	Resources/GameResources/garage/skin/tank/hornet/xt_hd	1405664	da9f0159505ff4231668946b3552e01e	Resources/GameResources/garage/colormap/electra
C	GameResources-garage-skin-tank-hunter-dc	Resources/GameResources/garage/skin/tank/hunter/dc	2226944	af2c42228b721cd4d40d8d4f0b4aad12	Resources/GameResources/garage/colormap/electra
C	GameResources-garage-skin-tank-hunter-default	Resources/GameResources/garage/skin/tank/hunter/default	1353128	304a51bde6d6d93eeac449e61eeeadb8	Resources/GameResources/garage/colormap/electra
C	GameResources-garage-skin-tank-hunter-gt	Resources/GameResources/garage/skin/tank/hunter/gt	1552024	67899e7786ff6da6f502a1f2b6d9e721	Resources/GameResources/garage/colormap/electra
C	GameResources-garage-skin-tank-hunter-hd	Resources/GameResources/garage/skin/tank/hunter/hd	2056584	4da0f6bc4f4d50495be467c151dc3148	Resources/GameResources/garage/colormap/electra
C	GameResources-garage-skin-tank-hunter-hd_without_side_armor	Resources/GameResources/garage/skin/tank/hunter/hd_without_side_armor	1879600	4769a51ac73026011325abb8636b4832	Resources/GameResources/garage/colormap/electra
C	GameResources-garage-skin-tank-hunter-lc	Resources/GameResources/garage/skin/tank/hunter/lc	249316	3d8faf017687c9662102affa7593e18c	Resources/GameResources/garage/colormap/electra
C	GameResources-garage-skin-tank-hunter-old	Resources/GameResources/garage/skin/tank/hunter/old	890664	567cc8740969722ae73ccb670c1a1539	Resources/GameResources/garage/colormap/electra
C	GameResources-garage-skin-tank-hunter-oldv2	Resources/GameResources/garage/skin/tank/hunter/oldv2	856780	f3ce860005a2d49f86178482a799d576	Resources/GameResources/garage/colormap/electra
C	GameResources-garage-skin-tank-hunter-pr	Resources/GameResources/garage/skin/tank/hunter/pr	180020	42ca7ba6b02e7075f35840a7297c9c67	Resources/GameResources/garage/colormap/electra
C	GameResources-garage-skin-tank-hunter-sp	Resources/GameResources/garage/skin/tank/hunter/sp	1828864	638c711e90db0aad01a05f63f0b7cfe1	Resources/GameResources/garage/colormap/electra
C	GameResources-garage-skin-tank-hunter-tx_victory_day	Resources/GameResources/garage/skin/tank/hunter/tx_victory_day	2012532	7a26f65cb84e8f72282501dd884de2cd	Resources/GameResources/garage/colormap/electra
C	GameResources-garage-skin-tank-hunter-tx_xt	Resources/GameResources/garage/skin/tank/hunter/tx_xt	2009168	96e272fb77ffb6879f6a670ee0bb928d	Resources/GameResources/garage/colormap/electra
C	GameResources-garage-skin-tank-hunter-ut	Resources/GameResources/garage/skin/tank/hunter/ut	1533120	359bf00ae7a19157b2fe853c37e14301	Resources/GameResources/garage/colormap/electra
C	GameResources-garage-skin-tank-hunter-xt	Resources/GameResources/garage/skin/tank/hunter/xt	319948	b5a70d73cc02ae84defe92479530270e	Resources/GameResources/garage/colormap/electra
C	GameResources-garage-skin-tank-hunter-xt_fake	Resources/GameResources/garage/skin/tank/hunter/xt_fake	311712	0f7011223d018d3555661bb2cd4088d8	Resources/GameResources/garage/colormap/electra
C	GameResources-garage-skin-tank-juggernaut	Resources/GameResources/garage/skin/tank/juggernaut	1944984	e0ca2b8a425366858e276ceee5c78d06	Resources/GameResources/garage/colormap/electra
C	GameResources-garage-skin-tank-mammoth-2_0	Resources/GameResources/garage/skin/tank/mammoth/2_0	1047528	822697c31b332472aca46d46c5ff889c	Resources/GameResources/garage/colormap/electra
C	GameResources-garage-skin-tank-mammoth-default	Resources/GameResources/garage/skin/tank/mammoth/default	1622840	3dbe5263302dd9341f065036d736b73d	Resources/GameResources/garage/colormap/electra
C	GameResources-garage-skin-tank-mammoth-gt	Resources/GameResources/garage/skin/tank/mammoth/gt	1569808	5b95729c34f9ac864722c24d96349b50	Resources/GameResources/garage/colormap/electra
C	GameResources-garage-skin-tank-mammoth-hd	Resources/GameResources/garage/skin/tank/mammoth/hd	1558136	14cee6ebe67952ba52984e63bf7bbcfd	Resources/GameResources/garage/colormap/electra
C	GameResources-garage-skin-tank-mammoth-hd_without_side_armor	Resources/GameResources/garage/skin/tank/mammoth/hd_without_side_armor	1523212	87297c98b9ccf528483a9a76acf6e841	Resources/GameResources/garage/colormap/electra
C	GameResources-garage-skin-tank-mammoth-lc	Resources/GameResources/garage/skin/tank/mammoth/lc	246792	1f9a349aedfe63e06fd901c16ade45bb	Resources/GameResources/garage/colormap/electra
C	GameResources-garage-skin-tank-mammoth-old	Resources/GameResources/garage/skin/tank/mammoth/old	798816	8d0feeb1b9f4ecc8aafc334153634771	Resources/GameResources/garage/colormap/electra
C	GameResources-garage-skin-tank-mammoth-oldv2	Resources/GameResources/garage/skin/tank/mammoth/oldv2	760012	17a608db3fa0d3a27d751cf0a8e0c471	Resources/GameResources/garage/colormap/electra
C	GameResources-garage-skin-tank-mammoth-sp	Resources/GameResources/garage/skin/tank/mammoth/sp	2167976	81217429d3c10bcbbdcbcc9ab1cc6319	Resources/GameResources/garage/colormap/electra
C	GameResources-garage-skin-tank-mammoth-tx	Resources/GameResources/garage/skin/tank/mammoth/tx	1606296	7c0ebe119d5d9e0faa0dd2e79bf7e951	Resources/GameResources/garage/colormap/electra
C	GameResources-garage-skin-tank-mammoth-tx_sp	Resources/GameResources/garage/skin/tank/mammoth/tx_sp	1836924	ddcac9d3643e7184c42fa1551ae310d1	Resources/GameResources/garage/colormap/electra
C	GameResources-garage-skin-tank-mammoth-ut	Resources/GameResources/garage/skin/tank/mammoth/ut	1894008	7114ac95041cbdb980b549345b3a889a	Resources/GameResources/garage/colormap/electra
C	GameResources-garage-skin-tank-mammoth-xt	Resources/GameResources/garage/skin/tank/mammoth/xt	330256	8d1041c70e9ebc843a02c914627d6d73	Resources/GameResources/garage/colormap/electra
C	GameResources-garage-skin-tank-paladin-dk	Resources/GameResources/garage/skin/tank/paladin/dk	1537068	2f67dd181193b75d2802ed95df089d9b	Resources/GameResources/garage/colormap/electra
C	GameResources-garage-skin-tank-paladin-hd	Resources/GameResources/garage/skin/tank/paladin/hd	2016044	f1534cbc2fa5a09e596a4afa7665e8ab	Resources/GameResources/garage/colormap/electra
C	GameResources-garage-skin-tank-paladin-rt	Resources/GameResources/garage/skin/tank/paladin/rt	1654364	6c779a41d6bef756ed257ef704120d87	Resources/GameResources/garage/colormap/electra
C	GameResources-garage-skin-tank-paladin-xt	Resources/GameResources/garage/skin/tank/paladin/xt	2356108	d4949d8288117cdb52e075adcb15d369	Resources/GameResources/garage/colormap/electra
C	GameResources-garage-skin-tank-sonic	Resources/GameResources/garage/skin/tank/sonic	2809348	f2103265720db59328a27049e259a723	Resources/GameResources/garage/colormap/electra
C	GameResources-garage-skin-tank-tanker-hd-_files	Resources/GameResources/garage/skin/tank/tanker/hd	8287980	bd835a37f59f27e8c4ce87063f69e387	
C	GameResources-garage-skin-tank-tanker-hd-_files-p2	Resources/GameResources/garage/skin/tank/tanker/hd	8287980	1de004ce0768e7cf88a1012badcfa71b	
C	GameResources-garage-skin-tank-tanker-hd-_files-p3	Resources/GameResources/garage/skin/tank/tanker/hd	48656	fc3e3dc27ce1add580717ae3b50b4293	
C	GameResources-garage-skin-tank-tanker-hd-base	Resources/GameResources/garage/skin/tank/tanker/hd/base	613112	786db5072554bee1a6d707a0f53d4ed6	Resources/GameResources/garage/colormap/electra;Resources/GameResources/garage/skin/tank/tanker/hd
C	GameResources-garage-skin-tank-tanker-hd_closed-_files	Resources/GameResources/garage/skin/tank/tanker/hd_closed	8287984	601ee7130bfe1c699b4f339c35be2224	
C	GameResources-garage-skin-tank-tanker-hd_closed-_files-p2	Resources/GameResources/garage/skin/tank/tanker/hd_closed	8287988	c6f3998a15878621707f47417c98f634	
C	GameResources-garage-skin-tank-tanker-hd_closed-_files-p3	Resources/GameResources/garage/skin/tank/tanker/hd_closed	48380	6b01785cc088ae06c5587ca27c8323a7	
C	GameResources-garage-skin-tank-tanker-hd_closed-base	Resources/GameResources/garage/skin/tank/tanker/hd_closed/base	615596	17e94633ba169fb0bdaa7a128e8e5b33	Resources/GameResources/garage/colormap/electra;Resources/GameResources/garage/skin/tank/tanker/hd_closed
C	GameResources-garage-skin-tank-tanker-hd_full_closed-_files	Resources/GameResources/garage/skin/tank/tanker/hd_full_closed	8287992	a3e84c95d26f33aeec02f6c181441cff	
C	GameResources-garage-skin-tank-tanker-hd_full_closed-_files-p2	Resources/GameResources/garage/skin/tank/tanker/hd_full_closed	8288008	9148469cf951c646311030921322534d	
C	GameResources-garage-skin-tank-tanker-hd_full_closed-_files-p3	Resources/GameResources/garage/skin/tank/tanker/hd_full_closed	48296	f1194b1c85c23fdfdc55060b9eacc0be	
C	GameResources-garage-skin-tank-tanker-hd_full_closed-base	Resources/GameResources/garage/skin/tank/tanker/hd_full_closed/base	620268	ced278f576c647459df6edd89204cd7e	Resources/GameResources/garage/colormap/electra;Resources/GameResources/garage/skin/tank/tanker/hd_full_closed
C	GameResources-garage-skin-tank-titan-20	Resources/GameResources/garage/skin/tank/titan/20	2378572	febcd410745c27c958e5fe47b9f02c25	Resources/GameResources/garage/colormap/electra
C	GameResources-garage-skin-tank-titan-default	Resources/GameResources/garage/skin/tank/titan/default	1265832	6bdd482fbe3ef32dd08270fc3240c95d	Resources/GameResources/garage/colormap/electra
C	GameResources-garage-skin-tank-titan-gt	Resources/GameResources/garage/skin/tank/titan/gt	1486460	29fca7e4a0875ed87e550e37aa363376	Resources/GameResources/garage/colormap/electra
C	GameResources-garage-skin-tank-titan-hd	Resources/GameResources/garage/skin/tank/titan/hd	1230660	a2caef86ff39354ab39795d08e557ed0	Resources/GameResources/garage/colormap/electra
C	GameResources-garage-skin-tank-titan-hd_without_side_armor	Resources/GameResources/garage/skin/tank/titan/hd_without_side_armor	1143256	bf4ec9574b33f730164559446986bbca	Resources/GameResources/garage/colormap/electra
C	GameResources-garage-skin-tank-titan-lc	Resources/GameResources/garage/skin/tank/titan/lc	164204	06045cabcfbea07e23633ab552d24761	Resources/GameResources/garage/colormap/electra
C	GameResources-garage-skin-tank-titan-old	Resources/GameResources/garage/skin/tank/titan/old	989892	ec7501fdfb3f4150eca777f72017d62e	Resources/GameResources/garage/colormap/electra
C	GameResources-garage-skin-tank-titan-oldv2	Resources/GameResources/garage/skin/tank/titan/oldv2	955592	e65e2a3352671a222f39c1f3cfd7df12	Resources/GameResources/garage/colormap/electra
C	GameResources-garage-skin-tank-titan-pr	Resources/GameResources/garage/skin/tank/titan/pr	199532	ce795db02f14ecfea40ac90ed18721be	Resources/GameResources/garage/colormap/electra
C	GameResources-garage-skin-tank-titan-pr_fake	Resources/GameResources/garage/skin/tank/titan/pr_fake	291212	1a21e5443f6bb851ad8db7feba382505	Resources/GameResources/garage/colormap/electra
C	GameResources-garage-skin-tank-titan-sp	Resources/GameResources/garage/skin/tank/titan/sp	1963556	fd4079ff344fd3a8700311cc8fcc8655	Resources/GameResources/garage/colormap/electra
C	GameResources-garage-skin-tank-titan-tx_xt	Resources/GameResources/garage/skin/tank/titan/tx_xt	1835848	a90bccdd8133c51f709992ced18c8a1e	Resources/GameResources/garage/colormap/electra
C	GameResources-garage-skin-tank-titan-xt	Resources/GameResources/garage/skin/tank/titan/xt	278404	b066a5acc69841460382b6ba9f68faa0	Resources/GameResources/garage/colormap/electra
C	GameResources-garage-skin-tank-titan-xt_fake	Resources/GameResources/garage/skin/tank/titan/xt_fake	290396	42c67a91ce60fc52317522d7a1128534	Resources/GameResources/garage/colormap/electra
C	GameResources-garage-skin-tank-ufo	Resources/GameResources/garage/skin/tank/ufo	716040	e3ed6ce0751d6a55d83afd14900b3a13	Resources/GameResources/garage/colormap/electra
C	GameResources-garage-skin-tank-viking-20	Resources/GameResources/garage/skin/tank/viking/20	1502084	655ff1b20d7c53f8bae32718ba910d0b	Resources/GameResources/garage/colormap/electra
C	GameResources-garage-skin-tank-viking-2_0	Resources/GameResources/garage/skin/tank/viking/2_0	452344	24e3c32fd93a9b587f2864999c82f205	Resources/GameResources/garage/colormap/electra
C	GameResources-garage-skin-tank-viking-dc	Resources/GameResources/garage/skin/tank/viking/dc	2234480	c3d78e7672969d476fb7024c4abc31c1	Resources/GameResources/garage/colormap/electra
C	GameResources-garage-skin-tank-viking-default	Resources/GameResources/garage/skin/tank/viking/default	1077752	05700efb393bbd2383fd17947d6f86d8	Resources/GameResources/garage/colormap/electra
C	GameResources-garage-skin-tank-viking-dk	Resources/GameResources/garage/skin/tank/viking/dk	1421520	ec7852d590068d1b1d76f684c57f8e40	Resources/GameResources/garage/colormap/electra
C	GameResources-garage-skin-tank-viking-gt	Resources/GameResources/garage/skin/tank/viking/gt	1402424	12fbfa60551c1ec8ec2b00f6e447c0bf	Resources/GameResources/garage/colormap/electra
C	GameResources-garage-skin-tank-viking-gt_concept	Resources/GameResources/garage/skin/tank/viking/gt_concept	1422880	51f93523577e85e3766178fa3edf52fb	Resources/GameResources/garage/colormap/electra
C	GameResources-garage-skin-tank-viking-gt_fake	Resources/GameResources/garage/skin/tank/viking/gt_fake	148560	f2ca8ec80be748fbdc0ca963ff2e4d89	Resources/GameResources/garage/colormap/electra
C	GameResources-garage-skin-tank-viking-hd	Resources/GameResources/garage/skin/tank/viking/hd	1805872	49614bbf2a52264dfd1dcd05b6f4c22a	Resources/GameResources/garage/colormap/electra
C	GameResources-garage-skin-tank-viking-hd_without_side_armor	Resources/GameResources/garage/skin/tank/viking/hd_without_side_armor	1795264	0d2f782015c9214a1b5055832e9b5030	Resources/GameResources/garage/colormap/electra
C	GameResources-garage-skin-tank-viking-lc	Resources/GameResources/garage/skin/tank/viking/lc	118596	53e4809f46fa9ee0433b3a15afc0cec0	Resources/GameResources/garage/colormap/electra
C	GameResources-garage-skin-tank-viking-old	Resources/GameResources/garage/skin/tank/viking/old	494232	35e9308c25e8d562eaacdcdd0697328e	Resources/GameResources/garage/colormap/electra
C	GameResources-garage-skin-tank-viking-oldv2	Resources/GameResources/garage/skin/tank/viking/oldv2	455420	96ba61b2e0593dc1ffd76676a981a630	Resources/GameResources/garage/colormap/electra
C	GameResources-garage-skin-tank-viking-pr	Resources/GameResources/garage/skin/tank/viking/pr	182644	565d600e1d63340612b430b9502013bd	Resources/GameResources/garage/colormap/electra
C	GameResources-garage-skin-tank-viking-pr_fake	Resources/GameResources/garage/skin/tank/viking/pr_fake	160928	cd1ef9957e37764e7d831ee0150dc811	Resources/GameResources/garage/colormap/electra
C	GameResources-garage-skin-tank-viking-tx	Resources/GameResources/garage/skin/tank/viking/tx	1983136	ff4b3e76cdb3b41f55aa784ba6f5ad07	Resources/GameResources/garage/colormap/electra
C	GameResources-garage-skin-tank-viking-tx_victory_day	Resources/GameResources/garage/skin/tank/viking/tx_victory_day	2285124	5037f43e7e69958133a458464847b124	Resources/GameResources/garage/colormap/electra
C	GameResources-garage-skin-tank-viking-tx_xt	Resources/GameResources/garage/skin/tank/viking/tx_xt	1765568	070f8db3d9366983f6d58e1ee78a870f	Resources/GameResources/garage/colormap/electra
C	GameResources-garage-skin-tank-viking-ut	Resources/GameResources/garage/skin/tank/viking/ut	1943792	f05e3beee4f2a380854cca070aac2167	Resources/GameResources/garage/colormap/electra
C	GameResources-garage-skin-tank-viking-xt	Resources/GameResources/garage/skin/tank/viking/xt	307068	7fa4efa86cb41bc472750678102baf1a	Resources/GameResources/garage/colormap/electra
C	GameResources-garage-skin-tank-viking-xt_hd	Resources/GameResources/garage/skin/tank/viking/xt_hd	1560960	d195fdd2d0c6b70601ba2e6e6bc4e33d	Resources/GameResources/garage/colormap/electra
C	GameResources-garage-skin-tank-wasp-20	Resources/GameResources/garage/skin/tank/wasp/20	1983412	69b28d282290f9a758e122f70e57d251	Resources/GameResources/garage/colormap/electra
C	GameResources-garage-skin-tank-wasp-2_0	Resources/GameResources/garage/skin/tank/wasp/2_0	1584836	7afdceadd20b0669b116c8b30342ef0d	Resources/GameResources/garage/colormap/electra
C	GameResources-garage-skin-tank-wasp-dc	Resources/GameResources/garage/skin/tank/wasp/dc	1844172	d5304f44acd182d9217a12838ef5a409	Resources/GameResources/garage/colormap/electra
C	GameResources-garage-skin-tank-wasp-default	Resources/GameResources/garage/skin/tank/wasp/default	1114132	634601a7da05f37478862f2b7211fadc	Resources/GameResources/garage/colormap/electra
C	GameResources-garage-skin-tank-wasp-gt	Resources/GameResources/garage/skin/tank/wasp/gt	1481572	774375eb4bbb66de6eb70d1ae9d3c490	Resources/GameResources/garage/colormap/electra
C	GameResources-garage-skin-tank-wasp-hd	Resources/GameResources/garage/skin/tank/wasp/hd	1646556	2b8d717cffa6892ba8b38853ec396185	Resources/GameResources/garage/colormap/electra
C	GameResources-garage-skin-tank-wasp-hd_without_side_armor	Resources/GameResources/garage/skin/tank/wasp/hd_without_side_armor	1629720	d3e0c575e7fd6f32aab600921a6264b9	Resources/GameResources/garage/colormap/electra
C	GameResources-garage-skin-tank-wasp-lc	Resources/GameResources/garage/skin/tank/wasp/lc	172244	9fd15dab2ea9465165dbd713ed136d8b	Resources/GameResources/garage/colormap/electra
C	GameResources-garage-skin-tank-wasp-old	Resources/GameResources/garage/skin/tank/wasp/old	906884	3b26e919bc3a9bdbe6f27a72a5659372	Resources/GameResources/garage/colormap/electra
C	GameResources-garage-skin-tank-wasp-oldv2	Resources/GameResources/garage/skin/tank/wasp/oldv2	874324	4cbf2455403ad9547a674b50f499a10d	Resources/GameResources/garage/colormap/electra
C	GameResources-garage-skin-tank-wasp-pr_fake	Resources/GameResources/garage/skin/tank/wasp/pr_fake	205028	11a722652251b621fbe5a75f2dec47ec	Resources/GameResources/garage/colormap/electra
C	GameResources-garage-skin-tank-wasp-release_1_100_1	Resources/GameResources/garage/skin/tank/wasp/release_1_100_1	181092	c238e4cc8ebe70257c1164059216ea9a	Resources/GameResources/garage/colormap/electra
C	GameResources-garage-skin-tank-wasp-release_1_100_2	Resources/GameResources/garage/skin/tank/wasp/release_1_100_2	179092	fa5456356f80d2fd5119f247d8d3133a	Resources/GameResources/garage/colormap/electra
C	GameResources-garage-skin-tank-wasp-release_1_100_3	Resources/GameResources/garage/skin/tank/wasp/release_1_100_3	163844	0233dda4576bd16921956d6dd86971bd	Resources/GameResources/garage/colormap/electra
C	GameResources-garage-skin-tank-wasp-tx	Resources/GameResources/garage/skin/tank/wasp/tx	2141420	6a00f49ce3ff4968dbc2bcfad35ea118	Resources/GameResources/garage/colormap/electra
C	GameResources-garage-skin-tank-wasp-tx_bumblebee_83	Resources/GameResources/garage/skin/tank/wasp/tx_bumblebee_83	1964792	216098df943aec19d791aeb14959fa4b	Resources/GameResources/garage/colormap/electra
C	GameResources-garage-skin-tank-wasp-tx_dreadnought	Resources/GameResources/garage/skin/tank/wasp/tx_dreadnought	1923040	4fe5aec39588837a1ef376a04336be0f	Resources/GameResources/garage/colormap/electra
C	GameResources-garage-skin-tank-wasp-tx_frost	Resources/GameResources/garage/skin/tank/wasp/tx_frost	1780268	f5a22bcddb5baf163eb4a7176041b27e	Resources/GameResources/garage/colormap/electra
C	GameResources-garage-skin-tank-wasp-tx_steel	Resources/GameResources/garage/skin/tank/wasp/tx_steel	2218716	676151cc673a2291de7fecfd5d90fcec	Resources/GameResources/garage/colormap/electra
C	GameResources-garage-skin-tank-wasp-tx_xt	Resources/GameResources/garage/skin/tank/wasp/tx_xt	1794568	e5749b28f863427f4b1178e7ffab3044	Resources/GameResources/garage/colormap/electra
C	GameResources-garage-skin-tank-wasp-vt	Resources/GameResources/garage/skin/tank/wasp/vt	1697036	09fd26cddf8dd401052ad4582f81c55a	Resources/GameResources/garage/colormap/electra
C	GameResources-garage-skin-tank-wasp-xt	Resources/GameResources/garage/skin/tank/wasp/xt	283868	cb48a4720cee2263962c034493e21c4f	Resources/GameResources/garage/colormap/electra
C	GameResources-garage-skin-weapon-_files	Resources/GameResources/garage/skin/weapon	1268	75e1f849097a5ee55cd951620406340f	
C	GameResources-garage-skin-weapon-flamethrower-20-0	Resources/GameResources/garage/skin/weapon/flamethrower/20/0	1058572	54538ae4de98f5d451e48c45895527d4	
C	GameResources-garage-skin-weapon-flamethrower-20-1	Resources/GameResources/garage/skin/weapon/flamethrower/20/1	1037924	9dbb62c4c644c99b96007beb77230bb6	Resources/GameResources/garage/colormap/electra;Resources/GameResources/garage/skin/tank/dictator/20
C	GameResources-garage-skin-weapon-flamethrower-20-2	Resources/GameResources/garage/skin/weapon/flamethrower/20/2	1080100	6b3e72a23991e9883b01fc331982d0e8	Resources/GameResources/garage/colormap/electra;Resources/GameResources/garage/skin/tank/dictator/20
C	GameResources-garage-skin-weapon-flamethrower-20-3	Resources/GameResources/garage/skin/weapon/flamethrower/20/3	1129892	2eba66fe9399db3255821a74e3111fff	Resources/GameResources/garage/colormap/electra;Resources/GameResources/garage/skin/tank/dictator/20
C	GameResources-garage-skin-weapon-flamethrower-20-base	Resources/GameResources/garage/skin/weapon/flamethrower/20/base	37512	cdd3577f02f58b44616873225b0c7d77	Resources/GameResources/garage/colormap/electra;Resources/GameResources/garage/skin/tank/dictator/20
C	GameResources-garage-skin-weapon-flamethrower-2_0	Resources/GameResources/garage/skin/weapon/flamethrower/2_0	1154756	a235f9fb3fcad1de4071781310698f24	Resources/GameResources/garage/colormap/electra
C	GameResources-garage-skin-weapon-flamethrower-dc	Resources/GameResources/garage/skin/weapon/flamethrower/dc	725152	8bd040f49d3274879b2bf88242001918	Resources/GameResources/garage/colormap/electra
C	GameResources-garage-skin-weapon-flamethrower-dc_old	Resources/GameResources/garage/skin/weapon/flamethrower/dc_old	119204	e0b183561c8aee405ae4a586b0fe50f9	Resources/GameResources/garage/colormap/electra
C	GameResources-garage-skin-weapon-flamethrower-default	Resources/GameResources/garage/skin/weapon/flamethrower/default	663460	a1f4ad00ba2a3b265b1fe519b5e690d4	Resources/GameResources/garage/colormap/electra
C	GameResources-garage-skin-weapon-flamethrower-gt	Resources/GameResources/garage/skin/weapon/flamethrower/gt	1355888	3dd30edd914dcd87935451634abfa023	Resources/GameResources/garage/colormap/electra
C	GameResources-garage-skin-weapon-flamethrower-hd	Resources/GameResources/garage/skin/weapon/flamethrower/hd	654672	1656a01bbad2ce0336dad013e2c3d2aa	Resources/GameResources/garage/colormap/electra
C	GameResources-garage-skin-weapon-flamethrower-lc	Resources/GameResources/garage/skin/weapon/flamethrower/lc	115632	72291a35ca00ff486e5659ef83857b65	Resources/GameResources/garage/colormap/electra
C	GameResources-garage-skin-weapon-flamethrower-old	Resources/GameResources/garage/skin/weapon/flamethrower/old	320420	11bd944ff238968de5f6b92d2583f46b	Resources/GameResources/garage/colormap/electra
C	GameResources-garage-skin-weapon-flamethrower-oldv2	Resources/GameResources/garage/skin/weapon/flamethrower/oldv2	302732	4a7be1ed913adc77d55e8f74f974d3f2	Resources/GameResources/garage/colormap/electra
C	GameResources-garage-skin-weapon-flamethrower-tx_dreadnought	Resources/GameResources/garage/skin/weapon/flamethrower/tx_dreadnought	992412	acdda16ab6491bfbe941e4c55b9e4e22	Resources/GameResources/garage/colormap/electra
C	GameResources-garage-skin-weapon-flamethrower-ut_old	Resources/GameResources/garage/skin/weapon/flamethrower/ut_old	181236	205ecb72543d441e0c49b3e2677cc7b9	Resources/GameResources/garage/colormap/electra
C	GameResources-garage-skin-weapon-flamethrower-xt	Resources/GameResources/garage/skin/weapon/flamethrower/xt	158380	d9a8b3e749bcbff13768274746316c46	Resources/GameResources/garage/colormap/electra
C	GameResources-garage-skin-weapon-freeze-default	Resources/GameResources/garage/skin/weapon/freeze/default	507516	77e39c4df72d7ee780f26af84b7958c6	Resources/GameResources/garage/colormap/electra
C	GameResources-garage-skin-weapon-freeze-dk	Resources/GameResources/garage/skin/weapon/freeze/dk	479804	0bce5c88ee3eefe6afa17c2f3fe735ae	Resources/GameResources/garage/colormap/electra
C	GameResources-garage-skin-weapon-freeze-gt	Resources/GameResources/garage/skin/weapon/freeze/gt	600300	213ae50d8ad8e92d68e5e6c65be34d83	Resources/GameResources/garage/colormap/electra
C	GameResources-garage-skin-weapon-freeze-hd	Resources/GameResources/garage/skin/weapon/freeze/hd	633084	517fa9b003918a69bca2880b41088d74	Resources/GameResources/garage/colormap/electra
C	GameResources-garage-skin-weapon-freeze-ic	Resources/GameResources/garage/skin/weapon/freeze/ic	911276	08dd31a14d8c91a2dbbcf4a19f4c6b10	Resources/GameResources/garage/colormap/electra
C	GameResources-garage-skin-weapon-freeze-lc	Resources/GameResources/garage/skin/weapon/freeze/lc	114364	ae4df126abb7c59711a0a8a54bba5f59	Resources/GameResources/garage/colormap/electra
C	GameResources-garage-skin-weapon-freeze-lc_old	Resources/GameResources/garage/skin/weapon/freeze/lc_old	85840	60277f3f9c23000197640b87b727142b	Resources/GameResources/garage/colormap/electra
C	GameResources-garage-skin-weapon-freeze-old	Resources/GameResources/garage/skin/weapon/freeze/old	448412	ca15d73df0c70e021b858a5f5a79a86f	Resources/GameResources/garage/colormap/electra
C	GameResources-garage-skin-weapon-freeze-oldv2	Resources/GameResources/garage/skin/weapon/freeze/oldv2	424560	5c4306f656c1a09195052ba7ec21b9c5	Resources/GameResources/garage/colormap/electra
C	GameResources-garage-skin-weapon-freeze-pr_fake	Resources/GameResources/garage/skin/weapon/freeze/pr_fake	239432	e113a600e187b4820624543af36d420f	Resources/GameResources/garage/colormap/electra
C	GameResources-garage-skin-weapon-freeze-se	Resources/GameResources/garage/skin/weapon/freeze/se	423484	827e1db4d2c6f92698da54065944de0b	Resources/GameResources/garage/colormap/electra
C	GameResources-garage-skin-weapon-freeze-tx	Resources/GameResources/garage/skin/weapon/freeze/tx	818924	caef34af162a27e828c31c8d0a0dc3c2	Resources/GameResources/garage/colormap/electra
C	GameResources-garage-skin-weapon-freeze-tx_frost	Resources/GameResources/garage/skin/weapon/freeze/tx_frost	1119072	19d7690bab0663361611200047b2340e	Resources/GameResources/garage/colormap/electra
C	GameResources-garage-skin-weapon-freeze-xt	Resources/GameResources/garage/skin/weapon/freeze/xt	113652	1e9f524082944476cdcec6b16d862339	Resources/GameResources/garage/colormap/electra
C	GameResources-garage-skin-weapon-freeze-xt_fake_blue	Resources/GameResources/garage/skin/weapon/freeze/xt_fake_blue	99716	cb2c6237ad33d17d599d3b7925c4f0ad	Resources/GameResources/garage/colormap/electra
C	GameResources-garage-skin-weapon-freeze-xt_fake_red	Resources/GameResources/garage/skin/weapon/freeze/xt_fake_red	93612	532a234f907dc0b7e0cb0287f66fa166	Resources/GameResources/garage/colormap/electra
C	GameResources-garage-skin-weapon-freeze-xt_hd	Resources/GameResources/garage/skin/weapon/freeze/xt_hd	553184	e19bc72ba3a449d16201b713c1923678	Resources/GameResources/garage/colormap/electra
C	GameResources-garage-skin-weapon-gauss-default	Resources/GameResources/garage/skin/weapon/gauss/default	978068	e57ee4e4512a51046a3d0c57ca47218f	Resources/GameResources/garage/colormap/electra
C	GameResources-garage-skin-weapon-gauss-gt	Resources/GameResources/garage/skin/weapon/gauss/gt	525612	3c6be7cc5d10ea4fa9f08e39d777ae13	Resources/GameResources/garage/colormap/electra
C	GameResources-garage-skin-weapon-gauss-hd	Resources/GameResources/garage/skin/weapon/gauss/hd	512124	e4eeac1f174faded05d41086784336dd	Resources/GameResources/garage/colormap/electra
C	GameResources-garage-skin-weapon-gauss-ic	Resources/GameResources/garage/skin/weapon/gauss/ic	792716	5f0a044b285e4e02a686f95a006b3fc1	Resources/GameResources/garage/colormap/electra
C	GameResources-garage-skin-weapon-gauss-lc	Resources/GameResources/garage/skin/weapon/gauss/lc	134016	fefa5bea15a1a6e2a68c30b0ff017f54	Resources/GameResources/garage/colormap/electra
C	GameResources-garage-skin-weapon-gauss-pr	Resources/GameResources/garage/skin/weapon/gauss/pr	107004	290f1122eeb6e68f0f86e590b22e8ca2	Resources/GameResources/garage/colormap/electra
C	GameResources-garage-skin-weapon-gauss-rt	Resources/GameResources/garage/skin/weapon/gauss/rt	687204	60e9ffcaf416df49d480d31f48831807	
C	GameResources-garage-skin-weapon-gauss-ut	Resources/GameResources/garage/skin/weapon/gauss/ut	593868	7f877fd1ee1c5dfc071026b134c0402a	Resources/GameResources/garage/colormap/electra
C	GameResources-garage-skin-weapon-gauss-xt	Resources/GameResources/garage/skin/weapon/gauss/xt	641300	61a16e26df24fdcf8527d1cd9eada097	Resources/GameResources/garage/colormap/electra
C	GameResources-garage-skin-weapon-hammer-dc	Resources/GameResources/garage/skin/weapon/hammer/dc	790524	cbe229f501d3ff9c77ae91c454b8a684	Resources/GameResources/garage/colormap/electra
C	GameResources-garage-skin-weapon-hammer-default	Resources/GameResources/garage/skin/weapon/hammer/default	568164	ea11a26848464b1cb76ee984b0c08e57	Resources/GameResources/garage/colormap/electra
C	GameResources-garage-skin-weapon-hammer-gt	Resources/GameResources/garage/skin/weapon/hammer/gt	608676	79befd7353c1dd3d6a7d8bc2faa9fa04	Resources/GameResources/garage/colormap/electra
C	GameResources-garage-skin-weapon-hammer-hd	Resources/GameResources/garage/skin/weapon/hammer/hd	505292	a13b264b78f3750e8de61c5bdbb7981c	Resources/GameResources/garage/colormap/electra
C	GameResources-garage-skin-weapon-hammer-ic	Resources/GameResources/garage/skin/weapon/hammer/ic	899172	9f658e743a139531f1f844b062fdc055	Resources/GameResources/garage/colormap/electra
C	GameResources-garage-skin-weapon-hammer-lc	Resources/GameResources/garage/skin/weapon/hammer/lc	104652	f3ee1b74d20fa42fdba4d06a79b12246	Resources/GameResources/garage/colormap/electra
C	GameResources-garage-skin-weapon-hammer-old	Resources/GameResources/garage/skin/weapon/hammer/old	496348	88bb7674ba26f27b2e366b1c08cc6804	Resources/GameResources/garage/colormap/electra
C	GameResources-garage-skin-weapon-hammer-oldv2	Resources/GameResources/garage/skin/weapon/hammer/oldv2	522048	a1a52825d3c72fead6825eef3b250a7f	Resources/GameResources/garage/colormap/electra
C	GameResources-garage-skin-weapon-hammer-sp	Resources/GameResources/garage/skin/weapon/hammer/sp	818100	305e491fdf195b966cf3a59f9bfaff98	Resources/GameResources/garage/colormap/electra
C	GameResources-garage-skin-weapon-hammer-test	Resources/GameResources/garage/skin/weapon/hammer/test	106700	76b194d95b4d7b50f111f0993d668aa9	Resources/GameResources/garage/colormap/electra
C	GameResources-garage-skin-weapon-hammer-tx	Resources/GameResources/garage/skin/weapon/hammer/tx	867484	d11c71a6785d31dc90246d88d8267d33	Resources/GameResources/garage/colormap/electra
C	GameResources-garage-skin-weapon-hammer-tx_steel	Resources/GameResources/garage/skin/weapon/hammer/tx_steel	1486704	adde4b68ab10553475b8c69077b975be	Resources/GameResources/garage/colormap/electra
C	GameResources-garage-skin-weapon-hammer-xt	Resources/GameResources/garage/skin/weapon/hammer/xt	135332	9da515bd739f6ac9b1132cf48cfbd500	Resources/GameResources/garage/colormap/electra
C	GameResources-garage-skin-weapon-hammer-xt_test_fake	Resources/GameResources/garage/skin/weapon/hammer/xt_test_fake	115012	576581162bcb7b365fa76b0e57190487	Resources/GameResources/garage/colormap/electra
C	GameResources-garage-skin-weapon-isis-dc	Resources/GameResources/garage/skin/weapon/isis/dc	682264	7d5bb9474c8006bd52be5dc58d3f45bb	Resources/GameResources/garage/colormap/electra
C	GameResources-garage-skin-weapon-isis-default	Resources/GameResources/garage/skin/weapon/isis/default	393696	4af288291aedb03cae925840d516dbfd	Resources/GameResources/garage/colormap/electra
C	GameResources-garage-skin-weapon-isis-gt	Resources/GameResources/garage/skin/weapon/isis/gt	478712	091b9801aa001e79935ff350e0ed6576	Resources/GameResources/garage/colormap/electra
C	GameResources-garage-skin-weapon-isis-hd	Resources/GameResources/garage/skin/weapon/isis/hd	449976	d88048ba8d636c696e61adce9efa84f7	Resources/GameResources/garage/colormap/electra
C	GameResources-garage-skin-weapon-isis-lc	Resources/GameResources/garage/skin/weapon/isis/lc	94712	1d3bc1bd561d45f7818b530fd0418b27	Resources/GameResources/garage/colormap/electra
C	GameResources-garage-skin-weapon-isis-old	Resources/GameResources/garage/skin/weapon/isis/old	320248	5d34d3507dcb66dbb80110165b436106	Resources/GameResources/garage/colormap/electra
C	GameResources-garage-skin-weapon-isis-oldv2	Resources/GameResources/garage/skin/weapon/isis/oldv2	296284	f61c09572bd986ca65727ff6dee764b2	Resources/GameResources/garage/colormap/electra
C	GameResources-garage-skin-weapon-isis-tod_fake	Resources/GameResources/garage/skin/weapon/isis/tod_fake	72128	5513b663f4eea4e4a70f29cdc183ef2e	Resources/GameResources/garage/colormap/electra
C	GameResources-garage-skin-weapon-isis-tx_bumblebee_83	Resources/GameResources/garage/skin/weapon/isis/tx_bumblebee_83	1333032	45f2c9185942dca3814e1e181abf81ff	Resources/GameResources/garage/colormap/electra
C	GameResources-garage-skin-weapon-isis-xt	Resources/GameResources/garage/skin/weapon/isis/xt	103660	3a0b0342e442808c09c34969929497d2	Resources/GameResources/garage/colormap/electra
C	GameResources-garage-skin-weapon-isis-xt_fake	Resources/GameResources/garage/skin/weapon/isis/xt_fake	109552	6112b981e7b3af717a536020053abf03	Resources/GameResources/garage/colormap/electra
C	GameResources-garage-skin-weapon-magnum	Resources/GameResources/garage/skin/weapon/magnum	2736252	66aadb5134db11e0b50caa0d1b7cb5aa	Resources/GameResources/garage/colormap/electra
C	GameResources-garage-skin-weapon-railgun-20	Resources/GameResources/garage/skin/weapon/railgun/20	2577500	87c144ed06ff6f7902fe3d636b9f0822	Resources/GameResources/garage/colormap/electra
C	GameResources-garage-skin-weapon-railgun-default	Resources/GameResources/garage/skin/weapon/railgun/default	377404	f8d9b5a438492a15dac7da606a583938	Resources/GameResources/garage/colormap/electra
C	GameResources-garage-skin-weapon-railgun-gt	Resources/GameResources/garage/skin/weapon/railgun/gt	444260	1d06e7fad570841b5cdd2a6f7d8475e1	Resources/GameResources/garage/colormap/electra
C	GameResources-garage-skin-weapon-railgun-hd	Resources/GameResources/garage/skin/weapon/railgun/hd	590860	8a94a8f3f613ab5ff35290857279362c	Resources/GameResources/garage/colormap/electra
C	GameResources-garage-skin-weapon-railgun-lc	Resources/GameResources/garage/skin/weapon/railgun/lc	90596	55a887c37afb3a19354c0664732f29ae	Resources/GameResources/garage/colormap/electra
C	GameResources-garage-skin-weapon-railgun-old	Resources/GameResources/garage/skin/weapon/railgun/old	347868	876237a271bfc3637252dfe41a65e3d6	Resources/GameResources/garage/colormap/electra
C	GameResources-garage-skin-weapon-railgun-oldv2	Resources/GameResources/garage/skin/weapon/railgun/oldv2	329044	49f69b6be6003137a61150e95dab6e0e	Resources/GameResources/garage/colormap/electra
C	GameResources-garage-skin-weapon-railgun-pr	Resources/GameResources/garage/skin/weapon/railgun/pr	92324	261675fdd6efd03e09f84089d35c1246	Resources/GameResources/garage/colormap/electra
C	GameResources-garage-skin-weapon-railgun-pr_fake	Resources/GameResources/garage/skin/weapon/railgun/pr_fake	78816	221863ec4b0fcf1f0eab4226e5f5675e	Resources/GameResources/garage/colormap/electra
C	GameResources-garage-skin-weapon-railgun-rl	Resources/GameResources/garage/skin/weapon/railgun/rl	1162132	b2b23851dacf3bc40d729f7fb2df4613	Resources/GameResources/garage/colormap/electra
C	GameResources-garage-skin-weapon-railgun-tx	Resources/GameResources/garage/skin/weapon/railgun/tx	959812	c6888e80d61104cf82bbe7018aba2113	Resources/GameResources/garage/colormap/electra
C	GameResources-garage-skin-weapon-railgun-tx_gold	Resources/GameResources/garage/skin/weapon/railgun/tx_gold	874336	ea68ec9d546d29c3d52ebacaba34ce6a	Resources/GameResources/garage/colormap/electra
C	GameResources-garage-skin-weapon-railgun-tx_steel	Resources/GameResources/garage/skin/weapon/railgun/tx_steel	1211588	04336a6c5498ad4c5595c60b0cf60937	Resources/GameResources/garage/colormap/electra
C	GameResources-garage-skin-weapon-railgun-tx_victory_day	Resources/GameResources/garage/skin/weapon/railgun/tx_victory_day	1246304	849b6224584c03e0907de2eeb694e97a	Resources/GameResources/garage/colormap/electra
C	GameResources-garage-skin-weapon-railgun-tx_xt	Resources/GameResources/garage/skin/weapon/railgun/tx_xt	806768	7104ae9b9b2591195c3b8312abb3ad89	Resources/GameResources/garage/colormap/electra
C	GameResources-garage-skin-weapon-railgun-ut	Resources/GameResources/garage/skin/weapon/railgun/ut	584436	5f665bf6ff605cf1d12584f00f3725cf	Resources/GameResources/garage/colormap/electra
C	GameResources-garage-skin-weapon-railgun-xt	Resources/GameResources/garage/skin/weapon/railgun/xt	435820	e6888097cd08369b1cb7d1b153dc1a79	Resources/GameResources/garage/colormap/electra
C	GameResources-garage-skin-weapon-ricochet-default	Resources/GameResources/garage/skin/weapon/ricochet/default	463704	5bb98cec2e22743a3ac05afb13338f4e	Resources/GameResources/garage/colormap/electra
C	GameResources-garage-skin-weapon-ricochet-gt	Resources/GameResources/garage/skin/weapon/ricochet/gt	753372	dd29cd2b441a38de4651203522a5224c	Resources/GameResources/garage/colormap/electra
C	GameResources-garage-skin-weapon-ricochet-hd	Resources/GameResources/garage/skin/weapon/ricochet/hd	771628	fcba9fb288aaf817021035b57108157c	Resources/GameResources/garage/colormap/electra
C	GameResources-garage-skin-weapon-ricochet-lc	Resources/GameResources/garage/skin/weapon/ricochet/lc	159324	ab6b182144c8bd0999031d9e77bd0d9b	Resources/GameResources/garage/colormap/electra
C	GameResources-garage-skin-weapon-ricochet-old	Resources/GameResources/garage/skin/weapon/ricochet/old	614560	18ba713c7bdbb7dd09683600e367d868	Resources/GameResources/garage/colormap/electra
C	GameResources-garage-skin-weapon-ricochet-oldv2	Resources/GameResources/garage/skin/weapon/ricochet/oldv2	586116	265ba24248fe656e858a8c642a36e27d	Resources/GameResources/garage/colormap/electra
C	GameResources-garage-skin-weapon-ricochet-rt	Resources/GameResources/garage/skin/weapon/ricochet/rt	731916	3d10d45b520a085c054fa1828ed92598	Resources/GameResources/garage/colormap/electra
C	GameResources-garage-skin-weapon-ricochet-tx	Resources/GameResources/garage/skin/weapon/ricochet/tx	1209548	7dd8ae3fad61b06f61de834fed5ff26e	Resources/GameResources/garage/colormap/electra
C	GameResources-garage-skin-weapon-ricochet-xt	Resources/GameResources/garage/skin/weapon/ricochet/xt	135380	829ec7dc3c48e845fb1446eb785dcd61	Resources/GameResources/garage/colormap/electra
C	GameResources-garage-skin-weapon-ricochet-xt_fake	Resources/GameResources/garage/skin/weapon/ricochet/xt_fake	152372	ceeb9598b46f084cf189be7e6d62999c	Resources/GameResources/garage/colormap/electra
C	GameResources-garage-skin-weapon-scorpion-default	Resources/GameResources/garage/skin/weapon/scorpion/default	933324	9fab25ecc9594e06f370b7b5cd75213c	Resources/GameResources/garage/colormap/electra
C	GameResources-garage-skin-weapon-scorpion-dk	Resources/GameResources/garage/skin/weapon/scorpion/dk	928340	307b9ebe83a4194e44739566f6f404c7	Resources/GameResources/garage/colormap/electra
C	GameResources-garage-skin-weapon-scorpion-gt	Resources/GameResources/garage/skin/weapon/scorpion/gt	843348	db5d7597642f9eb6a1237545816be661	Resources/GameResources/garage/colormap/electra
C	GameResources-garage-skin-weapon-scorpion-hd	Resources/GameResources/garage/skin/weapon/scorpion/hd	739020	7896dfa9ed584a4cf3e155ee43d7f25d	Resources/GameResources/garage/colormap/electra
C	GameResources-garage-skin-weapon-scorpion-rt	Resources/GameResources/garage/skin/weapon/scorpion/rt	917060	7c975a7c906a0e3f6a8e7861d2745d57	Resources/GameResources/garage/colormap/electra
C	GameResources-garage-skin-weapon-scorpion-xt	Resources/GameResources/garage/skin/weapon/scorpion/xt	1083604	df60fe20f4ac100e10f80168225dfadc	Resources/GameResources/garage/colormap/electra
C	GameResources-garage-skin-weapon-shaft-dc	Resources/GameResources/garage/skin/weapon/shaft/dc	822624	f6a262af1348e500411b0aed68265c9f	Resources/GameResources/garage/colormap/electra
C	GameResources-garage-skin-weapon-shaft-default	Resources/GameResources/garage/skin/weapon/shaft/default	848624	3dc75e2ca0e2a1644a98fb73f94b95fe	Resources/GameResources/garage/colormap/electra
C	GameResources-garage-skin-weapon-shaft-gt	Resources/GameResources/garage/skin/weapon/shaft/gt	626832	39b834b92eb5b2a37bd8ad11c64e4ac7	Resources/GameResources/garage/colormap/electra
C	GameResources-garage-skin-weapon-shaft-hd	Resources/GameResources/garage/skin/weapon/shaft/hd	608256	cf4204d142278d71aa69d76865d92adb	Resources/GameResources/garage/colormap/electra
C	GameResources-garage-skin-weapon-shaft-lc	Resources/GameResources/garage/skin/weapon/shaft/lc	179228	9eb629679e040b0a4718e5551a8c28a9	Resources/GameResources/garage/colormap/electra
C	GameResources-garage-skin-weapon-shaft-old	Resources/GameResources/garage/skin/weapon/shaft/old	1771032	ac2682d7e2bf308ba8e6f5d463a98909	Resources/GameResources/garage/colormap/electra
C	GameResources-garage-skin-weapon-shaft-oldv2	Resources/GameResources/garage/skin/weapon/shaft/oldv2	639884	25c5ef259ff85a146716448316b7ac7f	Resources/GameResources/garage/colormap/electra
C	GameResources-garage-skin-weapon-shaft-tx	Resources/GameResources/garage/skin/weapon/shaft/tx	891772	13532466e8c666adfb43c38215db7f2a	Resources/GameResources/garage/colormap/electra
C	GameResources-garage-skin-weapon-shaft-veryold	Resources/GameResources/garage/skin/weapon/shaft/veryold	623328	2782f8c83517a16dd6fb6f5f6b778c0a	Resources/GameResources/garage/colormap/electra
C	GameResources-garage-skin-weapon-shaft-xt	Resources/GameResources/garage/skin/weapon/shaft/xt	224288	f355d6d13c0e7ecdc73f664c9baaef54	Resources/GameResources/garage/colormap/electra
C	GameResources-garage-skin-weapon-shaft-xt_fake	Resources/GameResources/garage/skin/weapon/shaft/xt_fake	252560	b0ec2094fb389e5381ebe5b9b5078f04	Resources/GameResources/garage/colormap/electra
C	GameResources-garage-skin-weapon-smoky-20	Resources/GameResources/garage/skin/weapon/smoky/20	2036552	c61da38e4e1047e1d55be71224295c17	Resources/GameResources/garage/colormap/electra
C	GameResources-garage-skin-weapon-smoky-2_0	Resources/GameResources/garage/skin/weapon/smoky/2_0	1895340	8ef331a7d03d2604ec65a80773740826	Resources/GameResources/garage/colormap/electra
C	GameResources-garage-skin-weapon-smoky-default	Resources/GameResources/garage/skin/weapon/smoky/default	276728	9c32465667cd1485fc10751beae29e76	Resources/GameResources/garage/colormap/electra
C	GameResources-garage-skin-weapon-smoky-gt	Resources/GameResources/garage/skin/weapon/smoky/gt	447724	b202e50e421aaa13e7a23e308de795ea	Resources/GameResources/garage/colormap/electra
C	GameResources-garage-skin-weapon-smoky-hd	Resources/GameResources/garage/skin/weapon/smoky/hd	587712	bd7bbf75a0126f0649aa1b95f049729c	Resources/GameResources/garage/colormap/electra
C	GameResources-garage-skin-weapon-smoky-lc	Resources/GameResources/garage/skin/weapon/smoky/lc	48492	28e73f1412256f379d0ac77b57483c4d	Resources/GameResources/garage/colormap/electra
C	GameResources-garage-skin-weapon-smoky-old	Resources/GameResources/garage/skin/weapon/smoky/old	207888	dd8482c584f9294960090e21da3e3929	Resources/GameResources/garage/colormap/electra
C	GameResources-garage-skin-weapon-smoky-oldv2	Resources/GameResources/garage/skin/weapon/smoky/oldv2	189356	9655f743dcd0c083c3cb7c8c48225a14	Resources/GameResources/garage/colormap/electra
C	GameResources-garage-skin-weapon-smoky-oldxt	Resources/GameResources/garage/skin/weapon/smoky/oldxt	236584	5cca7a29457e21bdf71510125750a7bd	Resources/GameResources/garage/colormap/electra
C	GameResources-garage-skin-weapon-smoky-pumpkin_old	Resources/GameResources/garage/skin/weapon/smoky/pumpkin_old	133604	c8739decde3d32ace69dfb74309f06bd	Resources/GameResources/garage/colormap/electra
C	GameResources-garage-skin-weapon-smoky-release_1_100_1	Resources/GameResources/garage/skin/weapon/smoky/release_1_100_1	48072	36e51304e788d8bde4fa3da808c0f369	Resources/GameResources/garage/colormap/electra
C	GameResources-garage-skin-weapon-smoky-release_1_100_2	Resources/GameResources/garage/skin/weapon/smoky/release_1_100_2	102232	f797b8225c5f603561d80438b9c58107	Resources/GameResources/garage/colormap/electra
C	GameResources-garage-skin-weapon-smoky-snowman_old	Resources/GameResources/garage/skin/weapon/smoky/snowman_old	190820	81ecf5db0b0df054cfde2d35d20a7f95	Resources/GameResources/garage/colormap/electra
C	GameResources-garage-skin-weapon-smoky-tx_victory_day	Resources/GameResources/garage/skin/weapon/smoky/tx_victory_day	1146120	c5288f07674758c574be98bc4dac1d4e	Resources/GameResources/garage/colormap/electra
C	GameResources-garage-skin-weapon-smoky-tx_xt	Resources/GameResources/garage/skin/weapon/smoky/tx_xt	1127820	7ac658f368e6dda9173cebc33391bf08	Resources/GameResources/garage/colormap/electra
C	GameResources-garage-skin-weapon-smoky-vt	Resources/GameResources/garage/skin/weapon/smoky/vt	601788	c9741ad9f465f589b9265efe6ed99825	Resources/GameResources/garage/colormap/electra
C	GameResources-garage-skin-weapon-smoky-xt	Resources/GameResources/garage/skin/weapon/smoky/xt	90096	ba24c3ece10082d086b1dbb76b08e5e1	Resources/GameResources/garage/colormap/electra
C	GameResources-garage-skin-weapon-smoky-xt_fake	Resources/GameResources/garage/skin/weapon/smoky/xt_fake	114048	c46a8c6c26bdf30a989355d6886f3323	Resources/GameResources/garage/colormap/electra
C	GameResources-garage-skin-weapon-smoky-xt_old	Resources/GameResources/garage/skin/weapon/smoky/xt_old	64752	e5fc00e877b47a2d5290c292de673910	Resources/GameResources/garage/colormap/electra
C	GameResources-garage-skin-weapon-striker-default	Resources/GameResources/garage/skin/weapon/striker/default	760148	0c63e965b8bc1f4b367cfe7e07a19445	Resources/GameResources/garage/colormap/electra
C	GameResources-garage-skin-weapon-striker-demo	Resources/GameResources/garage/skin/weapon/striker/demo	82576	39bb0544f9f0429504a2296c07866fef	Resources/GameResources/garage/colormap/electra
C	GameResources-garage-skin-weapon-striker-dk	Resources/GameResources/garage/skin/weapon/striker/dk	947356	959408a1561b356ca38bf28f23f99906	Resources/GameResources/garage/colormap/electra
C	GameResources-garage-skin-weapon-striker-gt	Resources/GameResources/garage/skin/weapon/striker/gt	768284	3b9039b871224f3257ecb323d7ee68c6	Resources/GameResources/garage/colormap/electra
C	GameResources-garage-skin-weapon-striker-hd	Resources/GameResources/garage/skin/weapon/striker/hd	693820	d494e158083bae1e9e33960b81309bca	Resources/GameResources/garage/colormap/electra
C	GameResources-garage-skin-weapon-striker-ut	Resources/GameResources/garage/skin/weapon/striker/ut	869836	4d92337fcca09e0876a964adc874d889	Resources/GameResources/garage/colormap/electra
C	GameResources-garage-skin-weapon-striker-xt	Resources/GameResources/garage/skin/weapon/striker/xt	251852	af9ca7f0ba673a3827eea9f5520bade0	Resources/GameResources/garage/colormap/electra
C	GameResources-garage-skin-weapon-striker-xt_hd	Resources/GameResources/garage/skin/weapon/striker/xt_hd	985676	69da1e685263cc9fb462cf42b9f88739	Resources/GameResources/garage/colormap/electra
C	GameResources-garage-skin-weapon-terminator	Resources/GameResources/garage/skin/weapon/terminator	651940	324a67dd46c82b8cd592f42505189eb8	Resources/GameResources/garage/colormap/electra
C	GameResources-garage-skin-weapon-tesla-default	Resources/GameResources/garage/skin/weapon/tesla/default	762716	715d14734428d508a03fb49a39fa686d	Resources/GameResources/garage/colormap/electra
C	GameResources-garage-skin-weapon-tesla-dk	Resources/GameResources/garage/skin/weapon/tesla/dk	780432	b05c7e2163b3238aee73cfdb7bc097ea	Resources/GameResources/garage/colormap/electra
C	GameResources-garage-skin-weapon-tesla-gt	Resources/GameResources/garage/skin/weapon/tesla/gt	743584	4dfd4bcfc2c7c07f06e2d3bf24de7297	Resources/GameResources/garage/colormap/electra
C	GameResources-garage-skin-weapon-tesla-hd	Resources/GameResources/garage/skin/weapon/tesla/hd	645324	bfa362c6cecc340602afe54715b262a5	Resources/GameResources/garage/colormap/electra
C	GameResources-garage-skin-weapon-tesla-lc	Resources/GameResources/garage/skin/weapon/tesla/lc	122492	3645d42c3ef74f067a63392c7671d550	Resources/GameResources/garage/colormap/electra
C	GameResources-garage-skin-weapon-tesla-rt	Resources/GameResources/garage/skin/weapon/tesla/rt	664476	7f946f802d715a21359d92b7958f30a0	Resources/GameResources/garage/colormap/electra
C	GameResources-garage-skin-weapon-tesla-xt	Resources/GameResources/garage/skin/weapon/tesla/xt	917504	7b8dddce633d240a43d808e897f2dc4f	Resources/GameResources/garage/colormap/electra
C	GameResources-garage-skin-weapon-thunder-20-0	Resources/GameResources/garage/skin/weapon/thunder/20/0	1980920	d09649feb149d6aa0eaecb11d2179304	
C	GameResources-garage-skin-weapon-thunder-20-1	Resources/GameResources/garage/skin/weapon/thunder/20/1	1288508	5acab305f8fc91f024c5a0a658e13f3f	Resources/GameResources/garage/colormap/electra;Resources/GameResources/garage/skin/weapon/thunder/20/0
C	GameResources-garage-skin-weapon-thunder-20-2	Resources/GameResources/garage/skin/weapon/thunder/20/2	1060780	9507d1c9d63044964f94fb8b39da270a	Resources/GameResources/garage/colormap/electra;Resources/GameResources/garage/skin/weapon/thunder/20/0
C	GameResources-garage-skin-weapon-thunder-20-3	Resources/GameResources/garage/skin/weapon/thunder/20/3	907612	1ad4133d63552f4c942d36df4a580761	Resources/GameResources/garage/colormap/electra;Resources/GameResources/garage/skin/weapon/thunder/20/0
C	GameResources-garage-skin-weapon-thunder-20-base	Resources/GameResources/garage/skin/weapon/thunder/20/base	33076	109c22ceeba37e8cb73267495f1dddbb	Resources/GameResources/garage/colormap/electra;Resources/GameResources/garage/skin/weapon/thunder/20/0
C	GameResources-garage-skin-weapon-thunder-2_0	Resources/GameResources/garage/skin/weapon/thunder/2_0	973164	58d3e6982ae8a53699e599e72f1e74f4	Resources/GameResources/garage/colormap/electra
C	GameResources-garage-skin-weapon-thunder-default	Resources/GameResources/garage/skin/weapon/thunder/default	289860	d71025501ddcec8a8b9f2aa52b643a74	Resources/GameResources/garage/colormap/electra
C	GameResources-garage-skin-weapon-thunder-dk	Resources/GameResources/garage/skin/weapon/thunder/dk	484916	bf6774b1c5ffe685c79f20cac23f80fa	Resources/GameResources/garage/colormap/electra
C	GameResources-garage-skin-weapon-thunder-gt	Resources/GameResources/garage/skin/weapon/thunder/gt	554100	963b10732ae48e140bddebaa2bdbc4b8	Resources/GameResources/garage/colormap/electra
C	GameResources-garage-skin-weapon-thunder-hd	Resources/GameResources/garage/skin/weapon/thunder/hd	546772	8cfc1daef24300f516d78b76973dbd66	Resources/GameResources/garage/colormap/electra
C	GameResources-garage-skin-weapon-thunder-lc	Resources/GameResources/garage/skin/weapon/thunder/lc	80228	473467e9c2d83b27bd906400230f8c1b	Resources/GameResources/garage/colormap/electra
C	GameResources-garage-skin-weapon-thunder-old	Resources/GameResources/garage/skin/weapon/thunder/old	321948	5e8b126c00d00324aff285d8ae4e377b	Resources/GameResources/garage/colormap/electra
C	GameResources-garage-skin-weapon-thunder-oldv2	Resources/GameResources/garage/skin/weapon/thunder/oldv2	301952	e65d1a0486ee006e7621d7dad544a89a	Resources/GameResources/garage/colormap/electra
C	GameResources-garage-skin-weapon-thunder-pr	Resources/GameResources/garage/skin/weapon/thunder/pr	98516	6fcc44418df09119b8f49e4ebf802168	Resources/GameResources/garage/colormap/electra
C	GameResources-garage-skin-weapon-thunder-pr_fake	Resources/GameResources/garage/skin/weapon/thunder/pr_fake	132080	c64234922b11f412b2380d4e5180e55b	Resources/GameResources/garage/colormap/electra
C	GameResources-garage-skin-weapon-thunder-tx	Resources/GameResources/garage/skin/weapon/thunder/tx	1102692	eb7f3a4eaa1a1393e305e7f7ffa9730f	Resources/GameResources/garage/colormap/electra
C	GameResources-garage-skin-weapon-thunder-tx_dreadnought	Resources/GameResources/garage/skin/weapon/thunder/tx_dreadnought	865328	7ad32bf27537b8bc5a24e1483b0dd289	Resources/GameResources/garage/colormap/electra
C	GameResources-garage-skin-weapon-thunder-tx_victory_day	Resources/GameResources/garage/skin/weapon/thunder/tx_victory_day	1285296	0c33a65db8b90a36c42db2d7f043331d	Resources/GameResources/garage/colormap/electra
C	GameResources-garage-skin-weapon-thunder-tx_xt	Resources/GameResources/garage/skin/weapon/thunder/tx_xt	984240	78768b22a3cb9b50d9d1a4901ed3b0f9	Resources/GameResources/garage/colormap/electra
C	GameResources-garage-skin-weapon-thunder-ut	Resources/GameResources/garage/skin/weapon/thunder/ut	589812	ad64c7e4ef88bc118b98248957377dfe	Resources/GameResources/garage/colormap/electra
C	GameResources-garage-skin-weapon-thunder-xt	Resources/GameResources/garage/skin/weapon/thunder/xt	87484	d13b280735622be03e46d166566a20f1	Resources/GameResources/garage/colormap/electra
C	GameResources-garage-skin-weapon-thunder-xt_hd	Resources/GameResources/garage/skin/weapon/thunder/xt_hd	561216	60bfce7f9da72b2b7b75c29047c9a63b	Resources/GameResources/garage/colormap/electra
C	GameResources-garage-skin-weapon-twins-default	Resources/GameResources/garage/skin/weapon/twins/default	538264	7c6b384da3194a16eed92113a9d3d414	Resources/GameResources/garage/colormap/electra
C	GameResources-garage-skin-weapon-twins-gt	Resources/GameResources/garage/skin/weapon/twins/gt	556332	aec7363993a92a8ff644860c82edca9f	Resources/GameResources/garage/colormap/electra
C	GameResources-garage-skin-weapon-twins-hd	Resources/GameResources/garage/skin/weapon/twins/hd	611292	7e638fd80027182dee3534b9c60cd0fc	Resources/GameResources/garage/colormap/electra
C	GameResources-garage-skin-weapon-twins-lc	Resources/GameResources/garage/skin/weapon/twins/lc	115836	abf0489b371da241f798407f4f0c3388	Resources/GameResources/garage/colormap/electra
C	GameResources-garage-skin-weapon-twins-old	Resources/GameResources/garage/skin/weapon/twins/old	349840	6684b921a45d1d4bb8009c0a8d7a42db	Resources/GameResources/garage/colormap/electra
C	GameResources-garage-skin-weapon-twins-oldv2	Resources/GameResources/garage/skin/weapon/twins/oldv2	323756	6fe854680e41142fc4fe528d4889e761	Resources/GameResources/garage/colormap/electra
C	GameResources-garage-skin-weapon-twins-pr_fake	Resources/GameResources/garage/skin/weapon/twins/pr_fake	102160	6644c7f9685ff503f160ab2589bf0ac6	Resources/GameResources/garage/colormap/electra
C	GameResources-garage-skin-weapon-twins-rt	Resources/GameResources/garage/skin/weapon/twins/rt	337100	f2988fd5179f435466f21de183b1dba6	Resources/GameResources/garage/colormap/electra
C	GameResources-garage-skin-weapon-twins-sp	Resources/GameResources/garage/skin/weapon/twins/sp	684172	ac1962a16f81c000fd30addfc78ffec3	Resources/GameResources/garage/colormap/electra
C	GameResources-garage-skin-weapon-twins-trins_fake	Resources/GameResources/garage/skin/weapon/twins/trins_fake	81204	9dc37b41d7b3c4e09f5cf7b4f2662b94	Resources/GameResources/garage/colormap/electra
C	GameResources-garage-skin-weapon-twins-tx_sp	Resources/GameResources/garage/skin/weapon/twins/tx_sp	1283820	61379061ec058719e5503b0be5a597e2	Resources/GameResources/garage/colormap/electra
C	GameResources-garage-skin-weapon-twins-tx_xt	Resources/GameResources/garage/skin/weapon/twins/tx_xt	1023372	8b1c9f42eb1a133942a738bd02483462	Resources/GameResources/garage/colormap/electra
C	GameResources-garage-skin-weapon-twins-xt	Resources/GameResources/garage/skin/weapon/twins/xt	135952	972833d4baaf388339c98e043a4ad2fa	Resources/GameResources/garage/colormap/electra
C	GameResources-garage-skin-weapon-twins-xt_fake	Resources/GameResources/garage/skin/weapon/twins/xt_fake	134928	b2d359562bab286b97027a5f98c04758	Resources/GameResources/garage/colormap/electra
C	GameResources-garage-skin-weapon-vulcan-dc	Resources/GameResources/garage/skin/weapon/vulcan/dc	982672	1c6a7e210b2111a0e60c5108a3279f9c	Resources/GameResources/garage/colormap/electra
C	GameResources-garage-skin-weapon-vulcan-default	Resources/GameResources/garage/skin/weapon/vulcan/default	634020	3ee5c0e77a77aa58a4f6f812063ab75e	Resources/GameResources/garage/colormap/electra
C	GameResources-garage-skin-weapon-vulcan-gt	Resources/GameResources/garage/skin/weapon/vulcan/gt	508448	f1e9989ea735cc72a14c3f597d57a328	Resources/GameResources/garage/colormap/electra
C	GameResources-garage-skin-weapon-vulcan-hd	Resources/GameResources/garage/skin/weapon/vulcan/hd	499520	d4578b93dcc416b0eecf7c8e1245a838	Resources/GameResources/garage/colormap/electra
C	GameResources-garage-skin-weapon-vulcan-lc	Resources/GameResources/garage/skin/weapon/vulcan/lc	120980	c44ce61d660a4dcd42a0151d4db5a5f3	Resources/GameResources/garage/colormap/electra
C	GameResources-garage-skin-weapon-vulcan-old	Resources/GameResources/garage/skin/weapon/vulcan/old	372876	1a3dce77382fcc5ed1c1857d5167c455	Resources/GameResources/garage/colormap/electra
C	GameResources-garage-skin-weapon-vulcan-oldv2	Resources/GameResources/garage/skin/weapon/vulcan/oldv2	380048	6a1d63b231aa265bed5e67aa4f735b60	Resources/GameResources/garage/colormap/electra
C	GameResources-garage-skin-weapon-vulcan-pr	Resources/GameResources/garage/skin/weapon/vulcan/pr	101432	f5c71cca33263752c318ef424fb5944a	Resources/GameResources/garage/colormap/electra
C	GameResources-garage-skin-weapon-vulcan-tx	Resources/GameResources/garage/skin/weapon/vulcan/tx	909228	4f2464f54c095612767ede2c2ca55f9f	Resources/GameResources/garage/colormap/electra
C	GameResources-garage-skin-weapon-vulcan-ut	Resources/GameResources/garage/skin/weapon/vulcan/ut	535980	7bc4485542e130f01e52fa0983727f85	Resources/GameResources/garage/colormap/electra
C	GameResources-garage-skin-weapon-vulcan-xt	Resources/GameResources/garage/skin/weapon/vulcan/xt	145552	a4b720e6d6c85fd608c51b8b33a571d3	Resources/GameResources/garage/colormap/electra
C	GameResources-garage-supplies	Resources/GameResources/garage/supplies	94732	3127fc2e0b0439664f7420a58747586a	
C	GameResources-garage-turretmodules-flamethrower	Resources/GameResources/garage/turretmodules/flamethrower	1734456	7c3e31faedb7e6b2bfd8209ef81c3210	
C	GameResources-garage-turretmodules-freeze	Resources/GameResources/garage/turretmodules/freeze	1611520	bacf794a7a17411870842cee181cb328	
C	GameResources-garage-turretmodules-gauss	Resources/GameResources/garage/turretmodules/gauss	1662780	1223a36dd124b1868f7a9c832cd6bed7	
C	GameResources-garage-turretmodules-hammer	Resources/GameResources/garage/turretmodules/hammer	2422764	4a04edb35a144329c46970d23748a2c7	
C	GameResources-garage-turretmodules-isis	Resources/GameResources/garage/turretmodules/isis	1605312	9e48eed02be5d1991d5637f7856efb24	
C	GameResources-garage-turretmodules-magnum	Resources/GameResources/garage/turretmodules/magnum	1885232	44a815091cae3f2c002d2674d5e80bef	
C	GameResources-garage-turretmodules-railgun	Resources/GameResources/garage/turretmodules/railgun	2722708	fdfef3fc5565ec0d88c9d8ed5d456a9b	
C	GameResources-garage-turretmodules-ricochet	Resources/GameResources/garage/turretmodules/ricochet	2104008	86d7b13398aefb1942410098badb2eab	
C	GameResources-garage-turretmodules-scorpion	Resources/GameResources/garage/turretmodules/scorpion	2325720	99f2d5bbe7b65c412c79c138293d3602	
C	GameResources-garage-turretmodules-shaft	Resources/GameResources/garage/turretmodules/shaft	1827224	04346c479aff78b299c054813765e86f	
C	GameResources-garage-turretmodules-smoky	Resources/GameResources/garage/turretmodules/smoky	2429780	5b9a225dd7b62e1b0e1a1ae699428c64	
C	GameResources-garage-turretmodules-striker	Resources/GameResources/garage/turretmodules/striker	2406972	4b6f092eb3263f2651b263166d507f8b	
C	GameResources-garage-turretmodules-tesla	Resources/GameResources/garage/turretmodules/tesla	2057368	2ba9658c58cab213dcae9376c7d98653	
C	GameResources-garage-turretmodules-thunder	Resources/GameResources/garage/turretmodules/thunder	2719016	2fb380f1ce55a75cac8273a6147fe5fb	
C	GameResources-garage-turretmodules-twins	Resources/GameResources/garage/turretmodules/twins	2208412	4c3843635b443ff352bb36d47fc54190	
C	GameResources-garage-turretmodules-vulcan	Resources/GameResources/garage/turretmodules/vulcan	1982912	2235fcaf3090eda39735c546095f8ecf	
C	GameResources-garage-ui	Resources/GameResources/garage/ui	791724	273477809c7822daddb470027e00504b	
C	GameResources-garage-weapon-_files	Resources/GameResources/garage/weapon	96780	98b620a28c08fb86b2a4e146fd24b336	
C	GameResources-garage-weapon-bonk	Resources/GameResources/garage/weapon/bonk	231660	d69a1b6543aab6af027d108353d8187f	
C	GameResources-garage-weapon-flamethrower-0	Resources/GameResources/garage/weapon/flamethrower/0	317800	1d65147cbf85a2e9e0506ee59ba5531e	
C	GameResources-garage-weapon-flamethrower-1	Resources/GameResources/garage/weapon/flamethrower/1	244660	05ff8651dca5b822abd5d2a036aca4b6	
C	GameResources-garage-weapon-flamethrower-2	Resources/GameResources/garage/weapon/flamethrower/2	248212	f899860cc10a2e99022f8d6df2d748ff	
C	GameResources-garage-weapon-flamethrower-3	Resources/GameResources/garage/weapon/flamethrower/3	258004	5211837c2329898abd5f5e12e1f6a827	
C	GameResources-garage-weapon-flamethrower-_files	Resources/GameResources/garage/weapon/flamethrower	415064	c6f54d227aac2100df0053cc3458c412	
C	GameResources-garage-weapon-flamethrower-audio	Resources/GameResources/garage/weapon/flamethrower/audio	240952	f98932ef846efcd6d8edc75e06963d8b	
C	GameResources-garage-weapon-flamethrower-base	Resources/GameResources/garage/weapon/flamethrower/base	6096	bc2e69e2c38ec4fd7860c121f6aa93de	Resources/GameResources/garage/weapon/flamethrower/0
C	GameResources-garage-weapon-flamethrower-shoteffect	Resources/GameResources/garage/weapon/flamethrower/shoteffect	37396	575bc54ac4fcbd78ee9192b2e05fcc74	
C	GameResources-garage-weapon-flamethrower-shotskin-black	Resources/GameResources/garage/weapon/flamethrower/shotskin/black	482892	926d8b66ef06e9bc6e6f51d23019d6fb	
C	GameResources-garage-weapon-flamethrower-shotskin-crimson	Resources/GameResources/garage/weapon/flamethrower/shotskin/crimson	1155960	8a7be68113f4e1fd06b2db300703855a	
C	GameResources-garage-weapon-flamethrower-shotskin-m0_legacy	Resources/GameResources/garage/weapon/flamethrower/shotskin/m0_legacy	157892	6527b928dd742bc086043f5b55c613ef	
C	GameResources-garage-weapon-flamethrower-shotskin-m1_legacy	Resources/GameResources/garage/weapon/flamethrower/shotskin/m1_legacy	158212	3950167a8514baab0475d018bc0b287f	
C	GameResources-garage-weapon-flamethrower-shotskin-m2_legacy	Resources/GameResources/garage/weapon/flamethrower/shotskin/m2_legacy	157620	34456e84f198517957087b8a46ea7490	
C	GameResources-garage-weapon-flamethrower-shotskin-m3_legacy	Resources/GameResources/garage/weapon/flamethrower/shotskin/m3_legacy	158260	7e759f16b03f588d4b6bda764319d1e7	
C	GameResources-garage-weapon-flamethrower-shotskin-magma	Resources/GameResources/garage/weapon/flamethrower/shotskin/magma	1175516	24b923ad14e865d168ec8a2b6081ec16	
C	GameResources-garage-weapon-flamethrower-shotskin-new_year_2010	Resources/GameResources/garage/weapon/flamethrower/shotskin/new_year_2010	467424	9e11305c912e23c281e913043ae23ac9	
C	GameResources-garage-weapon-flamethrower-shotskin-pink	Resources/GameResources/garage/weapon/flamethrower/shotskin/pink	1340360	6d7142d2b3bc459ee488bac2f296ee89	
C	GameResources-garage-weapon-flamethrower-shotskin-rainbow_fake	Resources/GameResources/garage/weapon/flamethrower/shotskin/rainbow_fake	1056968	148190a802ddfd330d18c5161f381cbf	
C	GameResources-garage-weapon-flamethrower-shotskin-standard	Resources/GameResources/garage/weapon/flamethrower/shotskin/standard	1263680	c9aa8cf8646d16b563ba8f6ef1233510	
C	GameResources-garage-weapon-freeze-0	Resources/GameResources/garage/weapon/freeze/0	2297800	3e286a36332612608c0eccc7e7e12c33	
C	GameResources-garage-weapon-freeze-1	Resources/GameResources/garage/weapon/freeze/1	2224040	801b454ddc9caf8022442db52cc9053f	
C	GameResources-garage-weapon-freeze-2	Resources/GameResources/garage/weapon/freeze/2	2427720	9fefe3dcf71753dc4186bf1fbde71638	
C	GameResources-garage-weapon-freeze-3	Resources/GameResources/garage/weapon/freeze/3	2185224	4669a1bad0df8521e90f90ee17e0c54f	
C	GameResources-garage-weapon-freeze-_files	Resources/GameResources/garage/weapon/freeze	545752	5f92593ed427e6978b12f960d52f17dc	
C	GameResources-garage-weapon-freeze-base	Resources/GameResources/garage/weapon/freeze/base	7240	66886d57eb7fc918fe8a9c501f443728	Resources/GameResources/garage/weapon/freeze/0
C	GameResources-garage-weapon-freeze-shoteffect	Resources/GameResources/garage/weapon/freeze/shoteffect	27804	3de9e9dfcd8d32b31e4f58a9fed99ca1	
C	GameResources-garage-weapon-freeze-shotskin-cold	Resources/GameResources/garage/weapon/freeze/shotskin/cold	1008324	87e5e2859eb9440692add4627ce47cf0	
C	GameResources-garage-weapon-freeze-shotskin-darkmoon	Resources/GameResources/garage/weapon/freeze/shotskin/darkmoon	633340	84c6f158d1d28d5d8309a82f71e06e0d	
C	GameResources-garage-weapon-freeze-shotskin-m0_legacy	Resources/GameResources/garage/weapon/freeze/shotskin/m0_legacy	278596	6f340d9854bbddc488e3051724b0b535	
C	GameResources-garage-weapon-freeze-shotskin-m3_legacy	Resources/GameResources/garage/weapon/freeze/shotskin/m3_legacy	259188	97540e9e3ab3ab5d7896c83f2ae2d8d7	
C	GameResources-garage-weapon-freeze-shotskin-snow	Resources/GameResources/garage/weapon/freeze/shotskin/snow	290196	8dca4e6a55fcd047e956744737c1b1f9	
C	GameResources-garage-weapon-freeze-shotskin-standard	Resources/GameResources/garage/weapon/freeze/shotskin/standard	939420	6da1453545d2079b0ce150bf48fe71a5	
C	GameResources-garage-weapon-freeze-shotskin-toxic	Resources/GameResources/garage/weapon/freeze/shotskin/toxic	993528	6bb7266eed9b74404256f594eacb9a95	
C	GameResources-garage-weapon-gauss-_files	Resources/GameResources/garage/weapon/gauss	422968	fb6030e03c01ac588195f37a772d696e	
C	GameResources-garage-weapon-gauss-base	Resources/GameResources/garage/weapon/gauss/base	1096	a6eb1cd91b8b075f5fd6f0178b67f220	
C	GameResources-garage-weapon-gauss-shoteffect	Resources/GameResources/garage/weapon/gauss/shoteffect	6404	e05e4c50e55974e55faba4b5954bbfeb	
C	GameResources-garage-weapon-gauss-shotskin-green_fake	Resources/GameResources/garage/weapon/gauss/shotskin/green_fake	2339576	022ff25bfe6381c0e7fee8150cc1e65e	
C	GameResources-garage-weapon-gauss-shotskin-standard	Resources/GameResources/garage/weapon/gauss/shotskin/standard	2129244	339281279d6af5323f8c1a2518165428	
C	GameResources-garage-weapon-gauss-shotskin-violent	Resources/GameResources/garage/weapon/gauss/shotskin/violent	2313052	e776ad5f705578cb02223d763c7043bc	
C	GameResources-garage-weapon-hammer	Resources/GameResources/garage/weapon/hammer	1525336	4d1390aac42f254778361707795517cb	
C	GameResources-garage-weapon-isis-0-_files	Resources/GameResources/garage/weapon/isis/0	3588624	c7a6280b8f27a1de2b6d590fb54513ac	Resources/GameResources/garage/weapon/isis/0/damage_end;Resources/GameResources/garage/weapon/isis/0/damage_shaft;Resources/GameResources/garage/weapon/isis/0/damage_start;Resources/GameResources/garage/weapon/isis/0/heal_end;Resources/GameResources/garage/weapon/isis/0/heal_shaft;Resources/GameResources/garage/weapon/isis/0/heal_start;Resources/GameResources/garage/weapon/isis/0/idle_spark
C	GameResources-garage-weapon-isis-0-_files-p2	Resources/GameResources/garage/weapon/isis/0	3584724	fb4d8b8ab6e18425fed8b20e9fe98cbe	
C	GameResources-garage-weapon-isis-0-_files-p3	Resources/GameResources/garage/weapon/isis/0	947556	419e877ad2fd4f42e275c5c5a54867a7	
C	GameResources-garage-weapon-isis-0-damage_end	Resources/GameResources/garage/weapon/isis/0/damage_end	6808	1cb11159622e48900cf804f9fbb7ed5c	Resources/GameResources/garage/weapon/isis/0
C	GameResources-garage-weapon-isis-0-damage_shaft	Resources/GameResources/garage/weapon/isis/0/damage_shaft	2036	3b1cd21ede4e63e697f31ff125f6e89d	Resources/GameResources/garage/weapon/isis/0
C	GameResources-garage-weapon-isis-0-damage_start	Resources/GameResources/garage/weapon/isis/0/damage_start	3956	d899aa766c3015173176553dfa7b769a	Resources/GameResources/garage/weapon/isis/0
C	GameResources-garage-weapon-isis-0-heal_end	Resources/GameResources/garage/weapon/isis/0/heal_end	4120	84c18825eb62e5c9e24fafb502174265	Resources/GameResources/garage/weapon/isis/0
C	GameResources-garage-weapon-isis-0-heal_shaft	Resources/GameResources/garage/weapon/isis/0/heal_shaft	2000	03342cd26974dcc02bbbbc5d91453aa1	Resources/GameResources/garage/weapon/isis/0
C	GameResources-garage-weapon-isis-0-heal_start	Resources/GameResources/garage/weapon/isis/0/heal_start	3900	5b871dac7871cb5be0e2224d3d06ceb3	Resources/GameResources/garage/weapon/isis/0
C	GameResources-garage-weapon-isis-0-idle_spark	Resources/GameResources/garage/weapon/isis/0/idle_spark	3900	bdc6611df0c7c860a7d3053bd426b4eb	Resources/GameResources/garage/weapon/isis/0
C	GameResources-garage-weapon-isis-1-_files	Resources/GameResources/garage/weapon/isis/1	3692912	af253f0d91375e6726338fe733d08f4b	Resources/GameResources/garage/weapon/isis/1/damage_end;Resources/GameResources/garage/weapon/isis/1/damage_shaft;Resources/GameResources/garage/weapon/isis/1/damage_start;Resources/GameResources/garage/weapon/isis/1/heal_end;Resources/GameResources/garage/weapon/isis/1/heal_shaft;Resources/GameResources/garage/weapon/isis/1/heal_start;Resources/GameResources/garage/weapon/isis/1/idle_spark
C	GameResources-garage-weapon-isis-1-_files-p2	Resources/GameResources/garage/weapon/isis/1	2842904	e4a72d193bf6e27b441a632950b984c0	
C	GameResources-garage-weapon-isis-1-damage_end	Resources/GameResources/garage/weapon/isis/1/damage_end	6808	05386683e4d6f69a4674f84b4d5f8bb4	Resources/GameResources/garage/weapon/isis/1
C	GameResources-garage-weapon-isis-1-damage_shaft	Resources/GameResources/garage/weapon/isis/1/damage_shaft	2036	67dab96b67ff5abe5527b6776c7915c3	Resources/GameResources/garage/weapon/isis/1
C	GameResources-garage-weapon-isis-1-damage_start	Resources/GameResources/garage/weapon/isis/1/damage_start	3956	4c744bd65d879f7d96e9fd97d3f5b2e3	Resources/GameResources/garage/weapon/isis/1
C	GameResources-garage-weapon-isis-1-heal_end	Resources/GameResources/garage/weapon/isis/1/heal_end	4120	8ba9684ad6a78d2415de728d28ad15e2	Resources/GameResources/garage/weapon/isis/1
C	GameResources-garage-weapon-isis-1-heal_shaft	Resources/GameResources/garage/weapon/isis/1/heal_shaft	2000	f2c63c0cb428667bfd947736188c2468	Resources/GameResources/garage/weapon/isis/1
C	GameResources-garage-weapon-isis-1-heal_start	Resources/GameResources/garage/weapon/isis/1/heal_start	3900	0a5f0c4e33f47686a0688bce125818fa	Resources/GameResources/garage/weapon/isis/1
C	GameResources-garage-weapon-isis-1-idle_spark	Resources/GameResources/garage/weapon/isis/1/idle_spark	3900	6c37e0fd29ea2fb9a5e67d187d4330fb	Resources/GameResources/garage/weapon/isis/1
C	GameResources-garage-weapon-isis-2	Resources/GameResources/garage/weapon/isis/2	2097036	30b37dd34eb115ae05ff99fbb68f7a34	Resources/GameResources/garage/weapon/isis/0
C	GameResources-garage-weapon-isis-3	Resources/GameResources/garage/weapon/isis/3	2099228	a70ed2f2390c327542127eaee90b91fc	Resources/GameResources/garage/weapon/isis/0
C	GameResources-garage-weapon-isis-audio	Resources/GameResources/garage/weapon/isis/audio	277596	7db18127c2c5b794a2497619aaac724a	
C	GameResources-garage-weapon-isis-base	Resources/GameResources/garage/weapon/isis/base	5240	9633806ead9c0129da2cb4013d856a60	Resources/GameResources/garage/weapon/isis/1
C	GameResources-garage-weapon-isis-shoteffect	Resources/GameResources/garage/weapon/isis/shoteffect	2456	10e4a41f65c1b90648134647b3a30f9a	
C	GameResources-garage-weapon-isis-shotskin	Resources/GameResources/garage/weapon/isis/shotskin	2618396	9721c9b5710e56bea1aab4bd5f94cdaf	
C	GameResources-garage-weapon-magnum-_files	Resources/GameResources/garage/weapon/magnum	451692	d4e8c12e1ad598e3f7e2d839310f624c	
C	GameResources-garage-weapon-magnum-base	Resources/GameResources/garage/weapon/magnum/base	3192	df0b3399c7dbaf3fab8ecffd64942dbb	
C	GameResources-garage-weapon-magnum-shotskin-blue	Resources/GameResources/garage/weapon/magnum/shotskin/blue	1300996	ddcf884c212db6aa3d7e3fc2d5d90cd7	
C	GameResources-garage-weapon-magnum-shotskin-crimson	Resources/GameResources/garage/weapon/magnum/shotskin/crimson	1301816	4aab59cc7595ea239a062c73b84b3a16	
C	GameResources-garage-weapon-magnum-shotskin-eclipse	Resources/GameResources/garage/weapon/magnum/shotskin/eclipse	671336	ca7e92e081a8b7b2f9365de52accb57c	
C	GameResources-garage-weapon-magnum-shotskin-standard	Resources/GameResources/garage/weapon/magnum/shotskin/standard	1317532	09eb79cdeb1d073cc443835a62b213b2	
C	GameResources-garage-weapon-magnum-shotskin-toxic	Resources/GameResources/garage/weapon/magnum/shotskin/toxic	1299084	5ad859fa4a6de909495a85f32099690d	
C	GameResources-garage-weapon-magnum-shotskin-violet	Resources/GameResources/garage/weapon/magnum/shotskin/violet	1287756	9bcd6923a7da31ebe4497586700ec277	
C	GameResources-garage-weapon-railgun	Resources/GameResources/garage/weapon/railgun	2055716	1bb1ac2c3fabda5b5846068c6c08975b	
C	GameResources-garage-weapon-ricochet-0	Resources/GameResources/garage/weapon/ricochet/0	1548484	4a6d7f0150936d3868b80c75b1a3089d	
C	GameResources-garage-weapon-ricochet-1	Resources/GameResources/garage/weapon/ricochet/1	1576116	b6da60f30f5990cc802c3a35ee71a7f1	
C	GameResources-garage-weapon-ricochet-2	Resources/GameResources/garage/weapon/ricochet/2	1557668	ad2ed0c9e695aca7d9f8f1af64e61991	
C	GameResources-garage-weapon-ricochet-3	Resources/GameResources/garage/weapon/ricochet/3	1553604	bab9151bcbdcb5415a0b5de59ae26ef7	
C	GameResources-garage-weapon-ricochet-_files	Resources/GameResources/garage/weapon/ricochet	105472	0e66ee23faed2b9df36bce51f7008481	
C	GameResources-garage-weapon-ricochet-base	Resources/GameResources/garage/weapon/ricochet/base	3916	61d3a9dae1309050e9d490211ade72fd	Resources/GameResources/garage/weapon/ricochet/0
C	GameResources-garage-weapon-ricochet-shoteffect	Resources/GameResources/garage/weapon/ricochet/shoteffect	43368	c6b6677a467ccb22e14fc8c229ea0153	
C	GameResources-garage-weapon-ricochet-shotskin-aqua	Resources/GameResources/garage/weapon/ricochet/shotskin/aqua	1056156	793a75e6235a62e8083331a8e9953415	
C	GameResources-garage-weapon-ricochet-shotskin-blaster	Resources/GameResources/garage/weapon/ricochet/shotskin/blaster	92896	434a656e5bb757c0511aa9a74342ec9d	
C	GameResources-garage-weapon-ricochet-shotskin-crimson	Resources/GameResources/garage/weapon/ricochet/shotskin/crimson	1054448	b1358c34047c45980fc43bb49feeb1f3	
C	GameResources-garage-weapon-ricochet-shotskin-electric	Resources/GameResources/garage/weapon/ricochet/shotskin/electric	1198484	5415c03b77c34e9e8cbdab8b0887021b	
C	GameResources-garage-weapon-ricochet-shotskin-gold	Resources/GameResources/garage/weapon/ricochet/shotskin/gold	968652	6b63f42ffa2b208f511bc1548ad1a9da	
C	GameResources-garage-weapon-ricochet-shotskin-magma	Resources/GameResources/garage/weapon/ricochet/shotskin/magma	1017472	67643a3105a0587ed73175362d465f5f	
C	GameResources-garage-weapon-ricochet-shotskin-smoke	Resources/GameResources/garage/weapon/ricochet/shotskin/smoke	623520	8327f702b249da09961c40a8c503b6f5	
C	GameResources-garage-weapon-ricochet-shotskin-standard	Resources/GameResources/garage/weapon/ricochet/shotskin/standard	1115444	29c762f6e0b8d95415c00154a82208b4	
C	GameResources-garage-weapon-ricochet-shotskin-toxic	Resources/GameResources/garage/weapon/ricochet/shotskin/toxic	1154864	2be9b3fad293b6f9fbff881801badb4a	
C	GameResources-garage-weapon-ricochet-shotskin-violet	Resources/GameResources/garage/weapon/ricochet/shotskin/violet	1077960	f468e28fad13160f7b20c326eef4d39e	
C	GameResources-garage-weapon-scorpion	Resources/GameResources/garage/weapon/scorpion	293012	5cad189f43cc60f54b5a8068cc467f86	
C	GameResources-garage-weapon-shaft-0	Resources/GameResources/garage/weapon/shaft/0	370740	c06ea4d6b0da208feb16da6649f84993	
C	GameResources-garage-weapon-shaft-1	Resources/GameResources/garage/weapon/shaft/1	395196	cad0092fb60c6356c3826ea4500e08fb	
C	GameResources-garage-weapon-shaft-2	Resources/GameResources/garage/weapon/shaft/2	378644	b82fb12217834053484a7c5284ef2d77	
C	GameResources-garage-weapon-shaft-3	Resources/GameResources/garage/weapon/shaft/3	378276	35210cd93b034c35d59387766bdc263b	
C	GameResources-garage-weapon-shaft-_files	Resources/GameResources/garage/weapon/shaft	378696	ee24e91d60eb982094450ec5105c81f6	
C	GameResources-garage-weapon-shaft-base	Resources/GameResources/garage/weapon/shaft/base	1096	33054e6fa6473838fe05f8b952ce335b	
C	GameResources-garage-weapon-shaft-shoteffect	Resources/GameResources/garage/weapon/shaft/shoteffect	54752	7b866eef2e36ee1ef8e855944ad29048	
C	GameResources-garage-weapon-shaft-shotskin	Resources/GameResources/garage/weapon/shaft/shotskin	3164300	7b86bebb4e7ecee21efe0739faad2337	
C	GameResources-garage-weapon-smoky-0	Resources/GameResources/garage/weapon/smoky/0	562828	6e02053c36f02b7b4b4c37381e2facd6	Resources/GameResources/garage/weapon/smoky/critical_hit
C	GameResources-garage-weapon-smoky-1	Resources/GameResources/garage/weapon/smoky/1	562828	2431a3983dcb2bd80183887c22970611	Resources/GameResources/garage/weapon/smoky/critical_hit
C	GameResources-garage-weapon-smoky-2	Resources/GameResources/garage/weapon/smoky/2	964732	9c93aac6d3b0972f4213632f498356e2	Resources/GameResources/garage/weapon/smoky/critical_hit
C	GameResources-garage-weapon-smoky-3	Resources/GameResources/garage/weapon/smoky/3	964732	ee9c2378c43cff9d8bfe5778d1b8ac20	Resources/GameResources/garage/weapon/smoky/critical_hit
C	GameResources-garage-weapon-smoky-_files	Resources/GameResources/garage/weapon/smoky	425092	bf80c44b42522867fc8922b8b0daf0cb	
C	GameResources-garage-weapon-smoky-base	Resources/GameResources/garage/weapon/smoky/base	2536	7887451c0392531066af747f6c1258f2	Resources/GameResources/garage/weapon/smoky/1
C	GameResources-garage-weapon-smoky-critical_hit	Resources/GameResources/garage/weapon/smoky/critical_hit	844	3605c704ab5119361fb3ffb477aa7ae7	Resources/GameResources/garage/weapon/smoky
C	GameResources-garage-weapon-smoky-shotskin	Resources/GameResources/garage/weapon/smoky/shotskin	1202564	549943b6fa77ed262a6f7ac08debc50b	
C	GameResources-garage-weapon-striker-_files	Resources/GameResources/garage/weapon/striker	285248	7b13ab5db99ec55d1918ed250cacd8e7	
C	GameResources-garage-weapon-striker-base	Resources/GameResources/garage/weapon/striker/base	3212	2e3399da2e66edf57ff34387fabbb0b9	
C	GameResources-garage-weapon-striker-shoteffect	Resources/GameResources/garage/weapon/striker/shoteffect	25460	2f3f83c922c2fdab7388e692a778ef95	
C	GameResources-garage-weapon-striker-shotskin-blue	Resources/GameResources/garage/weapon/striker/shotskin/blue	1251756	b64df78b7fff139ae8fe8bc055b3a813	
C	GameResources-garage-weapon-striker-shotskin-crimson	Resources/GameResources/garage/weapon/striker/shotskin/crimson	1057228	cc51b6d503265724438a31bf385d9094	
C	GameResources-garage-weapon-striker-shotskin-standard	Resources/GameResources/garage/weapon/striker/shotskin/standard	1342208	890e0b7cbef77844f30851692bc555a9	
C	GameResources-garage-weapon-striker-shotskin-toxic	Resources/GameResources/garage/weapon/striker/shotskin/toxic	1289084	132b540b633bf5d861844470f70e698b	
C	GameResources-garage-weapon-striker-shotskin-violet	Resources/GameResources/garage/weapon/striker/shotskin/violet	1217492	db027bde5d616c64b2918a97f355e64b	
C	GameResources-garage-weapon-terminator	Resources/GameResources/garage/weapon/terminator	69248	e91e73db00d369d5f92c06dd3162437f	
C	GameResources-garage-weapon-tesla	Resources/GameResources/garage/weapon/tesla	647432	54b3acb01da79cef8660559ac75221da	
C	GameResources-garage-weapon-thunder-0	Resources/GameResources/garage/weapon/thunder/0	1683356	2e619ca5bf79d4a9d8173735d7bc7f9b	Resources/GameResources/garage/weapon/smoky/0
C	GameResources-garage-weapon-thunder-1	Resources/GameResources/garage/weapon/thunder/1	1683324	ac2eec3695c4c67f59ebcc5c6ab57848	Resources/GameResources/garage/weapon/smoky/0;Resources/GameResources/garage/weapon/thunder/0
C	GameResources-garage-weapon-thunder-2	Resources/GameResources/garage/weapon/thunder/2	1683644	f3201e122695cfd20deb2d9d5c75d2be	Resources/GameResources/garage/weapon/smoky/0;Resources/GameResources/garage/weapon/thunder/0
C	GameResources-garage-weapon-thunder-3	Resources/GameResources/garage/weapon/thunder/3	1683084	d657d68f8b001916d5f1961e56ed9e8c	Resources/GameResources/garage/weapon/smoky/0;Resources/GameResources/garage/weapon/thunder/0
C	GameResources-garage-weapon-thunder-_files	Resources/GameResources/garage/weapon/thunder	73120	448aa65ee8f563dc1e253b225f152be8	
C	GameResources-garage-weapon-thunder-base	Resources/GameResources/garage/weapon/thunder/base	2524	f32745c9487c8e114d34e90307813272	Resources/GameResources/garage/weapon/thunder/1
C	GameResources-garage-weapon-thunder-shotskin	Resources/GameResources/garage/weapon/thunder/shotskin	958540	661329dd73f6923d9577a30e78732beb	
C	GameResources-garage-weapon-tomato_gun	Resources/GameResources/garage/weapon/tomato_gun	88800	e96c1ce05fd78c86e1d0f6c7370f98bd	
C	GameResources-garage-weapon-tsunami	Resources/GameResources/garage/weapon/tsunami	1933760	e49048967ed374f760dfb6f982a39844	
C	GameResources-garage-weapon-twins-0	Resources/GameResources/garage/weapon/twins/0	1253892	bb1c8a137c1d1ceb37a5acdf9ea59068	
C	GameResources-garage-weapon-twins-1	Resources/GameResources/garage/weapon/twins/1	1230916	d67aa325719ce756c52a51cd0ae3ead8	
C	GameResources-garage-weapon-twins-2	Resources/GameResources/garage/weapon/twins/2	1190900	1455b900dedc5f21432ae31e8749b9b5	
C	GameResources-garage-weapon-twins-3	Resources/GameResources/garage/weapon/twins/3	1241220	1ee24236b29bbc77f378ba54ab73e2c5	
C	GameResources-garage-weapon-twins-_files	Resources/GameResources/garage/weapon/twins	44840	78f3e00bb786d7c1c7e2be9fd353342e	
C	GameResources-garage-weapon-twins-base	Resources/GameResources/garage/weapon/twins/base	4600	4ed64e862c97693efed0c58d35a6fcf2	Resources/GameResources/garage/weapon/twins/2
C	GameResources-garage-weapon-twins-shoteffect	Resources/GameResources/garage/weapon/twins/shoteffect	40180	faec8f0ec9f75338d980178157070c68	
C	GameResources-garage-weapon-twins-shotskin	Resources/GameResources/garage/weapon/twins/shotskin	4192236	2fee560d8150eee108a6202ec5b5215a	
C	GameResources-garage-weapon-vulcan	Resources/GameResources/garage/weapon/vulcan	1722764	a22860147473ab20691a18f8c76bb898	
C	GameResources-garage-weaponkit	Resources/GameResources/garage/weaponkit	3494644	c4be600488d09280399a73a20f5cf383	
C	GameResources-maps-skybox-2.0_arena_night	Resources/GameResources/maps/skybox/2.0_arena_night	2089016	8f9215af8679ea2c5db1fe94bed5d904	
C	GameResources-maps-skybox-2.0_crash_day	Resources/GameResources/maps/skybox/2.0_crash_day	5761184	da8dc14aef6adcd9c90427076f519fa1	
C	GameResources-maps-skybox-2.0_day	Resources/GameResources/maps/skybox/2.0_day	3661776	20593d3e61c9cc535396ae24e7f03e21	
C	GameResources-maps-skybox-2.0_evening	Resources/GameResources/maps/skybox/2.0_evening	3410172	c1887f30ce59e21f345f49db0fe21dbc	
C	GameResources-maps-skybox-2.0_morning	Resources/GameResources/maps/skybox/2.0_morning	3665404	9bef68c6faffcd7d245bc6f4e9b006cd	
C	GameResources-maps-skybox-2.0_night	Resources/GameResources/maps/skybox/2.0_night	2340484	a00b0778d6e228e781d7da2b7ab915ef	
C	GameResources-maps-skybox-cologne_day	Resources/GameResources/maps/skybox/cologne_day	4618316	3dfbb42b40d055bb56a5f250b7dd2293	
C	GameResources-maps-skybox-common	Resources/GameResources/maps/skybox/common	5771112	7e8b96add2a8c9a23217f84ca0a88d5f	
C	GameResources-maps-skybox-crash	Resources/GameResources/maps/skybox/crash	5764088	d58a755d09e9621bf71ae6c1cf605654	
C	GameResources-maps-skybox-cybercity	Resources/GameResources/maps/skybox/cybercity	21908	b9d8d9f56d7353e6376c5f89d9ca7e38	
C	GameResources-maps-skybox-desert_day	Resources/GameResources/maps/skybox/desert_day	4459896	3b0d1323bf9f7f6b574871221235018c	
C	GameResources-maps-skybox-halloween	Resources/GameResources/maps/skybox/halloween	713876	50da0229e57d664ccd5fbc4efa3bf893	
C	GameResources-maps-skybox-hills_day	Resources/GameResources/maps/skybox/hills_day	1868548	b7721d2fdd9aa038098828cdcab82a5a	
C	GameResources-maps-skybox-hills_night	Resources/GameResources/maps/skybox/hills_night	767788	c8dcbd0d841d28d4fc5ccb8410e08567	
C	GameResources-maps-skybox-hills_old	Resources/GameResources/maps/skybox/hills_old	3458436	1fb6766aa4daa48f35e0c2aef12fc8e7	
C	GameResources-maps-skybox-hills_old_gray	Resources/GameResources/maps/skybox/hills_old_gray	3141428	d19f830bf0ce1f01f3654731a92920e6	
C	GameResources-maps-skybox-hills_old_gray_quest	Resources/GameResources/maps/skybox/hills_old_gray_quest	3181872	a648f5f20b59366624497a293a9d52b0	
C	GameResources-maps-skybox-iran_day	Resources/GameResources/maps/skybox/iran_day	877036	ae7760afc2b1ffdc19a1991e86377d91	
C	GameResources-maps-skybox-iran_old	Resources/GameResources/maps/skybox/iran_old	242060	bdb90ac44a30a049908a9cd4168a8377	
C	GameResources-maps-skybox-iran_winter_day	Resources/GameResources/maps/skybox/iran_winter_day	925272	ed5531487a6c02c2b4ac44dc8e304e96	
C	GameResources-maps-skybox-moon_night	Resources/GameResources/maps/skybox/moon_night	908024	356a362ed62cbb706e9f738ff196d04b	
C	GameResources-maps-skybox-mountains_day	Resources/GameResources/maps/skybox/mountains_day	1648064	7c60bad660d16d90031e95e5aa463b27	
C	GameResources-maps-skybox-mountains_night	Resources/GameResources/maps/skybox/mountains_night	731512	b56df11bdbc2c7de7cfa62ce7efe6712	
C	GameResources-maps-skybox-mountains_old	Resources/GameResources/maps/skybox/mountains_old	1433296	04d81ff9cd647b079b7a9ef9a9e7fa4a	
C	GameResources-maps-skybox-mt_island_summer	Resources/GameResources/maps/skybox/mt_island_summer	3505284	dd083352904bad90a1700a2c3119f440	
C	GameResources-maps-skybox-mt_sandal_winter	Resources/GameResources/maps/skybox/mt_sandal_winter	1293844	d14afb5ec4082db0377c9d610c9301a2	
C	GameResources-maps-skybox-mt_skybox1	Resources/GameResources/maps/skybox/mt_skybox1	1530600	ca970dc1cb5aa3d8cadcbe051b57e258	
C	GameResources-maps-skybox-mt_skybox12	Resources/GameResources/maps/skybox/mt_skybox12	903676	66a933316cf6d7662e448b5271cac7c0	
C	GameResources-maps-skybox-mt_skybox13	Resources/GameResources/maps/skybox/mt_skybox13	596380	abed8be34c07594da2ed194dc4c70315	
C	GameResources-maps-skybox-mt_skybox16	Resources/GameResources/maps/skybox/mt_skybox16	1842172	2a3de494e985f08163002bdef2135716	
C	GameResources-maps-skybox-mt_skybox23	Resources/GameResources/maps/skybox/mt_skybox23	2322188	ac3ef1e67a21051d0574e838d7cdbee2	
C	GameResources-maps-skybox-mt_skybox24	Resources/GameResources/maps/skybox/mt_skybox24	1013020	62e10b0a9435fb6a4b133d275bb92f00	
C	GameResources-maps-skybox-mt_skybox25	Resources/GameResources/maps/skybox/mt_skybox25	968764	04a174ae4a66ecfa567eb46894ee4f51	
C	GameResources-maps-skybox-mt_skybox26	Resources/GameResources/maps/skybox/mt_skybox26	587244	d5cd3ef3f8d2343868da9ed7a5802b12	
C	GameResources-maps-skybox-mt_skybox27	Resources/GameResources/maps/skybox/mt_skybox27	489036	a794d1f79a3a1e9b3255ee0e0649c928	
C	GameResources-maps-skybox-mt_skybox28	Resources/GameResources/maps/skybox/mt_skybox28	865164	ced534ac40cff5a7f07c9cb45a790a71	
C	GameResources-maps-skybox-mt_skybox29	Resources/GameResources/maps/skybox/mt_skybox29	2451452	aaf20041ffee9e7dbd6e5c138f0c330b	
C	GameResources-maps-skybox-mt_skybox29_alt	Resources/GameResources/maps/skybox/mt_skybox29_alt	2468088	929b44c156865969152c86a4d8754fc0	
C	GameResources-maps-skybox-mt_skybox30	Resources/GameResources/maps/skybox/mt_skybox30	3855452	71e2a144b409605504e9feecbaa16ca6	
C	GameResources-maps-skybox-mt_skybox30_alt	Resources/GameResources/maps/skybox/mt_skybox30_alt	4144264	83393458b1b29cd32c41bbb0f65618e1	
C	GameResources-maps-skybox-mt_skybox31	Resources/GameResources/maps/skybox/mt_skybox31	3782876	d02663dcdf91ca47a7d93d78df903b29	
C	GameResources-maps-skybox-mt_skybox32	Resources/GameResources/maps/skybox/mt_skybox32	4262940	a5ad7c61ae2f601567874e8cee91657c	
C	GameResources-maps-skybox-mt_skybox33	Resources/GameResources/maps/skybox/mt_skybox33	2740076	a5fa7e90195b58697d803a693cf8dd7c	
C	GameResources-maps-skybox-mt_skybox34	Resources/GameResources/maps/skybox/mt_skybox34	8741116	d76d7608244e0107fc8b644436297ecf	
C	GameResources-maps-skybox-mt_skybox35	Resources/GameResources/maps/skybox/mt_skybox35	4786188	10acab7206e88bd2aa8df73740705cb9	
C	GameResources-maps-skybox-mt_skybox36	Resources/GameResources/maps/skybox/mt_skybox36	1434828	0023a24c65fa45b345ce13fbea8cbb04	
C	GameResources-maps-skybox-mt_skybox37	Resources/GameResources/maps/skybox/mt_skybox37	693500	7fbbc7076a68ae3f87f864587fa2d8ba	
C	GameResources-maps-skybox-mt_skybox39	Resources/GameResources/maps/skybox/mt_skybox39	4790092	1b0ec4dda6a175992f879f5bb4287612	
C	GameResources-maps-skybox-mt_skybox9	Resources/GameResources/maps/skybox/mt_skybox9	2844104	ffd33cfadd4b8951992a78f7fd809be3	
C	GameResources-maps-skybox-new_year	Resources/GameResources/maps/skybox/new_year	3520604	00e6f19b85f3856dfacf9ca0287e9140	
C	GameResources-maps-skybox-pro_battlecity	Resources/GameResources/maps/skybox/pro_battlecity	3385636	370986bc1b18f0ced59027f5919e9fa8	
C	GameResources-maps-skybox-pro_beach	Resources/GameResources/maps/skybox/pro_beach	2036916	f2ff4be17d67d18f0c89b6aed2843bf1	
C	GameResources-maps-skybox-pro_demonic	Resources/GameResources/maps/skybox/pro_demonic	2479708	f11d77a523c70368ecb10e6742aaed3a	
C	GameResources-maps-skybox-pro_desert_night	Resources/GameResources/maps/skybox/pro_desert_night	1620676	34ae4b35c50179a3bd22461a42b24919	
C	GameResources-maps-skybox-pro_dust2	Resources/GameResources/maps/skybox/pro_dust2	440612	781865f21c9da56eb318e899e96d2327	
C	GameResources-maps-skybox-pro_dust2_night	Resources/GameResources/maps/skybox/pro_dust2_night	272136	d1bcedd8c1bd9c521be41b4762f465e4	
C	GameResources-maps-skybox-pro_dust2_winter	Resources/GameResources/maps/skybox/pro_dust2_winter	365444	1cd5776dcec10aa72d3af990d723a115	
C	GameResources-maps-skybox-pro_dust2_winter_night	Resources/GameResources/maps/skybox/pro_dust2_winter_night	249196	aa8e49bbae1e5d85d5ec11947db4942a	
C	GameResources-maps-skybox-pro_fogtown	Resources/GameResources/maps/skybox/pro_fogtown	470572	d8bc2a7cff1b09af6fb6d10a64f5be0f	
C	GameResources-maps-skybox-pro_iran_night	Resources/GameResources/maps/skybox/pro_iran_night	426020	0b1b8ff13a1274b40905a5d98c075138	
C	GameResources-maps-skybox-pro_iran_winter_night	Resources/GameResources/maps/skybox/pro_iran_winter_night	443800	6e95058e38f644c9ff9e5c7a99cfa45f	
C	GameResources-maps-skybox-pro_minecraft	Resources/GameResources/maps/skybox/pro_minecraft	1349648	ec31014c14e55fa58b445aefd430aea6	
C	GameResources-maps-skybox-pro_space_cs	Resources/GameResources/maps/skybox/pro_space_cs	2328760	f97e0618e76eca39c9f733c6d3f69c2c	
C	GameResources-maps-skybox-red_sky	Resources/GameResources/maps/skybox/red_sky	2213792	97ecaf459ed2e669d70d19957d79f953	
C	GameResources-maps-skybox-release_1.100_day	Resources/GameResources/maps/skybox/release_1.100_day	1721580	5fa567c9a7ee510e9c4ce22eaded4a22	
C	GameResources-maps-skybox-remaster_autumn	Resources/GameResources/maps/skybox/remaster_autumn	1921000	76252700761ed58b34b563f3e8cd940b	
C	GameResources-maps-skybox-remaster_day	Resources/GameResources/maps/skybox/remaster_day	1576232	648db61558074571305890a5eae93b5d	
C	GameResources-maps-skybox-remaster_evening	Resources/GameResources/maps/skybox/remaster_evening	1585364	7c17f092404b162a3ca1c21922a6d5f9	
C	GameResources-maps-skybox-rio_day	Resources/GameResources/maps/skybox/rio_day	1792192	d1e7c87178dfa269d3a7171b793db77d	
C	GameResources-maps-skybox-rio_night	Resources/GameResources/maps/skybox/rio_night	829124	09cc830977c5d880ead41e9fab4dfbd5	
C	GameResources-maps-skybox-space	Resources/GameResources/maps/skybox/space	3593320	f3a9d011b28d7c8860db917276ed7d5e	
C	GameResources-maps-skybox-space_day	Resources/GameResources/maps/skybox/space_day	2739892	b2a5ec9ba7edb586316f7f2fdadc24aa	
C	GameResources-maps-skybox-space_halloween_day	Resources/GameResources/maps/skybox/space_halloween_day	3323076	d0d6f1504142c42788c2f088d52d4aa4	
C	GameResources-maps-skybox-tx_moon_night	Resources/GameResources/maps/skybox/tx_moon_night	500080	e283d26a6738457549fdb03b716214b9	
C	GameResources-maps-skybox-urban_day	Resources/GameResources/maps/skybox/urban_day	3970276	43e425f887aed5dbca0d751675abdec5	
C	GameResources-maps-skybox-urban_night	Resources/GameResources/maps/skybox/urban_night	2256748	44b27b84d184d34a077f7c307cb69177	
C	GameResources-maps-skybox-winter_day	Resources/GameResources/maps/skybox/winter_day	1181160	c3a09c44482c314aab30c03917d545b6	
C	GameResources-maps-skybox-winter_old	Resources/GameResources/maps/skybox/winter_old	2298168	6be7a8a4fd13122b51b525926de55617	
C	GameResources-maps-sound-_files	Resources/GameResources/maps/sound	7330952	7a62583d0759a85f3ad2595b816e7470	
C	GameResources-maps-sound-ambient	Resources/GameResources/maps/sound/ambient	20050216	8197034e2be295777fb28338122ae7e5	
C	GameResources-maps-ui-preview-_files	Resources/GameResources/maps/ui/preview	11088	6364da5d5b98410bc028cd72b74f6245	
C	GameResources-maps-ui-preview-res-2013_new_summer.png	Resources/GameResources/maps/ui/preview/res/2013_new_summer.png	392164	cf685a60327b4be2596151aaa9ff9139	
C	GameResources-maps-ui-preview-res-2042_new_summer.jpg	Resources/GameResources/maps/ui/preview/res/2042_new_summer.jpg	473940	5ce9ffb9d4187b8776c48f7edeeef99b	
C	GameResources-maps-ui-preview-res-2042_new_winter.jpg	Resources/GameResources/maps/ui/preview/res/2042_new_winter.jpg	390244	76540214b0e7d07d20d76049427b0987	
C	GameResources-maps-ui-preview-res-2042_old_summer.jpg	Resources/GameResources/maps/ui/preview/res/2042_old_summer.jpg	478420	45512bcdfc95b6f73a73060747f9fb4c	
C	GameResources-maps-ui-preview-res-2042_old_winter.jpg	Resources/GameResources/maps/ui/preview/res/2042_old_winter.jpg	427668	800619d486433edaefddfedee487e597	
C	GameResources-maps-ui-preview-res-242_new_summer.jpg	Resources/GameResources/maps/ui/preview/res/242_new_summer.jpg	457696	29e97b26d358a0c0b475e97c427560ce	
C	GameResources-maps-ui-preview-res-242_new_winter.jpg	Resources/GameResources/maps/ui/preview/res/242_new_winter.jpg	427232	cf8c08d155498ad67f04fe9a04be3ed1	
C	GameResources-maps-ui-preview-res-3thLibrary_new_summer.png	Resources/GameResources/maps/ui/preview/res/3thLibrary_new_summer.png	405836	a24d101db396b17b92c2524f8355b103	
C	GameResources-maps-ui-preview-res-AbyssOld_new_summer.jpg	Resources/GameResources/maps/ui/preview/res/AbyssOld_new_summer.jpg	307932	c9e694e2e80c122cae6fc5cd30e2f1e0	
C	GameResources-maps-ui-preview-res-Abyss_new_summer.jpg	Resources/GameResources/maps/ui/preview/res/Abyss_new_summer.jpg	393620	64004ba62dc77d6718586169aed7759a	
C	GameResources-maps-ui-preview-res-Abyss_old_summer.jpg	Resources/GameResources/maps/ui/preview/res/Abyss_old_summer.jpg	355988	8acb7af1e273eedaa761b508b7299eee	
C	GameResources-maps-ui-preview-res-Abyss_old_winter.jpg	Resources/GameResources/maps/ui/preview/res/Abyss_old_winter.jpg	394292	20225029ccf4cac0034af183cde5653f	
C	GameResources-maps-ui-preview-res-Agroprom_new_summer.png	Resources/GameResources/maps/ui/preview/res/Agroprom_new_summer.png	6972	5072b41e031098de467681fa14c44587	
C	GameResources-maps-ui-preview-res-AleksandrovskMm_new_summer.png	Resources/GameResources/maps/ui/preview/res/AleksandrovskMm_new_summer.png	395144	e9e019beefa332447cac4e6b3be63a25	
C	GameResources-maps-ui-preview-res-AleksandrovskMm_new_winter.png	Resources/GameResources/maps/ui/preview/res/AleksandrovskMm_new_winter.png	394472	dc4d4e7b2d373e5a168382cd67bddfe8	
C	GameResources-maps-ui-preview-res-AleksandrovskMt_new_summer.jpg	Resources/GameResources/maps/ui/preview/res/AleksandrovskMt_new_summer.jpg	524488	c18e784fb1bfd3c9b965eea8744cc8a6	
C	GameResources-maps-ui-preview-res-AleksandrovskTlvk_new_winter.png	Resources/GameResources/maps/ui/preview/res/AleksandrovskTlvk_new_winter.png	384524	fc9f713a2b0c09c3c2b7be79c912122b	
C	GameResources-maps-ui-preview-res-Aleksandrovsk_new_summer.jpg	Resources/GameResources/maps/ui/preview/res/Aleksandrovsk_new_summer.jpg	426084	8a105ecf566fd4f358aa466310505e4f	
C	GameResources-maps-ui-preview-res-Aleksandrovsk_new_winter.jpg	Resources/GameResources/maps/ui/preview/res/Aleksandrovsk_new_winter.jpg	315380	515871c761df121ac6e306c6c4196de3	
C	GameResources-maps-ui-preview-res-AlexandrovskNy_new_summer.png	Resources/GameResources/maps/ui/preview/res/AlexandrovskNy_new_summer.png	376164	ac7c1ff41e97f8a99458ef84c3b0e9fe	
C	GameResources-maps-ui-preview-res-ArchipelagoMmOld_new_summer.jpg	Resources/GameResources/maps/ui/preview/res/ArchipelagoMmOld_new_summer.jpg	499740	200eeac5d863b409183775e273d91885	
C	GameResources-maps-ui-preview-res-ArchipelagoMmOld_new_winter.jpg	Resources/GameResources/maps/ui/preview/res/ArchipelagoMmOld_new_winter.jpg	365276	7d953e32d1a9fff867fb044d4ec8655a	
C	GameResources-maps-ui-preview-res-ArchipelagoMm_new_summer.png	Resources/GameResources/maps/ui/preview/res/ArchipelagoMm_new_summer.png	280500	21e769550ea5db9ca748823c463c9b6f	
C	GameResources-maps-ui-preview-res-ArchipelagoMm_new_winter.png	Resources/GameResources/maps/ui/preview/res/ArchipelagoMm_new_winter.png	276692	e446855a3570b7d4fd10cc528e236826	
C	GameResources-maps-ui-preview-res-Arena20_new_summer.png	Resources/GameResources/maps/ui/preview/res/Arena20_new_summer.png	244856	ceb16a5df7ffbb3306bc68532a849a9f	
C	GameResources-maps-ui-preview-res-ArenaIiOld_new_summer.jpg	Resources/GameResources/maps/ui/preview/res/ArenaIiOld_new_summer.jpg	282268	b3e8d90b8c67ab30127e7f1aafa88fd9	
C	GameResources-maps-ui-preview-res-ArenaMt_new_summer.jpg	Resources/GameResources/maps/ui/preview/res/ArenaMt_new_summer.jpg	400680	20442b4ea15208c594a4a7d4b7171bd8	
C	GameResources-maps-ui-preview-res-ArenaOld_new_summer.jpg	Resources/GameResources/maps/ui/preview/res/ArenaOld_new_summer.jpg	293580	b95e506d38be453278b79d57ca5f226f	
C	GameResources-maps-ui-preview-res-ArenaOld_new_winter.jpg	Resources/GameResources/maps/ui/preview/res/ArenaOld_new_winter.jpg	397180	04204354a8c382cf19a1b453bee12010	
C	GameResources-maps-ui-preview-res-ArenaPro_new_winter.jpg	Resources/GameResources/maps/ui/preview/res/ArenaPro_new_winter.jpg	199484	813628b645c01e73018c70fc5a3f2833	
C	GameResources-maps-ui-preview-res-ArenaTlvk_new_summer.png	Resources/GameResources/maps/ui/preview/res/ArenaTlvk_new_summer.png	305212	fe66c5f4dfbdca0593e4f555f8f4c93a	
C	GameResources-maps-ui-preview-res-Arena_new_summer.jpg	Resources/GameResources/maps/ui/preview/res/Arena_new_summer.jpg	380196	61de7dd6e57c4e17a5ab5127a78e7332	
C	GameResources-maps-ui-preview-res-Arena_new_winter.jpg	Resources/GameResources/maps/ui/preview/res/Arena_new_winter.jpg	462804	a72d7032642ea883dd12598bd3dcedd2	
C	GameResources-maps-ui-preview-res-Arena_old_summer.jpg	Resources/GameResources/maps/ui/preview/res/Arena_old_summer.jpg	337268	07d6932e2aabfa0dcbea1a955afc1b54	
C	GameResources-maps-ui-preview-res-AstrellaOld_new_summer.jpg	Resources/GameResources/maps/ui/preview/res/AstrellaOld_new_summer.jpg	380896	3f02dbd17ac4a89b01fe4bd62918a55b	
C	GameResources-maps-ui-preview-res-Atra2_old_summer.jpg	Resources/GameResources/maps/ui/preview/res/Atra2_old_summer.jpg	279940	1aa38431c4ccbc23362d58942a9045ce	
C	GameResources-maps-ui-preview-res-Atra2_old_winter.jpg	Resources/GameResources/maps/ui/preview/res/Atra2_old_winter.jpg	441796	8861903ae5c5e7f964fda5cc1bd0116a	
C	GameResources-maps-ui-preview-res-AtraIOld_new_summer.jpg	Resources/GameResources/maps/ui/preview/res/AtraIOld_new_summer.jpg	328460	d8cf03ac5cbfc40de4ce7f67593aceab	
C	GameResources-maps-ui-preview-res-AtraIOld_new_winter.jpg	Resources/GameResources/maps/ui/preview/res/AtraIOld_new_winter.jpg	314828	643ca4ff31e345db4ab017fd73b543a4	
C	GameResources-maps-ui-preview-res-AtraIiOld_new_summer.jpg	Resources/GameResources/maps/ui/preview/res/AtraIiOld_new_summer.jpg	202860	1c2ac6db96dd4ea80a84c1dab9029508	
C	GameResources-maps-ui-preview-res-AtraIiOld_new_winter.jpg	Resources/GameResources/maps/ui/preview/res/AtraIiOld_new_winter.jpg	353356	1448977447c7b137f037d0425cf6ebaf	
C	GameResources-maps-ui-preview-res-AtraPro_new_winter.jpg	Resources/GameResources/maps/ui/preview/res/AtraPro_new_winter.jpg	279736	cfe18618f8e8bbf1fdfdc7182391f266	
C	GameResources-maps-ui-preview-res-Atra_new_summer.jpg	Resources/GameResources/maps/ui/preview/res/Atra_new_summer.jpg	411748	d62e5dd193c6aa5a6ca76d93c91d8bea	
C	GameResources-maps-ui-preview-res-Atra_new_winter.jpg	Resources/GameResources/maps/ui/preview/res/Atra_new_winter.jpg	418708	e980026b2fb49267a51b9de69c4fe973	
C	GameResources-maps-ui-preview-res-Atra_old_summer.jpg	Resources/GameResources/maps/ui/preview/res/Atra_old_summer.jpg	354964	0a54e6813a1a37e3b603e1723bde143b	
C	GameResources-maps-ui-preview-res-BabylonOld_new_summer.png	Resources/GameResources/maps/ui/preview/res/BabylonOld_new_summer.png	347324	f681d0b66c7a814271179329493b9a53	
C	GameResources-maps-ui-preview-res-Babylon_new_summer.jpg	Resources/GameResources/maps/ui/preview/res/Babylon_new_summer.jpg	394168	8c26b074b5e8f739896fd0e992e51e1c	
C	GameResources-maps-ui-preview-res-BaggageTest_new_summer.jpg	Resources/GameResources/maps/ui/preview/res/BaggageTest_new_summer.jpg	447136	42afded63fb4a1d22a573c2f6c5467d3	
C	GameResources-maps-ui-preview-res-Barda1100_new_summer.png	Resources/GameResources/maps/ui/preview/res/Barda1100_new_summer.png	408428	db027c63014013d2162164981db28f90	
C	GameResources-maps-ui-preview-res-BardaMm_new_summer.png	Resources/GameResources/maps/ui/preview/res/BardaMm_new_summer.png	405336	c4d52039bbe463cfa49b532c313bd478	
C	GameResources-maps-ui-preview-res-BardaMm_new_winter.png	Resources/GameResources/maps/ui/preview/res/BardaMm_new_winter.png	386744	097871cab3d10eda8c8be615d04312a6	
C	GameResources-maps-ui-preview-res-BardaOld_new_summer.jpg	Resources/GameResources/maps/ui/preview/res/BardaOld_new_summer.jpg	438156	4f9e8939c0ad75102f690a043ba74691	
C	GameResources-maps-ui-preview-res-BardaOld_new_winter.jpg	Resources/GameResources/maps/ui/preview/res/BardaOld_new_winter.jpg	363756	ada17ed2c6be316b5a36352e11f162a2	
C	GameResources-maps-ui-preview-res-BardaTlvk_new_summer.png	Resources/GameResources/maps/ui/preview/res/BardaTlvk_new_summer.png	433148	458a688e47b5717c7d7c5b1a93189007	
C	GameResources-maps-ui-preview-res-BardaTlvk_new_winter.png	Resources/GameResources/maps/ui/preview/res/BardaTlvk_new_winter.png	378508	c597866d89f70be7a5cd93f2b8a3de1d	
C	GameResources-maps-ui-preview-res-Barda_new_summer.jpg	Resources/GameResources/maps/ui/preview/res/Barda_new_summer.jpg	446996	8f6f644aa3d4ec0f5996fd0794146959	
C	GameResources-maps-ui-preview-res-Barda_new_winter.jpg	Resources/GameResources/maps/ui/preview/res/Barda_new_winter.jpg	423684	1d5a4651dcec93141d06f72946ec1cae	
C	GameResources-maps-ui-preview-res-Barda_old_summer.jpg	Resources/GameResources/maps/ui/preview/res/Barda_old_summer.jpg	437076	0e10edabbc03d97579c035f4337c5b28	
C	GameResources-maps-ui-preview-res-Barda_old_winter.jpg	Resources/GameResources/maps/ui/preview/res/Barda_old_winter.jpg	481604	a92124c7c8b6596e9fdb2736e29aaf5b	
C	GameResources-maps-ui-preview-res-BastionMt_new_summer.jpg	Resources/GameResources/maps/ui/preview/res/BastionMt_new_summer.jpg	555356	cd9019cfff054b2efc60e6496e74df2d	
C	GameResources-maps-ui-preview-res-Bastion_new_summer.jpg	Resources/GameResources/maps/ui/preview/res/Bastion_new_summer.jpg	336024	8613a2fb7b7f001004b0114bf8b03fed	
C	GameResources-maps-ui-preview-res-Battlecity_new_summer.jpg	Resources/GameResources/maps/ui/preview/res/Battlecity_new_summer.jpg	418188	9a3ca917362ba6a8b65524ee13c7161e	
C	GameResources-maps-ui-preview-res-Beachfort_new_summer.jpg	Resources/GameResources/maps/ui/preview/res/Beachfort_new_summer.jpg	309308	b5bb28398c899da577ff3359741e2e48	
C	GameResources-maps-ui-preview-res-Berlin1100_new_summer.jpg	Resources/GameResources/maps/ui/preview/res/Berlin1100_new_summer.jpg	367852	7b1cf5389350fe6d7ac0993c16b516d6	
C	GameResources-maps-ui-preview-res-BerlinMm_new_summer.png	Resources/GameResources/maps/ui/preview/res/BerlinMm_new_summer.png	385740	fb6055d01d81f6ba447b0f8d745c7b02	
C	GameResources-maps-ui-preview-res-BerlinMm_new_winter.png	Resources/GameResources/maps/ui/preview/res/BerlinMm_new_winter.png	335836	3378fab516c9312e82a0320f2429043e	
C	GameResources-maps-ui-preview-res-BerlinOld_new_summer.jpg	Resources/GameResources/maps/ui/preview/res/BerlinOld_new_summer.jpg	362476	bdcb95da5f1104f6ab97295a823b51ec	
C	GameResources-maps-ui-preview-res-BerlinOld_new_winter.jpg	Resources/GameResources/maps/ui/preview/res/BerlinOld_new_winter.jpg	355388	c7c44f512bebcbb1f59c93b113de1b61	
C	GameResources-maps-ui-preview-res-BerlinTlvk_new_summer.png	Resources/GameResources/maps/ui/preview/res/BerlinTlvk_new_summer.png	427004	7110376ba4cc6fd96c9e07487d6ea6e0	
C	GameResources-maps-ui-preview-res-BerlinTlvk_new_winter.png	Resources/GameResources/maps/ui/preview/res/BerlinTlvk_new_winter.png	319708	5b94bd3b92a8733ac27ee718cb7ddde5	
C	GameResources-maps-ui-preview-res-Berlin_new_summer.jpg	Resources/GameResources/maps/ui/preview/res/Berlin_new_summer.jpg	461332	aded51adf8e3cd283ae3545b19c5448a	
C	GameResources-maps-ui-preview-res-Berlin_new_winter.jpg	Resources/GameResources/maps/ui/preview/res/Berlin_new_winter.jpg	375364	b309d6c6b36586ca0575c30b415e6a93	
C	GameResources-maps-ui-preview-res-Berlin_old_summer.jpg	Resources/GameResources/maps/ui/preview/res/Berlin_old_summer.jpg	520836	4ef8bce0737a8dbe9cb6260ebe8b3a42	
C	GameResources-maps-ui-preview-res-Berlin_old_winter.jpg	Resources/GameResources/maps/ui/preview/res/Berlin_old_winter.jpg	456276	85284823a672685c85c3222ed9495eed	
C	GameResources-maps-ui-preview-res-Bobruisk1100_new_summer.jpg	Resources/GameResources/maps/ui/preview/res/Bobruisk1100_new_summer.jpg	368404	4c0cd1cf3ac03a3167a243995f9571e5	
C	GameResources-maps-ui-preview-res-BobruiskMm_new_summer.png	Resources/GameResources/maps/ui/preview/res/BobruiskMm_new_summer.png	413916	c9549338e4cc952b6e366b62f6e2282e	
C	GameResources-maps-ui-preview-res-BobruiskMm_new_winter.png	Resources/GameResources/maps/ui/preview/res/BobruiskMm_new_winter.png	410380	71416579ff2f770e71b593d2852e68e6	
C	GameResources-maps-ui-preview-res-BobruiskOld_new_summer.jpg	Resources/GameResources/maps/ui/preview/res/BobruiskOld_new_summer.jpg	373248	c810b7173e5f754242064541b6addfa3	
C	GameResources-maps-ui-preview-res-BobruiskOld_new_winter.jpg	Resources/GameResources/maps/ui/preview/res/BobruiskOld_new_winter.jpg	339280	679edfb7181a5ed74dce85dc9d6c4077	
C	GameResources-maps-ui-preview-res-Bobruisk_new_summer.jpg	Resources/GameResources/maps/ui/preview/res/Bobruisk_new_summer.jpg	548028	0ba54991f10eb0ce54b250fc78114165	
C	GameResources-maps-ui-preview-res-Bobruisk_new_winter.jpg	Resources/GameResources/maps/ui/preview/res/Bobruisk_new_winter.jpg	318860	0038dd49f9b9733124970afd41e1b8af	
C	GameResources-maps-ui-preview-res-Bobruisk_old_summer.jpg	Resources/GameResources/maps/ui/preview/res/Bobruisk_old_summer.jpg	569196	0766e33ae6ac280bc45fba78945d5cfe	
C	GameResources-maps-ui-preview-res-Bobruisk_old_winter.jpg	Resources/GameResources/maps/ui/preview/res/Bobruisk_old_winter.jpg	507228	6961aa93d22cdb81631366095da722d7	
C	GameResources-maps-ui-preview-res-Boombochnica_new_summer.jpg	Resources/GameResources/maps/ui/preview/res/Boombochnica_new_summer.jpg	535796	8632992f821316082d9672536d7d7198	
C	GameResources-maps-ui-preview-res-Boombox1100_new_summer.jpg	Resources/GameResources/maps/ui/preview/res/Boombox1100_new_summer.jpg	354304	34cdde82ea5c0c577517d72608948c5d	
C	GameResources-maps-ui-preview-res-Boombox2_new_summer.jpg	Resources/GameResources/maps/ui/preview/res/Boombox2_new_summer.jpg	275276	3cb9d3c74190c1a2c07876862971413d	
C	GameResources-maps-ui-preview-res-BoomboxNy_new_winter.png	Resources/GameResources/maps/ui/preview/res/BoomboxNy_new_winter.png	412252	a3e6ae96aac60f12ed97fd890c70f44f	
C	GameResources-maps-ui-preview-res-BoomboxOld_new_summer.jpg	Resources/GameResources/maps/ui/preview/res/BoomboxOld_new_summer.jpg	426588	462df370b751c18fc8d2a8f127a45b0b	
C	GameResources-maps-ui-preview-res-BoomboxOld_new_winter.jpg	Resources/GameResources/maps/ui/preview/res/BoomboxOld_new_winter.jpg	322204	33ddc1e5e760d0c39f13f6af094ab5b7	
C	GameResources-maps-ui-preview-res-Boombox_new_summer.jpg	Resources/GameResources/maps/ui/preview/res/Boombox_new_summer.jpg	524872	e1f67f5adaeb16e6dc0abf350c8de5a9	
C	GameResources-maps-ui-preview-res-Boombox_new_winter.jpg	Resources/GameResources/maps/ui/preview/res/Boombox_new_winter.jpg	312520	4c692e354e8a15e6e40c6228dc7b96b8	
C	GameResources-maps-ui-preview-res-Boombox_old_summer.jpg	Resources/GameResources/maps/ui/preview/res/Boombox_old_summer.jpg	525496	22f07495aae9f004818b54ac3726a854	
C	GameResources-maps-ui-preview-res-Boombox_old_winter.jpg	Resources/GameResources/maps/ui/preview/res/Boombox_old_winter.jpg	441304	03eff6e507ce428793c599ff316b25e6	
C	GameResources-maps-ui-preview-res-Bottom_new_summer.jpg	Resources/GameResources/maps/ui/preview/res/Bottom_new_summer.jpg	414100	09c7bb2287b579e58f4a19268b55a8c2	
C	GameResources-maps-ui-preview-res-Brest2_old_summer.jpg	Resources/GameResources/maps/ui/preview/res/Brest2_old_summer.jpg	573588	9df24baeff884e826562a95a847a31a2	
C	GameResources-maps-ui-preview-res-Brest2_old_winter.jpg	Resources/GameResources/maps/ui/preview/res/Brest2_old_winter.jpg	557044	5279f80fac05aba85459128259829d3a	
C	GameResources-maps-ui-preview-res-BrestI1100_new_summer.jpg	Resources/GameResources/maps/ui/preview/res/BrestI1100_new_summer.jpg	385964	6a4689dbcaafb53e66f14158ee2cca24	
C	GameResources-maps-ui-preview-res-BrestIOld_new_summer.jpg	Resources/GameResources/maps/ui/preview/res/BrestIOld_new_summer.jpg	412588	4e15bc8cc45f89ee253bd0e27c895c1a	
C	GameResources-maps-ui-preview-res-BrestIOld_new_winter.jpg	Resources/GameResources/maps/ui/preview/res/BrestIOld_new_winter.jpg	391068	8292c3ff56692995d46055b43d182095	
C	GameResources-maps-ui-preview-res-BrestIi1100_new_summer.png	Resources/GameResources/maps/ui/preview/res/BrestIi1100_new_summer.png	413264	81627bda9fc249ccc097ef7ec06e4204	
C	GameResources-maps-ui-preview-res-BrestIiOld_new_summer.jpg	Resources/GameResources/maps/ui/preview/res/BrestIiOld_new_summer.jpg	400172	23782c10f0f8e5731b1fa44c59f1040d	
C	GameResources-maps-ui-preview-res-BrestIiOld_new_winter.jpg	Resources/GameResources/maps/ui/preview/res/BrestIiOld_new_winter.jpg	389948	7f2949a3056f5ca55ee073c8d745b9b7	
C	GameResources-maps-ui-preview-res-BrestMm_new_summer.png	Resources/GameResources/maps/ui/preview/res/BrestMm_new_summer.png	423336	e72ebd09eeb185dd52f1a41b799e0228	
C	GameResources-maps-ui-preview-res-BrestMm_new_winter.png	Resources/GameResources/maps/ui/preview/res/BrestMm_new_winter.png	378904	41d32ef055539152845d4f7ff2b1c6f4	
C	GameResources-maps-ui-preview-res-Brest_new_summer.jpg	Resources/GameResources/maps/ui/preview/res/Brest_new_summer.jpg	482468	5d3ffbef83395083dd3ff671a94537e0	
C	GameResources-maps-ui-preview-res-Brest_new_winter.jpg	Resources/GameResources/maps/ui/preview/res/Brest_new_winter.jpg	399940	1e34f9aea1256312e0bb2fd22ce65bc3	
C	GameResources-maps-ui-preview-res-Brest_old_summer.jpg	Resources/GameResources/maps/ui/preview/res/Brest_old_summer.jpg	523764	8a4178ca7be5f92ef6186694d8b7d9cd	
C	GameResources-maps-ui-preview-res-Brest_old_winter.jpg	Resources/GameResources/maps/ui/preview/res/Brest_old_winter.jpg	570564	0bbb8b46f70e77efa5f1b597d8f38d26	
C	GameResources-maps-ui-preview-res-BridgeCityOld_new_summer.jpg	Resources/GameResources/maps/ui/preview/res/BridgeCityOld_new_summer.jpg	314020	848b6872616aba8c6a3ce347f42411e0	
C	GameResources-maps-ui-preview-res-BridgeCityOld_new_winter.jpg	Resources/GameResources/maps/ui/preview/res/BridgeCityOld_new_winter.jpg	308804	ff5d4200104791ef21f7ffd3cf523ba6	
C	GameResources-maps-ui-preview-res-Bridge_new_summer.jpg	Resources/GameResources/maps/ui/preview/res/Bridge_new_summer.jpg	450788	538ae5c209ca80a4db02911560cce18c	
C	GameResources-maps-ui-preview-res-Bridges1100_new_summer.jpg	Resources/GameResources/maps/ui/preview/res/Bridges1100_new_summer.jpg	351888	b0f229db62d84b09b8df322c19139420	
C	GameResources-maps-ui-preview-res-BridgesMm_new_summer.png	Resources/GameResources/maps/ui/preview/res/BridgesMm_new_summer.png	419212	db45954feb6d99f69447743d836dfdd4	
C	GameResources-maps-ui-preview-res-BridgesMm_new_winter.png	Resources/GameResources/maps/ui/preview/res/BridgesMm_new_winter.png	413996	5b26ea864a24cea52885cdc0ada07b2b	
C	GameResources-maps-ui-preview-res-BridgesOld_new_summer.jpg	Resources/GameResources/maps/ui/preview/res/BridgesOld_new_summer.jpg	442028	272850059437618d23b8b839b91ce22e	
C	GameResources-maps-ui-preview-res-BridgesOld_new_winter.jpg	Resources/GameResources/maps/ui/preview/res/BridgesOld_new_winter.jpg	375708	2ac32596074bd09de1c6dc4653ba546f	
C	GameResources-maps-ui-preview-res-Bridges_new_summer.jpg	Resources/GameResources/maps/ui/preview/res/Bridges_new_summer.jpg	467320	b01dee7355ff8b61b268f134676b47a1	
C	GameResources-maps-ui-preview-res-Bridges_new_winter.jpg	Resources/GameResources/maps/ui/preview/res/Bridges_new_winter.jpg	311912	f2d2e972084e2b4f44107d3ec80b001c	
C	GameResources-maps-ui-preview-res-Bridges_old_summer.jpg	Resources/GameResources/maps/ui/preview/res/Bridges_old_summer.jpg	504680	0d953b417ff928a3ffbe0bcffe21e1ba	
C	GameResources-maps-ui-preview-res-Bridges_old_winter.jpg	Resources/GameResources/maps/ui/preview/res/Bridges_old_winter.jpg	516520	cff8dd515756fc54f7b7c4d260c77878	
C	GameResources-maps-ui-preview-res-BunkerVektorTv_new_summer.png	Resources/GameResources/maps/ui/preview/res/BunkerVektorTv_new_summer.png	193316	52406b07c280d73aa80c717a4f1bf470	
C	GameResources-maps-ui-preview-res-CNPP_new_summer.png	Resources/GameResources/maps/ui/preview/res/CNPP_new_summer.png	5620	bd2cd51a5674d3754e444c916785c119	
C	GameResources-maps-ui-preview-res-CampOld_new_summer.jpg	Resources/GameResources/maps/ui/preview/res/CampOld_new_summer.jpg	298632	c1cabdd41395f64df725a781012850a3	
C	GameResources-maps-ui-preview-res-CampOld_new_winter.jpg	Resources/GameResources/maps/ui/preview/res/CampOld_new_winter.jpg	368840	73151170c97457306da03d66a49317a4	
C	GameResources-maps-ui-preview-res-CampPro_new_winter.jpg	Resources/GameResources/maps/ui/preview/res/CampPro_new_winter.jpg	356392	38150e151c97183bda0a29199428c94f	
C	GameResources-maps-ui-preview-res-CampTlvk_new_summer.png	Resources/GameResources/maps/ui/preview/res/CampTlvk_new_summer.png	384524	131941b6faa1eebf7507015f0db01bcb	
C	GameResources-maps-ui-preview-res-Camp_new_summer.jpg	Resources/GameResources/maps/ui/preview/res/Camp_new_summer.jpg	392228	67e6afacff9759f834d34604301149c0	
C	GameResources-maps-ui-preview-res-Camp_new_winter.jpg	Resources/GameResources/maps/ui/preview/res/Camp_new_winter.jpg	443236	2133f42bd322ac209f2f534b52a44594	
C	GameResources-maps-ui-preview-res-Camp_old_summer.jpg	Resources/GameResources/maps/ui/preview/res/Camp_old_summer.jpg	392724	af751fd499da20ac24715afa5111c1bb	
C	GameResources-maps-ui-preview-res-CanyonOld_new_summer.jpg	Resources/GameResources/maps/ui/preview/res/CanyonOld_new_summer.jpg	439996	dcd81b6b5b625ba3830511b0f3911b35	
C	GameResources-maps-ui-preview-res-CanyonOld_new_winter.jpg	Resources/GameResources/maps/ui/preview/res/CanyonOld_new_winter.jpg	392668	50a995ccad56a046d5fd23134bcf7642	
C	GameResources-maps-ui-preview-res-CanyonTlvk_new_summer.png	Resources/GameResources/maps/ui/preview/res/CanyonTlvk_new_summer.png	462764	b89bfa13b53ab422187e73b116a1b30c	
C	GameResources-maps-ui-preview-res-Canyon_new_summer.jpg	Resources/GameResources/maps/ui/preview/res/Canyon_new_summer.jpg	342532	ea781d49efbaf16bfc7ab5a803def650	
C	GameResources-maps-ui-preview-res-Canyon_new_winter.png	Resources/GameResources/maps/ui/preview/res/Canyon_new_winter.png	424500	1e40ed7c03fc61a4a4c86e825b142e8f	
C	GameResources-maps-ui-preview-res-Canyon_old_summer.jpg	Resources/GameResources/maps/ui/preview/res/Canyon_old_summer.jpg	592196	18beba919b4fbcba63bd58ae471cc7b9	
C	GameResources-maps-ui-preview-res-Canyon_old_winter.jpg	Resources/GameResources/maps/ui/preview/res/Canyon_old_winter.jpg	497908	e4ba8e2572fe9b04137d00c7f516e6ba	
C	GameResources-maps-ui-preview-res-CarouselOld_new_summer.jpg	Resources/GameResources/maps/ui/preview/res/CarouselOld_new_summer.jpg	206128	1868e451546a039442bffb792f36b6f3	
C	GameResources-maps-ui-preview-res-CavesOld_new_summer.jpg	Resources/GameResources/maps/ui/preview/res/CavesOld_new_summer.jpg	381500	f21a53736561efc9615561152f9429f3	
C	GameResources-maps-ui-preview-res-Cdr2021_new_winter.jpg	Resources/GameResources/maps/ui/preview/res/Cdr2021_new_winter.jpg	323592	09ac381f131229b8c8a2408c14826191	
C	GameResources-maps-ui-preview-res-Cdr2021_old_summer.jpg	Resources/GameResources/maps/ui/preview/res/Cdr2021_old_summer.jpg	291384	fd94fa6d099ed1905ce2915ecee5039a	
C	GameResources-maps-ui-preview-res-Chernobyl1100_new_summer.jpg	Resources/GameResources/maps/ui/preview/res/Chernobyl1100_new_summer.jpg	383812	d902e3038b1c5387bbb4464d20952e97	
C	GameResources-maps-ui-preview-res-ChernobylMm_new_summer.png	Resources/GameResources/maps/ui/preview/res/ChernobylMm_new_summer.png	444480	96d2eff394e8b7aebf58384bdc3b40c6	
C	GameResources-maps-ui-preview-res-ChernobylOld_new_summer.jpg	Resources/GameResources/maps/ui/preview/res/ChernobylOld_new_summer.jpg	379428	89ed35e75c7b2d5f110b3f83a9e9a39d	
C	GameResources-maps-ui-preview-res-ChernobylOld_new_winter.jpg	Resources/GameResources/maps/ui/preview/res/ChernobylOld_new_winter.jpg	360404	15970e5fc406b32e5cfd4347b86b0370	
C	GameResources-maps-ui-preview-res-Chernobyl_new_summer.jpg	Resources/GameResources/maps/ui/preview/res/Chernobyl_new_summer.jpg	409036	72fdb1597e6f7370bb60113c2ac060c4	
C	GameResources-maps-ui-preview-res-ChernushkaMm_new_summer.png	Resources/GameResources/maps/ui/preview/res/ChernushkaMm_new_summer.png	403268	1c0fb141097ec67dad8b1e005c785b29	
C	GameResources-maps-ui-preview-res-Chornobyl_new_summer.jpg	Resources/GameResources/maps/ui/preview/res/Chornobyl_new_summer.jpg	371500	70420e29d9e8624a2f715fd5f85a904a	
C	GameResources-maps-ui-preview-res-Chornobyl_new_winter.jpg	Resources/GameResources/maps/ui/preview/res/Chornobyl_new_winter.jpg	335212	8d536658199380f8f8144caa0c5d28f0	
C	GameResources-maps-ui-preview-res-Chornobyl_old_summer.jpg	Resources/GameResources/maps/ui/preview/res/Chornobyl_old_summer.jpg	472076	e54b81bac1a0dc41109b851d93ae6006	
C	GameResources-maps-ui-preview-res-Chornobyl_old_winter.jpg	Resources/GameResources/maps/ui/preview/res/Chornobyl_old_winter.jpg	486332	f9e77e0d946c71bc4f5b126a4b0f337a	
C	GameResources-maps-ui-preview-res-CologneMm_new_summer.png	Resources/GameResources/maps/ui/preview/res/CologneMm_new_summer.png	477068	36c766a48c7750665743246385f4f90a	
C	GameResources-maps-ui-preview-res-CologneMm_new_winter.png	Resources/GameResources/maps/ui/preview/res/CologneMm_new_winter.png	473740	da04c08e747c7cd3be0fb0ca8b0985e7	
C	GameResources-maps-ui-preview-res-Cologne_new_summer.jpg	Resources/GameResources/maps/ui/preview/res/Cologne_new_summer.jpg	519880	4e11a5a2210b534c770c6a2cddff384c	
C	GameResources-maps-ui-preview-res-ColonyOld_new_summer.png	Resources/GameResources/maps/ui/preview/res/ColonyOld_new_summer.png	348492	5baf83a497213eb718dd2733f5dd2535	
C	GameResources-maps-ui-preview-res-CombeOld_new_summer.jpg	Resources/GameResources/maps/ui/preview/res/CombeOld_new_summer.jpg	403916	ff3b2dd66ce4cab3d7e0caaf3f9082de	
C	GameResources-maps-ui-preview-res-CombeOld_new_winter.jpg	Resources/GameResources/maps/ui/preview/res/CombeOld_new_winter.jpg	343404	266d1de64a0743360176863c887a1c68	
C	GameResources-maps-ui-preview-res-Combe_new_summer.jpg	Resources/GameResources/maps/ui/preview/res/Combe_new_summer.jpg	321476	34f817c999068d1674eaa49ae093350b	
C	GameResources-maps-ui-preview-res-Combe_new_winter.jpg	Resources/GameResources/maps/ui/preview/res/Combe_new_winter.jpg	328244	0781ac1dc14e7eb2e4d49c141d5c8ffa	
C	GameResources-maps-ui-preview-res-Combe_old_summer.jpg	Resources/GameResources/maps/ui/preview/res/Combe_old_summer.jpg	544804	07bd4dec572ca7977dfbe61de675c7a4	
C	GameResources-maps-ui-preview-res-Combe_old_winter.jpg	Resources/GameResources/maps/ui/preview/res/Combe_old_winter.jpg	411412	f53c4916b8fbd66a4883f4e607238bd4	
C	GameResources-maps-ui-preview-res-Concert_new_summer.png	Resources/GameResources/maps/ui/preview/res/Concert_new_summer.png	6648	8872cb7a51b334d1a2919795db27e58e	
C	GameResources-maps-ui-preview-res-Confrontation_new_summer.jpg	Resources/GameResources/maps/ui/preview/res/Confrontation_new_summer.jpg	527476	c352535d13a6d26dd54d09133543e40b	
C	GameResources-maps-ui-preview-res-Construction_new_summer.png	Resources/GameResources/maps/ui/preview/res/Construction_new_summer.png	372516	20f30a847757ff788c618c469ea2cadb	
C	GameResources-maps-ui-preview-res-Containers_new_summer.png	Resources/GameResources/maps/ui/preview/res/Containers_new_summer.png	382220	954e4b01f16bbcfe34e8b8251b463a4a	
C	GameResources-maps-ui-preview-res-Cosmicstation_new_summer.jpg	Resources/GameResources/maps/ui/preview/res/Cosmicstation_new_summer.jpg	414660	a47e9d8cb5e11ad96b5524228dded830	
C	GameResources-maps-ui-preview-res-CourageOld_new_summer.jpg	Resources/GameResources/maps/ui/preview/res/CourageOld_new_summer.jpg	410220	ad976119478802bcc9eaa21a73252990	
C	GameResources-maps-ui-preview-res-CourageOld_new_winter.jpg	Resources/GameResources/maps/ui/preview/res/CourageOld_new_winter.jpg	422188	6f03412997cdd2066335101abb120dcf	
C	GameResources-maps-ui-preview-res-Courage_new_summer.jpg	Resources/GameResources/maps/ui/preview/res/Courage_new_summer.jpg	606440	8a4274e23c432290491c06f9f8b6f1de	
C	GameResources-maps-ui-preview-res-Courage_new_winter.jpg	Resources/GameResources/maps/ui/preview/res/Courage_new_winter.jpg	332600	4303514b0825857ec9275a2e43c60444	
C	GameResources-maps-ui-preview-res-Courage_old_summer.jpg	Resources/GameResources/maps/ui/preview/res/Courage_old_summer.jpg	514376	c27df9452c5fa157520933e9484ee28a	
C	GameResources-maps-ui-preview-res-Courage_old_winter.jpg	Resources/GameResources/maps/ui/preview/res/Courage_old_winter.jpg	484712	6c59d69a82f065343c4090aec0ebc435	
C	GameResources-maps-ui-preview-res-Crash2_new_summer.jpg	Resources/GameResources/maps/ui/preview/res/Crash2_new_summer.jpg	448148	c59656f40774707206324633dd3f29de	
C	GameResources-maps-ui-preview-res-CrashAlpha1Old_new_summer.jpg	Resources/GameResources/maps/ui/preview/res/CrashAlpha1Old_new_summer.jpg	135060	978d4795360c141d0103fcddea29d23e	
C	GameResources-maps-ui-preview-res-CrashAlpha2Old_new_summer.png	Resources/GameResources/maps/ui/preview/res/CrashAlpha2Old_new_summer.png	181524	8ea9f87fe050c07283f2a640167a2dbc	
C	GameResources-maps-ui-preview-res-CrashMt_new_summer.jpg	Resources/GameResources/maps/ui/preview/res/CrashMt_new_summer.jpg	442920	d6e424111b465f322ead69c647c98fca	
C	GameResources-maps-ui-preview-res-CrashTlvk_new_summer.jpg	Resources/GameResources/maps/ui/preview/res/CrashTlvk_new_summer.jpg	393260	f6fc314742e73e4ee2880788c58a6f51	
C	GameResources-maps-ui-preview-res-Crash_new_summer.jpg	Resources/GameResources/maps/ui/preview/res/Crash_new_summer.jpg	393252	9e54cef0cac6d222c6d67feda3b707f7	
C	GameResources-maps-ui-preview-res-Cross1100_new_summer.jpg	Resources/GameResources/maps/ui/preview/res/Cross1100_new_summer.jpg	352828	5caba3c63049d7873b394d1e418837a1	
C	GameResources-maps-ui-preview-res-CrossMm_new_summer.png	Resources/GameResources/maps/ui/preview/res/CrossMm_new_summer.png	427016	f8b00d634151c6a5224abeed87aa2ff7	
C	GameResources-maps-ui-preview-res-CrossMm_new_winter.png	Resources/GameResources/maps/ui/preview/res/CrossMm_new_winter.png	385912	8df23612a56f87d9fb48d4f614ed0990	
C	GameResources-maps-ui-preview-res-CrossOld_new_summer.jpg	Resources/GameResources/maps/ui/preview/res/CrossOld_new_summer.jpg	385644	b9863fd045d3bfc473e4d3d066171e23	
C	GameResources-maps-ui-preview-res-CrossOld_new_winter.jpg	Resources/GameResources/maps/ui/preview/res/CrossOld_new_winter.jpg	365100	fba41d2868afd420b1d8a7c53084b6a0	
C	GameResources-maps-ui-preview-res-CrossTestOld_new_summer.png	Resources/GameResources/maps/ui/preview/res/CrossTestOld_new_summer.png	201684	debc7ac8f43725e8a90d0f68ecffd3a1	
C	GameResources-maps-ui-preview-res-CrossTlvk_new_summer.png	Resources/GameResources/maps/ui/preview/res/CrossTlvk_new_summer.png	436460	de0cdb83bf60e166a28a76ac45ece6c6	
C	GameResources-maps-ui-preview-res-CrossTlvk_new_winter.png	Resources/GameResources/maps/ui/preview/res/CrossTlvk_new_winter.png	412700	2a6bdd7857ed3c30a68f211335cb3126	
C	GameResources-maps-ui-preview-res-Cross_new_summer.jpg	Resources/GameResources/maps/ui/preview/res/Cross_new_summer.jpg	346388	e77d36b2609e25559f42b6c6efa6dd33	
C	GameResources-maps-ui-preview-res-Cross_new_winter.jpg	Resources/GameResources/maps/ui/preview/res/Cross_new_winter.jpg	325732	b4dd8f2038e43f7d2c53bd244de136d3	
C	GameResources-maps-ui-preview-res-Cross_old_summer.jpg	Resources/GameResources/maps/ui/preview/res/Cross_old_summer.jpg	393636	7f76219445e4bf4cde297c2b5366884c	
C	GameResources-maps-ui-preview-res-Cross_old_winter.jpg	Resources/GameResources/maps/ui/preview/res/Cross_old_winter.jpg	531076	efb5ef1de4d097cf2bec0b43014d956d	
C	GameResources-maps-ui-preview-res-Crossroad_new_summer.jpg	Resources/GameResources/maps/ui/preview/res/Crossroad_new_summer.jpg	428140	8d9eb3250e99a22dad8c5149b7d85d55	
C	GameResources-maps-ui-preview-res-Crossroads_new_summer.jpg	Resources/GameResources/maps/ui/preview/res/Crossroads_new_summer.jpg	458988	9895449e88da2107f212790d7b3ea839	
C	GameResources-maps-ui-preview-res-Cryto_new_summer.png	Resources/GameResources/maps/ui/preview/res/Cryto_new_summer.png	410196	b1d16ce829806d69e1efa792babc04a3	
C	GameResources-maps-ui-preview-res-CsAgroUnderground_new_summer.png	Resources/GameResources/maps/ui/preview/res/CsAgroUnderground_new_summer.png	11020	120d3f36c0075d0974e2981e47fa1ff9	
C	GameResources-maps-ui-preview-res-CsAgroprom_new_summer.png	Resources/GameResources/maps/ui/preview/res/CsAgroprom_new_summer.png	10188	fef2b8ad480aa78fc020b8d801d1e25d	
C	GameResources-maps-ui-preview-res-CsCnpp_new_summer.png	Resources/GameResources/maps/ui/preview/res/CsCnpp_new_summer.png	8436	0fb2cf4e19f912b386674c0b70770c65	
C	GameResources-maps-ui-preview-res-CsDarkValley_new_summer.png	Resources/GameResources/maps/ui/preview/res/CsDarkValley_new_summer.png	10548	cd576d55f67de4637cab787525becc27	
C	GameResources-maps-ui-preview-res-CsEscape_new_summer.png	Resources/GameResources/maps/ui/preview/res/CsEscape_new_summer.png	8844	0fda508e96a238796d021ed59919cba5	
C	GameResources-maps-ui-preview-res-CsGarbage_new_summer.png	Resources/GameResources/maps/ui/preview/res/CsGarbage_new_summer.png	9884	0d9c46335c6403df9a533836ccfa9e7c	
C	GameResources-maps-ui-preview-res-CsHospital_new_summer.png	Resources/GameResources/maps/ui/preview/res/CsHospital_new_summer.png	9484	8c0e91c7b87d8baae629dbe460fe007e	
C	GameResources-maps-ui-preview-res-CsLimansk_new_summer.png	Resources/GameResources/maps/ui/preview/res/CsLimansk_new_summer.png	9484	e66c4b3ff5969470326980d5ae0cca1c	
C	GameResources-maps-ui-preview-res-CsMarsh_new_summer.png	Resources/GameResources/maps/ui/preview/res/CsMarsh_new_summer.png	10840	e947643c0caa19fc3fe6144b7b7fc15d	
C	GameResources-maps-ui-preview-res-CsMpAgroprom_new_summer.png	Resources/GameResources/maps/ui/preview/res/CsMpAgroprom_new_summer.png	11796	745a5e988e4c4bb38b47289a31d0ab53	
C	GameResources-maps-ui-preview-res-CsMpAtp_new_summer.png	Resources/GameResources/maps/ui/preview/res/CsMpAtp_new_summer.png	7848	ff5ec67b5c92f44259eddc7decb4f90e	
C	GameResources-maps-ui-preview-res-CsMpAutostation_new_summer.png	Resources/GameResources/maps/ui/preview/res/CsMpAutostation_new_summer.png	10360	185699dfed12c854568cb16899875bf5	
C	GameResources-maps-ui-preview-res-CsMpBath_new_summer.png	Resources/GameResources/maps/ui/preview/res/CsMpBath_new_summer.png	8460	5553ba780bb40efe19a456fcbe4f4a4e	
C	GameResources-maps-ui-preview-res-CsMpDarkValley_new_summer.png	Resources/GameResources/maps/ui/preview/res/CsMpDarkValley_new_summer.png	11972	0424f6a5d8bba4211091f29c263172ad	
C	GameResources-maps-ui-preview-res-CsMpFactory_new_summer.png	Resources/GameResources/maps/ui/preview/res/CsMpFactory_new_summer.png	9584	3e1c9e13c64ebb704bdc4c440041254f	
C	GameResources-maps-ui-preview-res-CsMpFirestation_new_summer.png	Resources/GameResources/maps/ui/preview/res/CsMpFirestation_new_summer.png	10376	e12be4c7191bbed22580a190fcbf0e6f	
C	GameResources-maps-ui-preview-res-CsMpGarbage_new_summer.png	Resources/GameResources/maps/ui/preview/res/CsMpGarbage_new_summer.png	11536	9bd78b08df47c6ce59bc3e1a203a40a7	
C	GameResources-maps-ui-preview-res-CsMpLimansk_new_summer.png	Resources/GameResources/maps/ui/preview/res/CsMpLimansk_new_summer.png	10928	7d68761922266efda7f854e5d04a9343	
C	GameResources-maps-ui-preview-res-CsMpLostVillage_new_summer.png	Resources/GameResources/maps/ui/preview/res/CsMpLostVillage_new_summer.png	11464	0264fdb0fc094d36750d5d054ab13122	
C	GameResources-maps-ui-preview-res-CsMpMilitary1_new_summer.png	Resources/GameResources/maps/ui/preview/res/CsMpMilitary1_new_summer.png	10916	d36c8c4de1280d3e25509eddbdb4d11b	
C	GameResources-maps-ui-preview-res-CsMpMilitary2_new_summer.png	Resources/GameResources/maps/ui/preview/res/CsMpMilitary2_new_summer.png	11524	b64d0b523b3ebc4f90f4f9a49d2a7222	
C	GameResources-maps-ui-preview-res-CsMpPool_new_summer.png	Resources/GameResources/maps/ui/preview/res/CsMpPool_new_summer.png	8236	e86ed2fe2e135bd625efc0987ac0aa92	
C	GameResources-maps-ui-preview-res-CsMpRailroad_new_summer.png	Resources/GameResources/maps/ui/preview/res/CsMpRailroad_new_summer.png	9252	d3d334697d3d8ee38199bb4e0785d402	
C	GameResources-maps-ui-preview-res-CsMpRepairBase_new_summer.png	Resources/GameResources/maps/ui/preview/res/CsMpRepairBase_new_summer.png	10884	a39b739e069d61baa3406ff2f8a24d0f	
C	GameResources-maps-ui-preview-res-CsMpRostok_new_summer.png	Resources/GameResources/maps/ui/preview/res/CsMpRostok_new_summer.png	10812	112402e28903343113d07a649611a497	
C	GameResources-maps-ui-preview-res-CsMpSportCenter_new_summer.png	Resources/GameResources/maps/ui/preview/res/CsMpSportCenter_new_summer.png	10808	fc77b41da571788c84a8ad06626f81f2	
C	GameResources-maps-ui-preview-res-CsMpTrainingCamp_new_summer.png	Resources/GameResources/maps/ui/preview/res/CsMpTrainingCamp_new_summer.png	10364	70ed916550798fb11961bea2d4edda7e	
C	GameResources-maps-ui-preview-res-CsMpWorkshop_new_summer.png	Resources/GameResources/maps/ui/preview/res/CsMpWorkshop_new_summer.png	10980	b2117d0b666a1a1e2e7784b6126fc424	
C	GameResources-maps-ui-preview-res-CsYantar_new_summer.png	Resources/GameResources/maps/ui/preview/res/CsYantar_new_summer.png	8956	1fe6e2c9b44bcc6739584083fc3c2101	
C	GameResources-maps-ui-preview-res-Deathtrack1100_new_summer.png	Resources/GameResources/maps/ui/preview/res/Deathtrack1100_new_summer.png	420756	de6be7cad0db8508cb6ad62e21c1cb38	
C	GameResources-maps-ui-preview-res-DeathtrackOld_new_summer.jpg	Resources/GameResources/maps/ui/preview/res/DeathtrackOld_new_summer.jpg	313764	aa1afdd9fe990742027e7fd35a9fb387	
C	GameResources-maps-ui-preview-res-DeathtrackOld_new_winter.jpg	Resources/GameResources/maps/ui/preview/res/DeathtrackOld_new_winter.jpg	330340	47a9baad98da9642cc93c752cc3fa513	
C	GameResources-maps-ui-preview-res-DeathtrackQuest_new_summer.jpg	Resources/GameResources/maps/ui/preview/res/DeathtrackQuest_new_summer.jpg	248152	a2df852d5ed2dc94f8eb1a9247e04648	
C	GameResources-maps-ui-preview-res-Deathtrack_new_summer.jpg	Resources/GameResources/maps/ui/preview/res/Deathtrack_new_summer.jpg	430156	0afa785c20fce256dbc90cc05b8e5ea3	
C	GameResources-maps-ui-preview-res-Deathtrack_new_winter.jpg	Resources/GameResources/maps/ui/preview/res/Deathtrack_new_winter.jpg	407676	6b5e7f5e7361dd748259aff3200aafc4	
C	GameResources-maps-ui-preview-res-Deathtrack_old_summer.jpg	Resources/GameResources/maps/ui/preview/res/Deathtrack_old_summer.jpg	485068	3eb7966f3717343aae8650dc8efbac0d	
C	GameResources-maps-ui-preview-res-Deathtrack_old_winter.jpg	Resources/GameResources/maps/ui/preview/res/Deathtrack_old_winter.jpg	469980	d3acdf4ae86da1218894b84988ab920a	
C	GameResources-maps-ui-preview-res-Deck10_new_summer.png	Resources/GameResources/maps/ui/preview/res/Deck10_new_summer.png	516740	7c1f51a2b359555677b1f1c2f6ec571d	
C	GameResources-maps-ui-preview-res-Deck9Mt_new_summer.jpg	Resources/GameResources/maps/ui/preview/res/Deck9Mt_new_summer.jpg	329704	f8811efc9d845b72918f6b447464a028	
C	GameResources-maps-ui-preview-res-Deck9Old_new_summer.jpg	Resources/GameResources/maps/ui/preview/res/Deck9Old_new_summer.jpg	452620	aea96652d531b687aea6d1221575ace0	
C	GameResources-maps-ui-preview-res-Deck9Old_new_winter.jpg	Resources/GameResources/maps/ui/preview/res/Deck9Old_new_winter.jpg	379084	c52d591ade61cc26a243e83540985d64	
C	GameResources-maps-ui-preview-res-Deck9Tlvk_new_summer.png	Resources/GameResources/maps/ui/preview/res/Deck9Tlvk_new_summer.png	354412	f0809232923ee646d73b939b5160abec	
C	GameResources-maps-ui-preview-res-Deck9Tlvk_new_winter.png	Resources/GameResources/maps/ui/preview/res/Deck9Tlvk_new_winter.png	385948	bb104965b6f5eb54c015bc679c20f2a9	
C	GameResources-maps-ui-preview-res-Deck9_new_summer.jpg	Resources/GameResources/maps/ui/preview/res/Deck9_new_summer.jpg	474036	5cf01b02654f7772b3e194ac54173c6e	
C	GameResources-maps-ui-preview-res-Deck9_new_winter.jpg	Resources/GameResources/maps/ui/preview/res/Deck9_new_winter.jpg	427748	fe5117413ad440567a454bf791f137bb	
C	GameResources-maps-ui-preview-res-Deck9_old_summer.jpg	Resources/GameResources/maps/ui/preview/res/Deck9_old_summer.jpg	488164	ef108fece2486578e1efaaeff6a3dca7	
C	GameResources-maps-ui-preview-res-Deck9_old_winter.jpg	Resources/GameResources/maps/ui/preview/res/Deck9_old_winter.jpg	499812	2af5d0f88412b581d2bccec31ef4be14	
C	GameResources-maps-ui-preview-res-Defense_new_summer.jpg	Resources/GameResources/maps/ui/preview/res/Defense_new_summer.jpg	380024	7e572f31833b63a44c10c219ac011528	
C	GameResources-maps-ui-preview-res-Demo1100_new_summer.png	Resources/GameResources/maps/ui/preview/res/Demo1100_new_summer.png	345116	ebafd1c75c672f066619fcaa9bab7430	
C	GameResources-maps-ui-preview-res-Depo_new_summer.jpg	Resources/GameResources/maps/ui/preview/res/Depo_new_summer.jpg	401844	83bab017668afee47483c39bcf809d59	
C	GameResources-maps-ui-preview-res-Depo_old_summer.jpg	Resources/GameResources/maps/ui/preview/res/Depo_old_summer.jpg	466964	8e3fcff8c43d4b00c85efa6509c86b1d	
C	GameResources-maps-ui-preview-res-DesertMm_new_summer.png	Resources/GameResources/maps/ui/preview/res/DesertMm_new_summer.png	437404	e6f54c5d5c3feb43afe5fc240c20b076	
C	GameResources-maps-ui-preview-res-DesertOld_new_summer.jpg	Resources/GameResources/maps/ui/preview/res/DesertOld_new_summer.jpg	329148	494fdc830096e9b795334f8ae9cdd0bf	
C	GameResources-maps-ui-preview-res-DesertPro_new_winter.jpg	Resources/GameResources/maps/ui/preview/res/DesertPro_new_winter.jpg	278412	8ad0d8feecf15dcccbaaf3fe1420af2e	
C	GameResources-maps-ui-preview-res-Desert_new_summer.jpg	Resources/GameResources/maps/ui/preview/res/Desert_new_summer.jpg	452884	32bcbca04bfb54d1740416fb034e9ad4	
C	GameResources-maps-ui-preview-res-Desert_new_winter.jpg	Resources/GameResources/maps/ui/preview/res/Desert_new_winter.jpg	449652	a9ad09ee676a822c86ce75f8144d762f	
C	GameResources-maps-ui-preview-res-Desert_old_summer.jpg	Resources/GameResources/maps/ui/preview/res/Desert_old_summer.jpg	398276	0f55bd456609b45e4a14562293bf099b	
C	GameResources-maps-ui-preview-res-Detour_new_summer.jpg	Resources/GameResources/maps/ui/preview/res/Detour_new_summer.jpg	424132	a61fa58839a9252a8b158641502e490e	
C	GameResources-maps-ui-preview-res-Dmitrievsk_new_summer.png	Resources/GameResources/maps/ui/preview/res/Dmitrievsk_new_summer.png	411356	35c887e116f52aa41f111404b5863310	
C	GameResources-maps-ui-preview-res-Domburg_new_summer.png	Resources/GameResources/maps/ui/preview/res/Domburg_new_summer.png	449928	8302dd757e583065c24616fd9239d26e	
C	GameResources-maps-ui-preview-res-Domburg_new_winter.png	Resources/GameResources/maps/ui/preview/res/Domburg_new_winter.png	391112	9ac7b7ea414588d6134c8d8bed5ae252	
C	GameResources-maps-ui-preview-res-Dualiti_new_summer.jpg	Resources/GameResources/maps/ui/preview/res/Dualiti_new_summer.jpg	428760	29f8e711980ad06b8851562509d17686	
C	GameResources-maps-ui-preview-res-Dualiti_new_winter.jpg	Resources/GameResources/maps/ui/preview/res/Dualiti_new_winter.jpg	346184	5ef3826d2b2b836a9916577d587a5ca5	
C	GameResources-maps-ui-preview-res-Dualiti_old_summer.jpg	Resources/GameResources/maps/ui/preview/res/Dualiti_old_summer.jpg	317128	8c6fa93d022cff6c7d8cba162952b504	
C	GameResources-maps-ui-preview-res-Dualiti_old_winter.jpg	Resources/GameResources/maps/ui/preview/res/Dualiti_old_winter.jpg	355624	d9362a717341ab6d948acd18721327d1	
C	GameResources-maps-ui-preview-res-DualityOld_new_summer.jpg	Resources/GameResources/maps/ui/preview/res/DualityOld_new_summer.jpg	369404	51c0d62148b657e1b8b25ae16e4329fc	
C	GameResources-maps-ui-preview-res-DualityOld_new_winter.jpg	Resources/GameResources/maps/ui/preview/res/DualityOld_new_winter.jpg	412924	84f9067fc882cb916acc74986cb0c66f	
C	GameResources-maps-ui-preview-res-Duality_new_summer.jpg	Resources/GameResources/maps/ui/preview/res/Duality_new_summer.jpg	399448	ee3c431da4a139ce200733d810454d1c	
C	GameResources-maps-ui-preview-res-Duel1100_new_summer.jpg	Resources/GameResources/maps/ui/preview/res/Duel1100_new_summer.jpg	329836	3e842ee0cab96afe07f07716313aa323	
C	GameResources-maps-ui-preview-res-DuelOld_new_summer.jpg	Resources/GameResources/maps/ui/preview/res/DuelOld_new_summer.jpg	313816	2455cabf547178b8c43028a2da7d67da	
C	GameResources-maps-ui-preview-res-DuelOld_new_winter.jpg	Resources/GameResources/maps/ui/preview/res/DuelOld_new_winter.jpg	321512	f7ce0ec3c7d4b22bb03f212a2ea236b4	
C	GameResources-maps-ui-preview-res-DuelQuest_new_summer.jpg	Resources/GameResources/maps/ui/preview/res/DuelQuest_new_summer.jpg	407276	da9488a221601c3a5eb8ea868b4c88a7	
C	GameResources-maps-ui-preview-res-Duel_new_summer.jpg	Resources/GameResources/maps/ui/preview/res/Duel_new_summer.jpg	410196	7b4c61bbed9ab7571be564d139c75346	
C	GameResources-maps-ui-preview-res-Duel_new_winter.jpg	Resources/GameResources/maps/ui/preview/res/Duel_new_winter.jpg	257044	a8a6801cdb976288ad037c40f791bef2	
C	GameResources-maps-ui-preview-res-Duel_old_summer.jpg	Resources/GameResources/maps/ui/preview/res/Duel_old_summer.jpg	408676	5b25a213289cd9088cf8cb084a06c7ff	
C	GameResources-maps-ui-preview-res-Duel_old_winter.jpg	Resources/GameResources/maps/ui/preview/res/Duel_old_winter.jpg	356020	af4f1b3174f6360277e4769e08155ccd	
C	GameResources-maps-ui-preview-res-Dusseldorf1100_new_summer.png	Resources/GameResources/maps/ui/preview/res/Dusseldorf1100_new_summer.png	475428	bcde78efa12ee7b19059f9748438d0b7	
C	GameResources-maps-ui-preview-res-DusseldorfOld_new_summer.jpg	Resources/GameResources/maps/ui/preview/res/DusseldorfOld_new_summer.jpg	357284	5977e1af705de3777578febcfa432c0d	
C	GameResources-maps-ui-preview-res-DusseldorfOld_new_winter.jpg	Resources/GameResources/maps/ui/preview/res/DusseldorfOld_new_winter.jpg	315012	79561066420e9ed1dfdc667ae2424e79	
C	GameResources-maps-ui-preview-res-Dusseldorf_new_summer.jpg	Resources/GameResources/maps/ui/preview/res/Dusseldorf_new_summer.jpg	546284	666d1de101eacc22bdfd7ea4ac24a2c3	
C	GameResources-maps-ui-preview-res-Dusseldorf_new_winter.jpg	Resources/GameResources/maps/ui/preview/res/Dusseldorf_new_winter.jpg	450940	5c1a84632d5676f2adcc429e1a758607	
C	GameResources-maps-ui-preview-res-Dusseldorf_old_summer.jpg	Resources/GameResources/maps/ui/preview/res/Dusseldorf_old_summer.jpg	444252	ffea34a5623f1c4e0ce4a4c8b1b450d1	
C	GameResources-maps-ui-preview-res-Dusseldorf_old_winter.jpg	Resources/GameResources/maps/ui/preview/res/Dusseldorf_old_winter.jpg	510700	537cd409cd2bcf379caf91a9bec63f75	
C	GameResources-maps-ui-preview-res-Dusseldorff_new_summer.png	Resources/GameResources/maps/ui/preview/res/Dusseldorff_new_summer.png	7424	581275eec214fd984d16276d7677e930	
C	GameResources-maps-ui-preview-res-Dust2_new_summer.jpg	Resources/GameResources/maps/ui/preview/res/Dust2_new_summer.jpg	498948	1b211692b847d25890339d65aada7fcf	
C	GameResources-maps-ui-preview-res-Dust2_new_winter.jpg	Resources/GameResources/maps/ui/preview/res/Dust2_new_winter.jpg	438356	535817490e4c57eb07c8f73853486106	
C	GameResources-maps-ui-preview-res-Edinburgh_new_summer.jpg	Resources/GameResources/maps/ui/preview/res/Edinburgh_new_summer.jpg	434524	0ed73744e48d094e8c3c750d0bb511c3	
C	GameResources-maps-ui-preview-res-Edinburgh_new_winter.jpg	Resources/GameResources/maps/ui/preview/res/Edinburgh_new_winter.jpg	415516	181c801636f7cd1eddfb7ecacff78758	
C	GameResources-maps-ui-preview-res-EsplanadeOld_new_summer.jpg	Resources/GameResources/maps/ui/preview/res/EsplanadeOld_new_summer.jpg	353044	1eda992e2583501cd9cbf985e1d4ca2a	
C	GameResources-maps-ui-preview-res-Esplanade_new_summer.jpg	Resources/GameResources/maps/ui/preview/res/Esplanade_new_summer.jpg	416012	3572e116ccc22d050ffd9da26263b116	
C	GameResources-maps-ui-preview-res-Esplanade_new_winter.jpg	Resources/GameResources/maps/ui/preview/res/Esplanade_new_winter.jpg	346492	ba34799708540e0a44e3b55e64655aa1	
C	GameResources-maps-ui-preview-res-Esplanade_old_summer.jpg	Resources/GameResources/maps/ui/preview/res/Esplanade_old_summer.jpg	442012	5f761061ca3c4053e63343f450faebcf	
C	GameResources-maps-ui-preview-res-Esplanade_old_winter.jpg	Resources/GameResources/maps/ui/preview/res/Esplanade_old_winter.jpg	483900	38dac98341814ad61c5a4a74fef960aa	
C	GameResources-maps-ui-preview-res-EventFuryroad_new_summer.jpg	Resources/GameResources/maps/ui/preview/res/EventFuryroad_new_summer.jpg	348468	85d03eb6f9622ed21ba294a5f8200e0a	
C	GameResources-maps-ui-preview-res-EventSumo_new_summer.jpg	Resources/GameResources/maps/ui/preview/res/EventSumo_new_summer.jpg	302668	d4eb64e503f6535d14e8f6dcf9da7eb8	
C	GameResources-maps-ui-preview-res-Factory_new_summer.jpg	Resources/GameResources/maps/ui/preview/res/Factory_new_summer.jpg	428120	c24f628a721ca0e94aff0919ba1b2953	
C	GameResources-maps-ui-preview-res-Farm2_new_summer.jpg	Resources/GameResources/maps/ui/preview/res/Farm2_new_summer.jpg	444452	762aa5b0a8027afece7f9545d51b0c2c	
C	GameResources-maps-ui-preview-res-Farm3_new_summer.jpg	Resources/GameResources/maps/ui/preview/res/Farm3_new_summer.jpg	462052	e2a03644d1754c4e8901a0ebeff8eca8	
C	GameResources-maps-ui-preview-res-FarmMt_new_summer.jpg	Resources/GameResources/maps/ui/preview/res/FarmMt_new_summer.jpg	475572	1e94d821b5868b8016139f281eb246d7	
C	GameResources-maps-ui-preview-res-FarmOld_new_summer.jpg	Resources/GameResources/maps/ui/preview/res/FarmOld_new_summer.jpg	384904	64bacdd6ccda8fb077ac20f2a61ac1d4	
C	GameResources-maps-ui-preview-res-FarmOld_new_winter.jpg	Resources/GameResources/maps/ui/preview/res/FarmOld_new_winter.jpg	388168	6bcabe881a3d01bab233c19c78b83d91	
C	GameResources-maps-ui-preview-res-FarmPro_new_winter.jpg	Resources/GameResources/maps/ui/preview/res/FarmPro_new_winter.jpg	283080	b5c07681e9f5461ce9c13dfde4aa201c	
C	GameResources-maps-ui-preview-res-FarmTlvk_new_summer.png	Resources/GameResources/maps/ui/preview/res/FarmTlvk_new_summer.png	424140	156fb3e9fdc09be16e8e897321fc1979	
C	GameResources-maps-ui-preview-res-FarmTlvk_new_winter.png	Resources/GameResources/maps/ui/preview/res/FarmTlvk_new_winter.png	360300	378738171cc080613d3a2f9d4024b758	
C	GameResources-maps-ui-preview-res-Farm_new_summer.jpg	Resources/GameResources/maps/ui/preview/res/Farm_new_summer.jpg	476324	e6a490a63a8bef85d45065e4746f9d32	
C	GameResources-maps-ui-preview-res-Farm_new_winter.jpg	Resources/GameResources/maps/ui/preview/res/Farm_new_winter.jpg	426116	a7693fd8227873f7d3501a5e0bf02c4c	
C	GameResources-maps-ui-preview-res-Farm_old_summer.jpg	Resources/GameResources/maps/ui/preview/res/Farm_old_summer.jpg	448084	8d15f5f9545f0922d123d922e9a6ef26	
C	GameResources-maps-ui-preview-res-FlyingTestOld_new_summer.png	Resources/GameResources/maps/ui/preview/res/FlyingTestOld_new_summer.png	310948	1c4d26859fb031c2a170cdf5629fb3d6	
C	GameResources-maps-ui-preview-res-Fogtown_new_summer.jpg	Resources/GameResources/maps/ui/preview/res/Fogtown_new_summer.jpg	309352	22c2e6838e8e7cba74aa1b3b69995d82	
C	GameResources-maps-ui-preview-res-Football_new_summer.png	Resources/GameResources/maps/ui/preview/res/Football_new_summer.png	366908	b21ab11456339988d7b71260efb1cd0c	
C	GameResources-maps-ui-preview-res-Forest1100_new_summer.jpg	Resources/GameResources/maps/ui/preview/res/Forest1100_new_summer.jpg	377516	37a0d7aae8aec6aa09914541f869dd13	
C	GameResources-maps-ui-preview-res-ForestMmRemaster_new_summer.jpg	Resources/GameResources/maps/ui/preview/res/ForestMmRemaster_new_summer.jpg	441084	e073a0b92ace14162f9c4ccf09ca40ec	
C	GameResources-maps-ui-preview-res-ForestMm_new_summer.png	Resources/GameResources/maps/ui/preview/res/ForestMm_new_summer.png	434732	9806b0cb1d4efb8bf625f7c237c0d1c1	
C	GameResources-maps-ui-preview-res-ForestMm_new_winter.png	Resources/GameResources/maps/ui/preview/res/ForestMm_new_winter.png	395820	fbd15690b74f64612a347b784eaaf814	
C	GameResources-maps-ui-preview-res-ForestMt_new_summer.png	Resources/GameResources/maps/ui/preview/res/ForestMt_new_summer.png	6892	68e8bfcb816fb1abed2b1c577553382c	
C	GameResources-maps-ui-preview-res-ForestOld_new_summer.jpg	Resources/GameResources/maps/ui/preview/res/ForestOld_new_summer.jpg	494812	99be86b23407f5c325cf6cac9e687e71	
C	GameResources-maps-ui-preview-res-ForestOld_new_winter.jpg	Resources/GameResources/maps/ui/preview/res/ForestOld_new_winter.jpg	383772	872e8bc122740383d20b13f3827b0372	
C	GameResources-maps-ui-preview-res-ForestTlvk_new_summer.png	Resources/GameResources/maps/ui/preview/res/ForestTlvk_new_summer.png	469308	ccd3933386aed08793dcccb7cea945b2	
C	GameResources-maps-ui-preview-res-ForestTlvk_new_winter.png	Resources/GameResources/maps/ui/preview/res/ForestTlvk_new_winter.png	422780	bb09b8d98774b66b48d5159776c94270	
C	GameResources-maps-ui-preview-res-Forest_new_summer.jpg	Resources/GameResources/maps/ui/preview/res/Forest_new_summer.jpg	510564	0227edece3f815cc0f2c887040c9a738	
C	GameResources-maps-ui-preview-res-Forest_new_winter.jpg	Resources/GameResources/maps/ui/preview/res/Forest_new_winter.jpg	392820	5681212edac46c3d2829a0b6443713f3	
C	GameResources-maps-ui-preview-res-Forest_old_summer.jpg	Resources/GameResources/maps/ui/preview/res/Forest_old_summer.jpg	528436	0175c05743278172d6ddf286a90936f4	
C	GameResources-maps-ui-preview-res-Forest_old_winter.jpg	Resources/GameResources/maps/ui/preview/res/Forest_old_winter.jpg	578644	abc9f8b58264b51c230249286580db5d	
C	GameResources-maps-ui-preview-res-FortKnoxIOld_new_summer.jpg	Resources/GameResources/maps/ui/preview/res/FortKnoxIOld_new_summer.jpg	362548	1cdea07254303538d7bba5e887c8b66a	
C	GameResources-maps-ui-preview-res-FortKnoxIOld_new_winter.jpg	Resources/GameResources/maps/ui/preview/res/FortKnoxIOld_new_winter.jpg	374692	64cff67edd74836fb3562d2a53d34b0d	
C	GameResources-maps-ui-preview-res-FortKnoxIiOld_new_summer.jpg	Resources/GameResources/maps/ui/preview/res/FortKnoxIiOld_new_summer.jpg	362548	677570d3c26a9d47826eaccfb06d481c	
C	GameResources-maps-ui-preview-res-FortKnoxIiOld_new_winter.jpg	Resources/GameResources/maps/ui/preview/res/FortKnoxIiOld_new_winter.jpg	376708	e3272e5646106edd367fdddb2098b2e1	
C	GameResources-maps-ui-preview-res-FortKnoxIiiOld_new_summer.jpg	Resources/GameResources/maps/ui/preview/res/FortKnoxIiiOld_new_summer.jpg	375540	fbc77d01c408705a1c375ab88992e9b8	
C	GameResources-maps-ui-preview-res-FortKnoxTlvk_new_winter.png	Resources/GameResources/maps/ui/preview/res/FortKnoxTlvk_new_winter.png	427956	136470d5f051f30a67f9c3df0caf8210	
C	GameResources-maps-ui-preview-res-FortKnox_new_summer.jpg	Resources/GameResources/maps/ui/preview/res/FortKnox_new_summer.jpg	383484	b673fada44a1dd23a1dcafd7760ea455	
C	GameResources-maps-ui-preview-res-Fortknox2_old_summer.jpg	Resources/GameResources/maps/ui/preview/res/Fortknox2_old_summer.jpg	428140	10c70f390a2edb55e7500ae3165a39f7	
C	GameResources-maps-ui-preview-res-Fortknox2_old_winter.jpg	Resources/GameResources/maps/ui/preview/res/Fortknox2_old_winter.jpg	486140	016810ecc835a9b359d4c038cd1643bc	
C	GameResources-maps-ui-preview-res-Fortknox3_old_summer.jpg	Resources/GameResources/maps/ui/preview/res/Fortknox3_old_summer.jpg	427916	58fb1e80159f0479654515003fadb3ac	
C	GameResources-maps-ui-preview-res-Fortknox3_old_winter.jpg	Resources/GameResources/maps/ui/preview/res/Fortknox3_old_winter.jpg	448524	6648b897a65b91735e883e65454cdddb	
C	GameResources-maps-ui-preview-res-FortknoxIi_old_summer.png	Resources/GameResources/maps/ui/preview/res/FortknoxIi_old_summer.png	6812	134b1683eaa50d71a3ff2584475df66f	
C	GameResources-maps-ui-preview-res-FortknoxIi_old_winter.png	Resources/GameResources/maps/ui/preview/res/FortknoxIi_old_winter.png	6828	5fe8baa8b9e0a61b40ffc6c53fc58d34	
C	GameResources-maps-ui-preview-res-FortknoxIii_old_summer.png	Resources/GameResources/maps/ui/preview/res/FortknoxIii_old_summer.png	6816	1f65b20c012b0d2b048e641b020327a6	
C	GameResources-maps-ui-preview-res-FortknoxIii_old_winter.png	Resources/GameResources/maps/ui/preview/res/FortknoxIii_old_winter.png	6768	b3a875188978fa69398900b52792d4f2	
C	GameResources-maps-ui-preview-res-Fortknox_new_summer.jpg	Resources/GameResources/maps/ui/preview/res/Fortknox_new_summer.jpg	360092	2550cab274137e9c0e36b57ef6fc1640	
C	GameResources-maps-ui-preview-res-Fortknox_new_winter.jpg	Resources/GameResources/maps/ui/preview/res/Fortknox_new_winter.jpg	328556	f92e13dc8b778ae11a0fcb31cbef6e03	
C	GameResources-maps-ui-preview-res-Fortknox_old_summer.jpg	Resources/GameResources/maps/ui/preview/res/Fortknox_old_summer.jpg	423708	cdeea31e5c33e8c17cdaa808d86377c1	
C	GameResources-maps-ui-preview-res-Fortknox_old_winter.jpg	Resources/GameResources/maps/ui/preview/res/Fortknox_old_winter.jpg	498108	2ecaed8246a26dc0bd90abc4fa65bb8c	
C	GameResources-maps-ui-preview-res-Fortress_new_summer.jpg	Resources/GameResources/maps/ui/preview/res/Fortress_new_summer.jpg	519084	5019855511dea50e43f036c39fa96be0	
C	GameResources-maps-ui-preview-res-FutureMm_new_summer.png	Resources/GameResources/maps/ui/preview/res/FutureMm_new_summer.png	387932	24b99d7cfb41f010ea77c0721c9cac6c	
C	GameResources-maps-ui-preview-res-Future_new_summer.jpg	Resources/GameResources/maps/ui/preview/res/Future_new_summer.jpg	414980	980cc16d9938591189faaa512f718252	
C	GameResources-maps-ui-preview-res-GalleryTlvk_new_summer.png	Resources/GameResources/maps/ui/preview/res/GalleryTlvk_new_summer.png	404496	89a809314b2c5b01d0c8ec7bf08dbecc	
C	GameResources-maps-ui-preview-res-Gallery_new_summer.jpg	Resources/GameResources/maps/ui/preview/res/Gallery_new_summer.jpg	403704	644ef001ba763c6d5cae8c67c7cf891b	
C	GameResources-maps-ui-preview-res-GarderMt_new_summer.jpg	Resources/GameResources/maps/ui/preview/res/GarderMt_new_summer.jpg	461612	ca8f8d54b904d5d40ea8cb0a1c48bb09	
C	GameResources-maps-ui-preview-res-GarderOld_new_summer.jpg	Resources/GameResources/maps/ui/preview/res/GarderOld_new_summer.jpg	377820	9d1ca9eb9b6abb01bb93dba040c9968c	
C	GameResources-maps-ui-preview-res-GarderOld_new_winter.jpg	Resources/GameResources/maps/ui/preview/res/GarderOld_new_winter.jpg	343180	957645d682773f36333dad12a9149e00	
C	GameResources-maps-ui-preview-res-GarderTlvk_new_summer.png	Resources/GameResources/maps/ui/preview/res/GarderTlvk_new_summer.png	400380	1f469b4ef14e35c5f350ce7c0e6956f0	
C	GameResources-maps-ui-preview-res-Garder_new_summer.jpg	Resources/GameResources/maps/ui/preview/res/Garder_new_summer.jpg	441620	5a1f3f4aaecfb4a84f1e136c6866fe13	
C	GameResources-maps-ui-preview-res-Garder_new_winter.jpg	Resources/GameResources/maps/ui/preview/res/Garder_new_winter.jpg	509700	80ff7053f4e9692295e176edd87dd0b5	
C	GameResources-maps-ui-preview-res-Garder_old_summer.jpg	Resources/GameResources/maps/ui/preview/res/Garder_old_summer.jpg	464996	ca21d9da1b65cdbffcc60c575bb6becf	
C	GameResources-maps-ui-preview-res-Gasstation_new_summer.jpg	Resources/GameResources/maps/ui/preview/res/Gasstation_new_summer.jpg	430444	270b557c823ec0678650e3f59ab965a6	
C	GameResources-maps-ui-preview-res-Gigabarda_new_summer.png	Resources/GameResources/maps/ui/preview/res/Gigabarda_new_summer.png	509516	29e6ae3d224bf31bdfe123f24642e4be	
C	GameResources-maps-ui-preview-res-GladiatorOld_new_summer.jpg	Resources/GameResources/maps/ui/preview/res/GladiatorOld_new_summer.jpg	352788	fed69a1d1c94329ca0164db9763eec60	
C	GameResources-maps-ui-preview-res-Gladiator_new_summer.jpg	Resources/GameResources/maps/ui/preview/res/Gladiator_new_summer.jpg	445996	2e14bfa8f2ccb0a35ccaa168fe93bd13	
C	GameResources-maps-ui-preview-res-GoldenMadness_new_summer.png	Resources/GameResources/maps/ui/preview/res/GoldenMadness_new_summer.png	331028	383d7caf32616f78ffaf8e940d48c907	
C	GameResources-maps-ui-preview-res-Gorge_new_summer.jpg	Resources/GameResources/maps/ui/preview/res/Gorge_new_summer.jpg	486212	0c5eab3e4c66a61c1c4a14c581d3be58	
C	GameResources-maps-ui-preview-res-GravityOld_new_summer.jpg	Resources/GameResources/maps/ui/preview/res/GravityOld_new_summer.jpg	280204	a5098641090229537c96b732516fd2b4	
C	GameResources-maps-ui-preview-res-GravityOld_new_winter.jpg	Resources/GameResources/maps/ui/preview/res/GravityOld_new_winter.jpg	370636	81c298d52c79c4dc6be7ba461f8ccf8f	
C	GameResources-maps-ui-preview-res-Gravity_new_summer.jpg	Resources/GameResources/maps/ui/preview/res/Gravity_new_summer.jpg	371528	112ac9b985a8b84157d790d6b0c37270	
C	GameResources-maps-ui-preview-res-Gravity_new_winter.jpg	Resources/GameResources/maps/ui/preview/res/Gravity_new_winter.jpg	235608	8d2879ce5c0de559fc11cbfb8f71bee4	
C	GameResources-maps-ui-preview-res-Gravity_old_summer.jpg	Resources/GameResources/maps/ui/preview/res/Gravity_old_summer.jpg	324888	dcd75a1e0805bd94d455d2605c7277b4	
C	GameResources-maps-ui-preview-res-Gravity_old_winter.jpg	Resources/GameResources/maps/ui/preview/res/Gravity_old_winter.jpg	403720	a4832291eb76612f766b215404f355dd	
C	GameResources-maps-ui-preview-res-Gubakha1100_new_summer.jpg	Resources/GameResources/maps/ui/preview/res/Gubakha1100_new_summer.jpg	366384	85243eb0e5bedd8e37155258f0cdd039	
C	GameResources-maps-ui-preview-res-GubakhaOld_new_summer.jpg	Resources/GameResources/maps/ui/preview/res/GubakhaOld_new_summer.jpg	342764	e1be3ba27ea15654eefbd357d2f31c5d	
C	GameResources-maps-ui-preview-res-GubakhaOld_new_winter.jpg	Resources/GameResources/maps/ui/preview/res/GubakhaOld_new_winter.jpg	375852	76b41cec9a6136320942aa6fb25bbcfb	
C	GameResources-maps-ui-preview-res-GubakhaQuest_new_summer.jpg	Resources/GameResources/maps/ui/preview/res/GubakhaQuest_new_summer.jpg	248148	5e3b3e1f7daf57f94081ff14cb407650	
C	GameResources-maps-ui-preview-res-Gubakha_new_summer.jpg	Resources/GameResources/maps/ui/preview/res/Gubakha_new_summer.jpg	468440	28ee600597d886f17b2d9dad1966234d	
C	GameResources-maps-ui-preview-res-Gubakha_new_winter.jpg	Resources/GameResources/maps/ui/preview/res/Gubakha_new_winter.jpg	372312	0f49dc3f364238121a83fdf63935f2c7	
C	GameResources-maps-ui-preview-res-Gubakha_old_summer.jpg	Resources/GameResources/maps/ui/preview/res/Gubakha_old_summer.jpg	499640	f5266a36e94d0595384e7a8587ac7d0f	
C	GameResources-maps-ui-preview-res-Gubakha_old_winter.jpg	Resources/GameResources/maps/ui/preview/res/Gubakha_old_winter.jpg	545112	e0b3a2450a94e515d25699f2370a593b	
C	GameResources-maps-ui-preview-res-Halloween2013_new_summer.png	Resources/GameResources/maps/ui/preview/res/Halloween2013_new_summer.png	236916	1caee70285e8c8a2292756cc6e52700d	
C	GameResources-maps-ui-preview-res-Halloween2014_new_summer.jpg	Resources/GameResources/maps/ui/preview/res/Halloween2014_new_summer.jpg	338388	1909b5b2af9c1c738527326794cab901	
C	GameResources-maps-ui-preview-res-Halloween2015_new_summer.png	Resources/GameResources/maps/ui/preview/res/Halloween2015_new_summer.png	285732	959ae3e1f435db48106e598cda14a31d	
C	GameResources-maps-ui-preview-res-Halloween2016VektorTv_new_summer.png	Resources/GameResources/maps/ui/preview/res/Halloween2016VektorTv_new_summer.png	230356	b53ec98803b6cd41f5fd0c663984bad4	
C	GameResources-maps-ui-preview-res-Halloween2016_new_summer.png	Resources/GameResources/maps/ui/preview/res/Halloween2016_new_summer.png	226212	fa1b90db67769e35765de6ef4d6cf056	
C	GameResources-maps-ui-preview-res-Halloween2018_new_summer.png	Resources/GameResources/maps/ui/preview/res/Halloween2018_new_summer.png	297524	48970cc9fd11ec2fc8ebbdb667666868	
C	GameResources-maps-ui-preview-res-Halloween2019_new_summer.png	Resources/GameResources/maps/ui/preview/res/Halloween2019_new_summer.png	287092	b1409bc0c346bf4bd866d0063b1a7bd9	
C	GameResources-maps-ui-preview-res-Halloween2020_old_summer.png	Resources/GameResources/maps/ui/preview/res/Halloween2020_old_summer.png	8228	255e6c3be5ec037cabaab48ea2c22765	
C	GameResources-maps-ui-preview-res-Halloween2023Dxxth_new_summer.jpg	Resources/GameResources/maps/ui/preview/res/Halloween2023Dxxth_new_summer.jpg	239772	1e88ebe5407a0b7c71ecdd1c51e426d1	
C	GameResources-maps-ui-preview-res-Halloween2023Errorcg_new_summer.jpg	Resources/GameResources/maps/ui/preview/res/Halloween2023Errorcg_new_summer.jpg	292948	8b84f06c81370220079a1a1ecd59540d	
C	GameResources-maps-ui-preview-res-Halloween2023SandboxMmRemaster_new_autumn.png	Resources/GameResources/maps/ui/preview/res/Halloween2023SandboxMmRemaster_new_autumn.png	426340	756d372a63e702195116203f0604372d	
C	GameResources-maps-ui-preview-res-HalloweenAleksandrovsk_new_summer.png	Resources/GameResources/maps/ui/preview/res/HalloweenAleksandrovsk_new_summer.png	8612	e517615f8d6371531b14ebbfc851e9ac	
C	GameResources-maps-ui-preview-res-HalloweenBarda_new_summer.png	Resources/GameResources/maps/ui/preview/res/HalloweenBarda_new_summer.png	8052	3a3cc070a60359ab41b9d0940c8052d1	
C	GameResources-maps-ui-preview-res-HalloweenBoombox_new_summer.png	Resources/GameResources/maps/ui/preview/res/HalloweenBoombox_new_summer.png	8700	b75dda3476fc3fb47eb06fb5118269d9	
C	GameResources-maps-ui-preview-res-HalloweenFortress_new_summer.png	Resources/GameResources/maps/ui/preview/res/HalloweenFortress_new_summer.png	346492	6d9f88d8104f5a91eed3c896b946ed1a	
C	GameResources-maps-ui-preview-res-HalloweenHighland_new_summer.png	Resources/GameResources/maps/ui/preview/res/HalloweenHighland_new_summer.png	8492	36a34281c5be7da4234074aca5b72b31	
C	GameResources-maps-ui-preview-res-HalloweenHills_new_summer.png	Resources/GameResources/maps/ui/preview/res/HalloweenHills_new_summer.png	7508	108e91775b0c29d86a5207bfd50a4870	
C	GameResources-maps-ui-preview-res-HalloweenLargebridge_new_summer.png	Resources/GameResources/maps/ui/preview/res/HalloweenLargebridge_new_summer.png	8388	0690c15267c6eebfe3edbda84669447c	
C	GameResources-maps-ui-preview-res-HalloweenSandal_new_summer.png	Resources/GameResources/maps/ui/preview/res/HalloweenSandal_new_summer.png	8136	28c584936f9682a46dbb9370bfdbe1a0	
C	GameResources-maps-ui-preview-res-HalloweenSandbox_new_summer.png	Resources/GameResources/maps/ui/preview/res/HalloweenSandbox_new_summer.png	8892	e36226f0939012c9b659b838daba580b	
C	GameResources-maps-ui-preview-res-HalloweenSilence_new_summer.png	Resources/GameResources/maps/ui/preview/res/HalloweenSilence_new_summer.png	8220	1a0affa609e05f58970eb807ac480270	
C	GameResources-maps-ui-preview-res-HalloweenWolfenstein_new_summer.png	Resources/GameResources/maps/ui/preview/res/HalloweenWolfenstein_new_summer.png	8724	061b1ff612f7d365ae5c3831f2c86ec3	
C	GameResources-maps-ui-preview-res-Halloween_old_summer.jpg	Resources/GameResources/maps/ui/preview/res/Halloween_old_summer.jpg	316524	6816ded07b3724afc381bef261258f91	
C	GameResources-maps-ui-preview-res-HangarsOld_new_summer.jpg	Resources/GameResources/maps/ui/preview/res/HangarsOld_new_summer.jpg	417388	dcacf8afbf5669f0014d71fbf98db9f0	
C	GameResources-maps-ui-preview-res-Harino_new_summer.png	Resources/GameResources/maps/ui/preview/res/Harino_new_summer.png	529156	5a4a32d1f2a1e993071f1aa8db0271e0	
C	GameResources-maps-ui-preview-res-HeadspinnersRace_new_summer.png	Resources/GameResources/maps/ui/preview/res/HeadspinnersRace_new_summer.png	386940	5476c5b0b2e4194389823626abd6572a	
C	GameResources-maps-ui-preview-res-Heart_new_summer.jpg	Resources/GameResources/maps/ui/preview/res/Heart_new_summer.jpg	404804	7cda6afcb88f459bd8fb8c78d52e5af5	
C	GameResources-maps-ui-preview-res-Highland2_old_summer.jpg	Resources/GameResources/maps/ui/preview/res/Highland2_old_summer.jpg	539100	c3bea6e60b2833c5bccc3c26958e96a6	
C	GameResources-maps-ui-preview-res-Highland2_old_winter.jpg	Resources/GameResources/maps/ui/preview/res/Highland2_old_winter.jpg	484828	2e006a25d4a4662981a9f4be86aed8d6	
C	GameResources-maps-ui-preview-res-HighlandDemonic_new_summer.jpg	Resources/GameResources/maps/ui/preview/res/HighlandDemonic_new_summer.jpg	239944	795de86c594c62900a72fb7c03f7722a	
C	GameResources-maps-ui-preview-res-HighlandIOld_new_summer.jpg	Resources/GameResources/maps/ui/preview/res/HighlandIOld_new_summer.jpg	363108	bfadbdb846134b16e04bdea010ad6093	
C	GameResources-maps-ui-preview-res-HighlandIOld_new_winter.jpg	Resources/GameResources/maps/ui/preview/res/HighlandIOld_new_winter.jpg	405348	4775aba6249a42d6e03bc598ae77309e	
C	GameResources-maps-ui-preview-res-HighlandIiOld_new_summer.jpg	Resources/GameResources/maps/ui/preview/res/HighlandIiOld_new_summer.jpg	351860	2d6f44387dce7dda4a0bba4c2dab5afb	
C	GameResources-maps-ui-preview-res-HighlandIiOld_new_winter.jpg	Resources/GameResources/maps/ui/preview/res/HighlandIiOld_new_winter.jpg	393684	ac8e8914e0006160a44ac367a6434a52	
C	GameResources-maps-ui-preview-res-HighlandIi_old_summer.png	Resources/GameResources/maps/ui/preview/res/HighlandIi_old_summer.png	6876	746fd3137ec92eb518164860c92c5984	
C	GameResources-maps-ui-preview-res-HighlandIi_old_winter.png	Resources/GameResources/maps/ui/preview/res/HighlandIi_old_winter.png	6812	863e8d1c85e1475851c78b72155842bf	
C	GameResources-maps-ui-preview-res-HighlandMm_new_summer.png	Resources/GameResources/maps/ui/preview/res/HighlandMm_new_summer.png	414300	4c75840216d21e2ce53e9a2ec4213e1e	
C	GameResources-maps-ui-preview-res-HighlandMm_new_winter.png	Resources/GameResources/maps/ui/preview/res/HighlandMm_new_winter.png	414780	45c25e3c401a90ba90e0086f8c0d924f	
C	GameResources-maps-ui-preview-res-HighlandMt_new_summer.jpg	Resources/GameResources/maps/ui/preview/res/HighlandMt_new_summer.jpg	499596	3f797760ab8b0a243664f29e352ba7c1	
C	GameResources-maps-ui-preview-res-HighlandPro_new_winter.jpg	Resources/GameResources/maps/ui/preview/res/HighlandPro_new_winter.jpg	334384	f510a7d5c264c05dacb7f2c03f9e0bc5	
C	GameResources-maps-ui-preview-res-HighlandTlvk_new_winter.png	Resources/GameResources/maps/ui/preview/res/HighlandTlvk_new_winter.png	388788	0fa083305125df046687ab920b6342b6	
C	GameResources-maps-ui-preview-res-Highland_new_summer.jpg	Resources/GameResources/maps/ui/preview/res/Highland_new_summer.jpg	446140	7a074cadc36dc4a32f23d1cf82db93c8	
C	GameResources-maps-ui-preview-res-Highland_new_winter.jpg	Resources/GameResources/maps/ui/preview/res/Highland_new_winter.jpg	472124	b4c425463508e2c81d45c1af5edce87e	
C	GameResources-maps-ui-preview-res-Highland_old_summer.jpg	Resources/GameResources/maps/ui/preview/res/Highland_old_summer.jpg	541100	8b3584246da55847f15cadd722e562c0	
C	GameResources-maps-ui-preview-res-Highway_new_summer.jpg	Resources/GameResources/maps/ui/preview/res/Highway_new_summer.jpg	431144	7d3a8cf3997b5f816e29d2bc0fd79503	
C	GameResources-maps-ui-preview-res-Highway_new_winter.jpg	Resources/GameResources/maps/ui/preview/res/Highway_new_winter.jpg	351832	739ca48d41cffd792a920214fc0a3499	
C	GameResources-maps-ui-preview-res-Highway_old_summer.jpg	Resources/GameResources/maps/ui/preview/res/Highway_old_summer.jpg	505208	3b42d47dc128ebe850f982f095f6f3ce	
C	GameResources-maps-ui-preview-res-Highway_old_winter.jpg	Resources/GameResources/maps/ui/preview/res/Highway_old_winter.jpg	488472	3512dfddc85541bc7f22324f78285119	
C	GameResources-maps-ui-preview-res-Highways1100_new_summer.png	Resources/GameResources/maps/ui/preview/res/Highways1100_new_summer.png	341444	73189eca402f65c6573b2696459c9292	
C	GameResources-maps-ui-preview-res-HighwaysMm_new_summer.png	Resources/GameResources/maps/ui/preview/res/HighwaysMm_new_summer.png	400252	a437b846d7560748c717a9635a7df8e2	
C	GameResources-maps-ui-preview-res-HighwaysMm_new_winter.png	Resources/GameResources/maps/ui/preview/res/HighwaysMm_new_winter.png	356156	f00eeb5c2718c5fa1fa8ee388a553273	
C	GameResources-maps-ui-preview-res-HighwaysOld_new_summer.jpg	Resources/GameResources/maps/ui/preview/res/HighwaysOld_new_summer.jpg	324592	046bc624687f2b4d881539953acaf720	
C	GameResources-maps-ui-preview-res-HighwaysOld_new_winter.jpg	Resources/GameResources/maps/ui/preview/res/HighwaysOld_new_winter.jpg	366048	0bf229b47ea4fefc15b600b975d18f58	
C	GameResources-maps-ui-preview-res-HillMt_new_summer.jpg	Resources/GameResources/maps/ui/preview/res/HillMt_new_summer.jpg	354788	cfdef8260ea096609d78e0c193e596e9	
C	GameResources-maps-ui-preview-res-HillOld_new_summer.jpg	Resources/GameResources/maps/ui/preview/res/HillOld_new_summer.jpg	359352	7b6015df29228ad3146707496edea12f	
C	GameResources-maps-ui-preview-res-HillPro_new_winter.jpg	Resources/GameResources/maps/ui/preview/res/HillPro_new_winter.jpg	303736	f912a6a3e88d3ac5fcc5a8e53edf5b9f	
C	GameResources-maps-ui-preview-res-Hill_new_summer.jpg	Resources/GameResources/maps/ui/preview/res/Hill_new_summer.jpg	503060	f924db4992482d26188575b16986598d	
C	GameResources-maps-ui-preview-res-Hill_new_winter.jpg	Resources/GameResources/maps/ui/preview/res/Hill_new_winter.jpg	386596	a9f3f1291ca5a6ecddb51a9cedb566e4	
C	GameResources-maps-ui-preview-res-Hill_old_summer.jpg	Resources/GameResources/maps/ui/preview/res/Hill_old_summer.jpg	460388	ebf0a70afad0d191010b7dc92638ccf0	
C	GameResources-maps-ui-preview-res-Hills2_new_summer.jpg	Resources/GameResources/maps/ui/preview/res/Hills2_new_summer.jpg	496020	e6eadbf73b990ca1814f8916690a8921	
C	GameResources-maps-ui-preview-res-Hills_new_summer.jpg	Resources/GameResources/maps/ui/preview/res/Hills_new_summer.jpg	519604	0dc5be122f7b8332cc607ed1b5a8ac80	
C	GameResources-maps-ui-preview-res-Home1_new_summer.png	Resources/GameResources/maps/ui/preview/res/Home1_new_summer.png	297460	fe5036ac549ae57fa96d125e913955af	
C	GameResources-maps-ui-preview-res-Home2_new_summer.png	Resources/GameResources/maps/ui/preview/res/Home2_new_summer.png	380100	afc26c84ef88b84bf10bc6232defc667	
C	GameResources-maps-ui-preview-res-HwCastle_new_summer.png	Resources/GameResources/maps/ui/preview/res/HwCastle_new_summer.png	346444	2a639dc0425deca441ce75a224e44d6b	
C	GameResources-maps-ui-preview-res-HwHighland_new_summer.jpg	Resources/GameResources/maps/ui/preview/res/HwHighland_new_summer.jpg	344172	96bd7dabc4160e8e2c901af17b7f7d8c	
C	GameResources-maps-ui-preview-res-HwHills_new_summer.jpg	Resources/GameResources/maps/ui/preview/res/HwHills_new_summer.jpg	226088	cb83b7bb2508c2082ae2897dbbf2d6d1	
C	GameResources-maps-ui-preview-res-IndustrialZoneDemonic_new_summer.jpg	Resources/GameResources/maps/ui/preview/res/IndustrialZoneDemonic_new_summer.jpg	238404	afe84a686f6788c2081ccd7bec9c0f09	
C	GameResources-maps-ui-preview-res-IndustrialZoneGt_old_summer.jpg	Resources/GameResources/maps/ui/preview/res/IndustrialZoneGt_old_summer.jpg	463340	1a04384bbbffe54b4f0746a25b6d5284	
C	GameResources-maps-ui-preview-res-IndustrialZoneMm_new_summer.png	Resources/GameResources/maps/ui/preview/res/IndustrialZoneMm_new_summer.png	380572	0cf327d49b2325b07fcf180c1b616483	
C	GameResources-maps-ui-preview-res-IndustrialZoneMm_new_winter.png	Resources/GameResources/maps/ui/preview/res/IndustrialZoneMm_new_winter.png	370780	61d8f2765b4c81e66321f12d9c8550b8	
C	GameResources-maps-ui-preview-res-IndustrialZoneOld_new_summer.jpg	Resources/GameResources/maps/ui/preview/res/IndustrialZoneOld_new_summer.jpg	418156	44a2b1c180bd87375d3f8ae475168fbb	
C	GameResources-maps-ui-preview-res-IndustrialZoneOld_new_winter.jpg	Resources/GameResources/maps/ui/preview/res/IndustrialZoneOld_new_winter.jpg	417980	3abdd80ff87709b07f0f867b80f808cd	
C	GameResources-maps-ui-preview-res-IndustrialZone_new_summer.jpg	Resources/GameResources/maps/ui/preview/res/IndustrialZone_new_summer.jpg	432516	ec1eeb3d2d7e5272f618fd98f3ea5145	
C	GameResources-maps-ui-preview-res-IndustrialZone_new_winter.jpg	Resources/GameResources/maps/ui/preview/res/IndustrialZone_new_winter.jpg	317236	756d0e4db2fde1e370d7988b51815f1c	
C	GameResources-maps-ui-preview-res-IndustrialZone_old_winter.jpg	Resources/GameResources/maps/ui/preview/res/IndustrialZone_old_winter.jpg	511748	d7e275d87780542e86a28bde977b5c6d	
C	GameResources-maps-ui-preview-res-Industrialzone_old_summer.png	Resources/GameResources/maps/ui/preview/res/Industrialzone_old_summer.png	8180	91eb130399f69169b9dc5e4e617f6870	
C	GameResources-maps-ui-preview-res-IranMm_new_summer.png	Resources/GameResources/maps/ui/preview/res/IranMm_new_summer.png	368212	adae3823a7012f17753573124f407fad	
C	GameResources-maps-ui-preview-res-IranNight_new_winter.jpg	Resources/GameResources/maps/ui/preview/res/IranNight_new_winter.jpg	274076	f7a8ef9152bae5150965fb5f22dd5ad5	
C	GameResources-maps-ui-preview-res-IranOld_new_summer.jpg	Resources/GameResources/maps/ui/preview/res/IranOld_new_summer.jpg	319880	c69441c60e396172f92feb9e254346e6	
C	GameResources-maps-ui-preview-res-Iran_new_summer.jpg	Resources/GameResources/maps/ui/preview/res/Iran_new_summer.jpg	382788	871605c3dfd996e41c5bce1b365666f0	
C	GameResources-maps-ui-preview-res-Iran_old_summer.jpg	Resources/GameResources/maps/ui/preview/res/Iran_old_summer.jpg	386452	900cc7bbf34da8d96f5bbe8bba5dd92f	
C	GameResources-maps-ui-preview-res-IslandGt_new_summer.jpg	Resources/GameResources/maps/ui/preview/res/IslandGt_new_summer.jpg	388076	a7aee4d64943c8c7a0cfba6f69b77964	
C	GameResources-maps-ui-preview-res-IslandMt_new_summer.jpg	Resources/GameResources/maps/ui/preview/res/IslandMt_new_summer.jpg	447980	dfdc78efba303345fa97af622e273ab5	
C	GameResources-maps-ui-preview-res-IslandOldTlvk_new_summer.jpg	Resources/GameResources/maps/ui/preview/res/IslandOldTlvk_new_summer.jpg	279188	2cf7e4fb6ee8009a7f4c236490afdbda	
C	GameResources-maps-ui-preview-res-IslandOld_new_summer.jpg	Resources/GameResources/maps/ui/preview/res/IslandOld_new_summer.jpg	305276	0a31ac7f4919317fb8901382511a8e2e	
C	GameResources-maps-ui-preview-res-IslandOld_new_winter.jpg	Resources/GameResources/maps/ui/preview/res/IslandOld_new_winter.jpg	235436	11fd353af9a7deff7e9333fb8536bd0b	
C	GameResources-maps-ui-preview-res-IslandPro_new_summer.jpg	Resources/GameResources/maps/ui/preview/res/IslandPro_new_summer.jpg	358012	25c6ac4ba741c9ce27c3e1b2eca0d8f6	
C	GameResources-maps-ui-preview-res-IslandPro_new_winter.jpg	Resources/GameResources/maps/ui/preview/res/IslandPro_new_winter.jpg	307116	3f79ef9090d64f5b149141616f87da26	
C	GameResources-maps-ui-preview-res-IslandTlvk_new_summer.png	Resources/GameResources/maps/ui/preview/res/IslandTlvk_new_summer.png	350284	b357728e6eab58ee38391576672dd8ee	
C	GameResources-maps-ui-preview-res-IslandTlvk_new_winter.png	Resources/GameResources/maps/ui/preview/res/IslandTlvk_new_winter.png	353212	c517e49feca00406c023c500d0cb5d20	
C	GameResources-maps-ui-preview-res-Island_new_summer.jpg	Resources/GameResources/maps/ui/preview/res/Island_new_summer.jpg	459588	3de7d3a23ac6cf9ae0f341a2a327ed19	
C	GameResources-maps-ui-preview-res-Island_new_winter.jpg	Resources/GameResources/maps/ui/preview/res/Island_new_winter.jpg	395716	8ba3a7cd1ea726e899b8b749655b9643	
C	GameResources-maps-ui-preview-res-Islands_new_summer.jpg	Resources/GameResources/maps/ui/preview/res/Islands_new_summer.jpg	496344	ea5094292ffd6f73869a9f0f1c4a1be6	
C	GameResources-maps-ui-preview-res-KingdomOld_new_summer.jpg	Resources/GameResources/maps/ui/preview/res/KingdomOld_new_summer.jpg	357020	c4d7b18b198dac348de327e06f00a7bd	
C	GameResources-maps-ui-preview-res-Kingdom_new_summer.jpg	Resources/GameResources/maps/ui/preview/res/Kingdom_new_summer.jpg	497096	f4751458c658b3e63d94ca5465c119eb	
C	GameResources-maps-ui-preview-res-Kolhoz1100_new_summer.jpg	Resources/GameResources/maps/ui/preview/res/Kolhoz1100_new_summer.jpg	387004	2cc343a92a86ecec83597ec6aec40e16	
C	GameResources-maps-ui-preview-res-KolhozOld_new_summer.jpg	Resources/GameResources/maps/ui/preview/res/KolhozOld_new_summer.jpg	516764	db8d00f1f0889b853f9ea973c5ea7a03	
C	GameResources-maps-ui-preview-res-KolhozOld_new_winter.jpg	Resources/GameResources/maps/ui/preview/res/KolhozOld_new_winter.jpg	337980	7dce5ec4df5aecdfd5a9176c758350ab	
C	GameResources-maps-ui-preview-res-Kolhoz_new_summer.jpg	Resources/GameResources/maps/ui/preview/res/Kolhoz_new_summer.jpg	350964	ccbe1e23e88236963c85d5adee7220f0	
C	GameResources-maps-ui-preview-res-Kolhoz_new_winter.jpg	Resources/GameResources/maps/ui/preview/res/Kolhoz_new_winter.jpg	283940	c914e0531c48303d7cdc18131d8a6175	
C	GameResources-maps-ui-preview-res-Kolhoz_old_summer.jpg	Resources/GameResources/maps/ui/preview/res/Kolhoz_old_summer.jpg	563236	caa604a9b8d67834c62cb250cd502cce	
C	GameResources-maps-ui-preview-res-Kolhoz_old_winter.jpg	Resources/GameResources/maps/ui/preview/res/Kolhoz_old_winter.jpg	479124	22417683358b94aa025c2f2c4732c311	
C	GameResources-maps-ui-preview-res-Kolkhoz_new_summer.jpg	Resources/GameResources/maps/ui/preview/res/Kolkhoz_new_summer.jpg	489864	e0dc1a83a4c2b911001e74ef72d73ee8	
C	GameResources-maps-ui-preview-res-Kombinat_new_summer.jpg	Resources/GameResources/maps/ui/preview/res/Kombinat_new_summer.jpg	534668	1c29bf3fde44a35dca82226b50af15c6	
C	GameResources-maps-ui-preview-res-Kungur1100_new_summer.jpg	Resources/GameResources/maps/ui/preview/res/Kungur1100_new_summer.jpg	388060	4e259889786cdc597bb14dfee60896a5	
C	GameResources-maps-ui-preview-res-KungurMm_new_summer.png	Resources/GameResources/maps/ui/preview/res/KungurMm_new_summer.png	494364	1253c7c01d56bd1ceb013bbc09daf1df	
C	GameResources-maps-ui-preview-res-KungurMm_new_winter.png	Resources/GameResources/maps/ui/preview/res/KungurMm_new_winter.png	385660	27c64a2bd01e74bcd1463a27c04386a9	
C	GameResources-maps-ui-preview-res-KungurOld_new_summer.jpg	Resources/GameResources/maps/ui/preview/res/KungurOld_new_summer.jpg	478204	a69b37c59fdedfcc1d0eba7c8aa43d46	
C	GameResources-maps-ui-preview-res-KungurOld_new_winter.jpg	Resources/GameResources/maps/ui/preview/res/KungurOld_new_winter.jpg	328284	fc5aea267a46218a18e8b9d0263d12d1	
C	GameResources-maps-ui-preview-res-KungurTx_new_summer.png	Resources/GameResources/maps/ui/preview/res/KungurTx_new_summer.png	660620	84135d8f6cfa8da4535f14417de98a7e	
C	GameResources-maps-ui-preview-res-Kungur_new_summer.jpg	Resources/GameResources/maps/ui/preview/res/Kungur_new_summer.jpg	594052	30d8b4edbceb8e845cf2074fa523dd90	
C	GameResources-maps-ui-preview-res-Kungur_new_winter.jpg	Resources/GameResources/maps/ui/preview/res/Kungur_new_winter.jpg	420644	276a52dec418462efb975f03643061d6	
C	GameResources-maps-ui-preview-res-Kungur_old_summer.jpg	Resources/GameResources/maps/ui/preview/res/Kungur_old_summer.jpg	543972	110e8e84c16b65c392a24bde289b2513	
C	GameResources-maps-ui-preview-res-Kungur_old_winter.jpg	Resources/GameResources/maps/ui/preview/res/Kungur_old_winter.jpg	508996	9f5558a9f36f40d90443db2a56ae7ec4	
C	GameResources-maps-ui-preview-res-Kurgan_new_summer.png	Resources/GameResources/maps/ui/preview/res/Kurgan_new_summer.png	487796	b18ff734c4efca772208bcb9c57d96aa	
C	GameResources-maps-ui-preview-res-LabyrinthOld_new_summer.jpg	Resources/GameResources/maps/ui/preview/res/LabyrinthOld_new_summer.jpg	358708	c8fa9cf7d8eaf908b0c38847564b7720	
C	GameResources-maps-ui-preview-res-Larks_new_summer.jpg	Resources/GameResources/maps/ui/preview/res/Larks_new_summer.jpg	451620	2a03a3fa04419f5c6c1877b194c8bc27	
C	GameResources-maps-ui-preview-res-LegacyTlvk_new_summer.jpg	Resources/GameResources/maps/ui/preview/res/LegacyTlvk_new_summer.jpg	474908	b9b91f5094d08a74fb2b9a2bf31b3fc1	
C	GameResources-maps-ui-preview-res-Legacy_new_summer.jpg	Resources/GameResources/maps/ui/preview/res/Legacy_new_summer.jpg	474884	78276fa18e7efbba98ac05dfa2a7aaba	
C	GameResources-maps-ui-preview-res-Legacy_old_summer.jpg	Resources/GameResources/maps/ui/preview/res/Legacy_old_summer.jpg	445428	b68b19149062c6448b6504d7e10d5ee1	
C	GameResources-maps-ui-preview-res-LostTemple1100_new_summer.png	Resources/GameResources/maps/ui/preview/res/LostTemple1100_new_summer.png	430404	588f60e98d6adb11a05e9e54e8212695	
C	GameResources-maps-ui-preview-res-LostTempleOld_new_summer.jpg	Resources/GameResources/maps/ui/preview/res/LostTempleOld_new_summer.jpg	421428	53e62e08984bffb2cc366866a8849035	
C	GameResources-maps-ui-preview-res-LostTempleOld_new_winter.jpg	Resources/GameResources/maps/ui/preview/res/LostTempleOld_new_winter.jpg	346004	165ce191f20ebea91c704128135e0321	
C	GameResources-maps-ui-preview-res-LostTempleTlvk_new_summer.png	Resources/GameResources/maps/ui/preview/res/LostTempleTlvk_new_summer.png	457028	7ba6c8d56e02f47e71566ec4c2c24f14	
C	GameResources-maps-ui-preview-res-LostTempleTlvk_new_winter.png	Resources/GameResources/maps/ui/preview/res/LostTempleTlvk_new_winter.png	390596	0cc75a4159455bc8c10465121d1ff65e	
C	GameResources-maps-ui-preview-res-Losttemple_new_summer.jpg	Resources/GameResources/maps/ui/preview/res/Losttemple_new_summer.jpg	491692	4e6fb2675a183d2f4391054acd75576f	
C	GameResources-maps-ui-preview-res-Losttemple_new_winter.jpg	Resources/GameResources/maps/ui/preview/res/Losttemple_new_winter.jpg	446412	db5e5aa2a8b1e10a8a636c5cf97806f1	
C	GameResources-maps-ui-preview-res-Losttemple_old_summer.jpg	Resources/GameResources/maps/ui/preview/res/Losttemple_old_summer.jpg	488204	144139021edf46f51c0e61a312d010d4	
C	GameResources-maps-ui-preview-res-Losttemple_old_winter.jpg	Resources/GameResources/maps/ui/preview/res/Losttemple_old_winter.jpg	461084	f20f0dc66d59ee38a24e076057d28349	
C	GameResources-maps-ui-preview-res-LuxembourgMm_new_summer.png	Resources/GameResources/maps/ui/preview/res/LuxembourgMm_new_summer.png	431492	10d44508e0cc657f748c1c30e16bba5f	
C	GameResources-maps-ui-preview-res-LuxembourgMm_new_winter.png	Resources/GameResources/maps/ui/preview/res/LuxembourgMm_new_winter.png	383428	461f268fdb6fb4f36e5e0b5e21ed9c06	
C	GameResources-maps-ui-preview-res-Luxembourg_new_summer.png	Resources/GameResources/maps/ui/preview/res/Luxembourg_new_summer.png	417468	dfa3422ee63aa2f67791de42e1c631b6	
C	GameResources-maps-ui-preview-res-Luxembourg_new_winter.png	Resources/GameResources/maps/ui/preview/res/Luxembourg_new_winter.png	383420	7925149e021f40418bcb08a1a7c95ede	
C	GameResources-maps-ui-preview-res-MadnessMt_new_summer.jpg	Resources/GameResources/maps/ui/preview/res/MadnessMt_new_summer.jpg	447196	4f7393fe1c3a839d6fbe0ee24b335a6b	
C	GameResources-maps-ui-preview-res-MadnessOld_new_summer.png	Resources/GameResources/maps/ui/preview/res/MadnessOld_new_summer.png	322828	aa5d4a9617e3289ed36c5562aa0e88ad	
C	GameResources-maps-ui-preview-res-MadnessSpace_new_summer.jpg	Resources/GameResources/maps/ui/preview/res/MadnessSpace_new_summer.jpg	406804	3440b7bdaf1221bc158502742180e660	
C	GameResources-maps-ui-preview-res-MadnessTlvk_new_summer.png	Resources/GameResources/maps/ui/preview/res/MadnessTlvk_new_summer.png	323440	eabe26d0514532a92b92f2b7448aee8e	
C	GameResources-maps-ui-preview-res-Madness_new_summer.jpg	Resources/GameResources/maps/ui/preview/res/Madness_new_summer.jpg	384680	fd45a563491b6c9e1bbeb19b16d1a3d2	
C	GameResources-maps-ui-preview-res-Madness_new_winter.jpg	Resources/GameResources/maps/ui/preview/res/Madness_new_winter.jpg	488872	c79f2f12b3692ac3b052bd302c4cabd6	
C	GameResources-maps-ui-preview-res-Madness_old_summer.jpg	Resources/GameResources/maps/ui/preview/res/Madness_old_summer.jpg	403192	6d9b07a5bca12e83e50e30fc9326dc79	
C	GameResources-maps-ui-preview-res-Magadan1100_new_summer.jpg	Resources/GameResources/maps/ui/preview/res/Magadan1100_new_summer.jpg	382656	bfed05cea7a702c35b404f12d14dcc33	
C	GameResources-maps-ui-preview-res-MagadanOld_new_summer.jpg	Resources/GameResources/maps/ui/preview/res/MagadanOld_new_summer.jpg	416028	acf55e0d34cdf5f367c72b77b076fc18	
C	GameResources-maps-ui-preview-res-MagadanOld_new_winter.jpg	Resources/GameResources/maps/ui/preview/res/MagadanOld_new_winter.jpg	319788	18d3418551cc64a277946d5e2739aab7	
C	GameResources-maps-ui-preview-res-Magadan_new_summer.jpg	Resources/GameResources/maps/ui/preview/res/Magadan_new_summer.jpg	430072	da4d4be9c48be1bac1085793321b10e3	
C	GameResources-maps-ui-preview-res-Magadan_new_winter.jpg	Resources/GameResources/maps/ui/preview/res/Magadan_new_winter.jpg	340088	bc8cb5ded0a8091fc0dd7144479dab31	
C	GameResources-maps-ui-preview-res-Magadan_old_summer.jpg	Resources/GameResources/maps/ui/preview/res/Magadan_old_summer.jpg	549368	02f4e7e0afcdb899c735f8e4561d8929	
C	GameResources-maps-ui-preview-res-Magadan_old_winter.jpg	Resources/GameResources/maps/ui/preview/res/Magadan_old_winter.jpg	521720	1b48d05d76f0666d561c53836c1b92aa	
C	GameResources-maps-ui-preview-res-Magistral1100_new_summer.png	Resources/GameResources/maps/ui/preview/res/Magistral1100_new_summer.png	383924	99206f6c52d773d01abaa40765d39c17	
C	GameResources-maps-ui-preview-res-MagistralMm_new_summer.png	Resources/GameResources/maps/ui/preview/res/MagistralMm_new_summer.png	452384	9c1eddc00fd0ae1b9455d98768fc5c8a	
C	GameResources-maps-ui-preview-res-MagistralMm_new_winter.png	Resources/GameResources/maps/ui/preview/res/MagistralMm_new_winter.png	342944	6b28434449dea1d7e5e2e91dda3980fa	
C	GameResources-maps-ui-preview-res-MagistralOld_new_summer.jpg	Resources/GameResources/maps/ui/preview/res/MagistralOld_new_summer.jpg	366612	4468739fe3d3ccc905a908154d11e249	
C	GameResources-maps-ui-preview-res-MagistralOld_new_winter.jpg	Resources/GameResources/maps/ui/preview/res/MagistralOld_new_winter.jpg	300820	9ff05fd5a0c59914cf97158b891700a2	
C	GameResources-maps-ui-preview-res-Magistral_new_summer.jpg	Resources/GameResources/maps/ui/preview/res/Magistral_new_summer.jpg	435884	8c4ba2699483f9286f0d92ec6445b041	
C	GameResources-maps-ui-preview-res-Magistral_new_winter.jpg	Resources/GameResources/maps/ui/preview/res/Magistral_new_winter.jpg	400764	9fdfb0bae4d7863123e48530ee2719b8	
C	GameResources-maps-ui-preview-res-Magistral_old_summer.jpg	Resources/GameResources/maps/ui/preview/res/Magistral_old_summer.jpg	453052	a0b450e7636b91076535266fbce3e920	
C	GameResources-maps-ui-preview-res-Magistral_old_winter.jpg	Resources/GameResources/maps/ui/preview/res/Magistral_old_winter.jpg	423340	4607c512aef71e7e8579d82eb823423d	
C	GameResources-maps-ui-preview-res-Manage_new_summer.jpg	Resources/GameResources/maps/ui/preview/res/Manage_new_summer.jpg	429332	248f36865b1e290dc92a6376613532cf	
C	GameResources-maps-ui-preview-res-Map1Old_new_summer.jpg	Resources/GameResources/maps/ui/preview/res/Map1Old_new_summer.jpg	379752	76184e1cf00ce31a9762e15d4504d5f0	
C	GameResources-maps-ui-preview-res-MapOld_new_summer.jpg	Resources/GameResources/maps/ui/preview/res/MapOld_new_summer.jpg	434276	814075d4738d24063241e56e1947851b	
C	GameResources-maps-ui-preview-res-Map_new_summer.png	Resources/GameResources/maps/ui/preview/res/Map_new_summer.png	286304	ff8a1614621f54469f6726c4da321c38	
C	GameResources-maps-ui-preview-res-MassacreMm_new_summer.png	Resources/GameResources/maps/ui/preview/res/MassacreMm_new_summer.png	439708	8a87993a26d2a37d75bc09faf26d17e9	
C	GameResources-maps-ui-preview-res-MassacreMm_new_winter.png	Resources/GameResources/maps/ui/preview/res/MassacreMm_new_winter.png	380956	b2101f1f9fa5efd9e51c6430e9f2c3b6	
C	GameResources-maps-ui-preview-res-MassacreMt_new_summer.jpg	Resources/GameResources/maps/ui/preview/res/MassacreMt_new_summer.jpg	609420	3b53e1e64b343fce2a90fdcb916d27c0	
C	GameResources-maps-ui-preview-res-MassacreOld_new_summer.jpg	Resources/GameResources/maps/ui/preview/res/MassacreOld_new_summer.jpg	343040	39c3b5c2ac60790d602ffeb2f133842c	
C	GameResources-maps-ui-preview-res-MassacreOld_new_winter.jpg	Resources/GameResources/maps/ui/preview/res/MassacreOld_new_winter.jpg	296912	10665b40db370e789d6c2fdf531b79c9	
C	GameResources-maps-ui-preview-res-MassacrePro_new_winter.jpg	Resources/GameResources/maps/ui/preview/res/MassacrePro_new_winter.jpg	299696	dcded33ae419defaff0e0f13d53f3e1c	
C	GameResources-maps-ui-preview-res-Massacre_new_summer.jpg	Resources/GameResources/maps/ui/preview/res/Massacre_new_summer.jpg	330332	fa86c514c431516535e0eff2bbb1171b	
C	GameResources-maps-ui-preview-res-Massacre_new_winter.jpg	Resources/GameResources/maps/ui/preview/res/Massacre_new_winter.jpg	419116	687f86b1d05fcdcb6ec39573a16be28f	
C	GameResources-maps-ui-preview-res-Massacre_old_summer.jpg	Resources/GameResources/maps/ui/preview/res/Massacre_old_summer.jpg	430204	b170509b0c413a4f5cbd2e14651304ad	
C	GameResources-maps-ui-preview-res-Medyanka_new_summer.png	Resources/GameResources/maps/ui/preview/res/Medyanka_new_summer.png	499148	31536194194ce27c83d48d0d8c90bf8e	
C	GameResources-maps-ui-preview-res-Megaprops1Old_new_summer.jpg	Resources/GameResources/maps/ui/preview/res/Megaprops1Old_new_summer.jpg	239284	1baaffa07b142d4e7ac1430edddee109	
C	GameResources-maps-ui-preview-res-Megaprops2Old_new_summer.jpg	Resources/GameResources/maps/ui/preview/res/Megaprops2Old_new_summer.jpg	219508	c628cccd2a1a3d68f5a6d724814a6d6a	
C	GameResources-maps-ui-preview-res-Mine_new_summer.jpg	Resources/GameResources/maps/ui/preview/res/Mine_new_summer.jpg	524804	1fb7465305a00c3aa923f52cc1eb1d65	
C	GameResources-maps-ui-preview-res-Minecraft_new_summer.jpg	Resources/GameResources/maps/ui/preview/res/Minecraft_new_summer.jpg	382908	abccd69529d9a96f63c3770fc809be15	
C	GameResources-maps-ui-preview-res-MiniBrestOld_new_summer.jpg	Resources/GameResources/maps/ui/preview/res/MiniBrestOld_new_summer.jpg	298084	76c10b4329d93848bf9302ce65c252c6	
C	GameResources-maps-ui-preview-res-Molotov1100_new_summer.jpg	Resources/GameResources/maps/ui/preview/res/Molotov1100_new_summer.jpg	342512	898ba7568212a555a1ca3b8f67a1b52e	
C	GameResources-maps-ui-preview-res-MolotovMm_new_summer.png	Resources/GameResources/maps/ui/preview/res/MolotovMm_new_summer.png	499052	737ee8036b2ae19d55fdfbb8ae4a8ecb	
C	GameResources-maps-ui-preview-res-MolotovMm_new_winter.png	Resources/GameResources/maps/ui/preview/res/MolotovMm_new_winter.png	412828	6f4704421cca6e8122749e03a8665b20	
C	GameResources-maps-ui-preview-res-MolotovOld_new_summer.jpg	Resources/GameResources/maps/ui/preview/res/MolotovOld_new_summer.jpg	417308	2aa7890617acb68925af0b20cf61ae8c	
C	GameResources-maps-ui-preview-res-MolotovOld_new_winter.jpg	Resources/GameResources/maps/ui/preview/res/MolotovOld_new_winter.jpg	301500	4bf05c3b2919985ac2238542aeee401b	
C	GameResources-maps-ui-preview-res-Molotov_new_summer.jpg	Resources/GameResources/maps/ui/preview/res/Molotov_new_summer.jpg	548968	4d64640bee909873bc8a52f09453578b	
C	GameResources-maps-ui-preview-res-Molotov_new_winter.jpg	Resources/GameResources/maps/ui/preview/res/Molotov_new_winter.jpg	289928	ec5b5db62215be250d383fad1a24aabc	
C	GameResources-maps-ui-preview-res-Molotov_old_summer.jpg	Resources/GameResources/maps/ui/preview/res/Molotov_old_summer.jpg	526488	fefd118dafbe605c9260a0b0af329790	
C	GameResources-maps-ui-preview-res-Molotov_old_winter.jpg	Resources/GameResources/maps/ui/preview/res/Molotov_old_winter.jpg	495992	b7348e272082237c36458230ebbd6398	
C	GameResources-maps-ui-preview-res-MonteCarlo1100_new_summer.jpg	Resources/GameResources/maps/ui/preview/res/MonteCarlo1100_new_summer.jpg	311620	8ff0200a9cd858735e1301cc7ead54a1	
C	GameResources-maps-ui-preview-res-MonteCarloOld_new_summer.jpg	Resources/GameResources/maps/ui/preview/res/MonteCarloOld_new_summer.jpg	239988	139b566a2a8a361d387bc8dc3e986e59	
C	GameResources-maps-ui-preview-res-MonteCarloOld_new_winter.jpg	Resources/GameResources/maps/ui/preview/res/MonteCarloOld_new_winter.jpg	281844	c9cdfec61ce4cec246c2e1804ce5303c	
C	GameResources-maps-ui-preview-res-MonteCarloTlvk_new_summer.png	Resources/GameResources/maps/ui/preview/res/MonteCarloTlvk_new_summer.png	362484	36f7671b94fdb0bea4ef8602e101b9fb	
C	GameResources-maps-ui-preview-res-MonteCarloTlvk_new_winter.png	Resources/GameResources/maps/ui/preview/res/MonteCarloTlvk_new_winter.png	291972	b781f09af0f59e799474aeab409d942a	
C	GameResources-maps-ui-preview-res-MonteCarlo_new_summer.jpg	Resources/GameResources/maps/ui/preview/res/MonteCarlo_new_summer.jpg	344636	676488977082e04f0988ac7b452f298c	
C	GameResources-maps-ui-preview-res-MontecarloMt_new_summer.jpg	Resources/GameResources/maps/ui/preview/res/MontecarloMt_new_summer.jpg	281940	429aed6d4730156d16e58913bb3a6804	
C	GameResources-maps-ui-preview-res-Montecarlo_new_summer.jpg	Resources/GameResources/maps/ui/preview/res/Montecarlo_new_summer.jpg	327308	74cf52f80d23edca80c144d769f644ba	
C	GameResources-maps-ui-preview-res-Montecarlo_new_winter.jpg	Resources/GameResources/maps/ui/preview/res/Montecarlo_new_winter.jpg	229708	4dd52b0b744ad29af9a365faf0bc5147	
C	GameResources-maps-ui-preview-res-Montecarlo_old_summer.jpg	Resources/GameResources/maps/ui/preview/res/Montecarlo_old_summer.jpg	373212	2cdf5d77925e29ae56c12d761401c7bd	
C	GameResources-maps-ui-preview-res-Montecarlo_old_winter.jpg	Resources/GameResources/maps/ui/preview/res/Montecarlo_old_winter.jpg	395292	a18f99d96f674a5e7237ead628c7d7de	
C	GameResources-maps-ui-preview-res-MoonSilenceTlvk_new_summer.png	Resources/GameResources/maps/ui/preview/res/MoonSilenceTlvk_new_summer.png	322072	2433ccafbeb70d2a597be9804f420919	
C	GameResources-maps-ui-preview-res-MoonSilence_new_summer.jpg	Resources/GameResources/maps/ui/preview/res/MoonSilence_new_summer.jpg	525504	747e209bf550e6796eff74ff224a9bbf	
C	GameResources-maps-ui-preview-res-Moon_new_summer.jpg	Resources/GameResources/maps/ui/preview/res/Moon_new_summer.jpg	379380	e9c0c69688d0036afa5bb2acda83ae85	
C	GameResources-maps-ui-preview-res-NewKungurOld_new_summer.jpg	Resources/GameResources/maps/ui/preview/res/NewKungurOld_new_summer.jpg	384708	8ef512ded19a3cfdddf4c186eddd92ce	
C	GameResources-maps-ui-preview-res-NewPropsOld_new_summer.jpg	Resources/GameResources/maps/ui/preview/res/NewPropsOld_new_summer.jpg	381968	3e5b1fb7d84cee82d2322fbbcbd8b595	
C	GameResources-maps-ui-preview-res-NewSandboxOld_new_summer.png	Resources/GameResources/maps/ui/preview/res/NewSandboxOld_new_summer.png	330980	341097590064ed2bf9496b1170c365f7	
C	GameResources-maps-ui-preview-res-NewTributeOld_new_summer.jpg	Resources/GameResources/maps/ui/preview/res/NewTributeOld_new_summer.jpg	426324	399757ee4d851e1c0189a0017e0a9f4d	
C	GameResources-maps-ui-preview-res-NewYear2011_new_winter.png	Resources/GameResources/maps/ui/preview/res/NewYear2011_new_winter.png	286336	b20eabf54f2509fb67f3645b5e04a0b8	
C	GameResources-maps-ui-preview-res-NewYear2012_new_winter.jpg	Resources/GameResources/maps/ui/preview/res/NewYear2012_new_winter.jpg	357296	297243ec449abab74d16ead9026d1ddd	
C	GameResources-maps-ui-preview-res-NewYear2013_new_winter.png	Resources/GameResources/maps/ui/preview/res/NewYear2013_new_winter.png	370784	b6c449c2262f280eb2948d1b68eb532a	
C	GameResources-maps-ui-preview-res-NewYear2014_new_winter.png	Resources/GameResources/maps/ui/preview/res/NewYear2014_new_winter.png	347168	c91d943061621f8158cfa21366e2f7f9	
C	GameResources-maps-ui-preview-res-NewYear2015Sandbox_new_winter.png	Resources/GameResources/maps/ui/preview/res/NewYear2015Sandbox_new_winter.png	340588	a5c836a4703f61bba3b8584e70ddf70f	
C	GameResources-maps-ui-preview-res-NewYear2015_new_winter.png	Resources/GameResources/maps/ui/preview/res/NewYear2015_new_winter.png	352128	55535a9c091fe6cccf01b590d32ed2b7	
C	GameResources-maps-ui-preview-res-NewYear20162017_new_winter.png	Resources/GameResources/maps/ui/preview/res/NewYear20162017_new_winter.png	378824	961a9e73ea4aa0be653aaeff1f04ff28	
C	GameResources-maps-ui-preview-res-NewYear2018_new_winter.png	Resources/GameResources/maps/ui/preview/res/NewYear2018_new_winter.png	354944	1919b00a042b1e6acc0bb4298d9a118f	
C	GameResources-maps-ui-preview-res-NewYear2021_new_winter.png	Resources/GameResources/maps/ui/preview/res/NewYear2021_new_winter.png	112384	db7ada0fabdfbb93a32415bdc1f4c99e	
C	GameResources-maps-ui-preview-res-NewYear2022_new_winter.png	Resources/GameResources/maps/ui/preview/res/NewYear2022_new_winter.png	393920	f686c1204f6ecdcffd6dd9aec92e0024	
C	GameResources-maps-ui-preview-res-NewYearYorkshir_new_summer.jpg	Resources/GameResources/maps/ui/preview/res/NewYearYorkshir_new_summer.jpg	355368	413a1d96b751d2a276c1c85336f1a2b6	
C	GameResources-maps-ui-preview-res-NoiseMt_new_summer.jpg	Resources/GameResources/maps/ui/preview/res/NoiseMt_new_summer.jpg	429544	f76efb3cf8e2c6a5c6cc37b7fe7217f3	
C	GameResources-maps-ui-preview-res-NoiseOld_new_summer.jpg	Resources/GameResources/maps/ui/preview/res/NoiseOld_new_summer.jpg	344492	c3e631f40ef577b7b5031ded22466f02	
C	GameResources-maps-ui-preview-res-NoiseOld_new_winter.jpg	Resources/GameResources/maps/ui/preview/res/NoiseOld_new_winter.jpg	378940	886a8da38ef44a674afc73bea28d4ddb	
C	GameResources-maps-ui-preview-res-NoiseSpace_old_winter.png	Resources/GameResources/maps/ui/preview/res/NoiseSpace_old_winter.png	8220	eae9278ef1188bdadf819602c5cd3b32	
C	GameResources-maps-ui-preview-res-Noise_new_summer.jpg	Resources/GameResources/maps/ui/preview/res/Noise_new_summer.jpg	420068	ee59eb03d3e6f6d6d897fe671f244b85	
C	GameResources-maps-ui-preview-res-Noise_new_winter.jpg	Resources/GameResources/maps/ui/preview/res/Noise_new_winter.jpg	362372	a21535041c39ad1db1b1c5fca8fecfdf	
C	GameResources-maps-ui-preview-res-Noise_old_summer.jpg	Resources/GameResources/maps/ui/preview/res/Noise_old_summer.jpg	466484	64f0ca120021ea9356cf0693cbabf19c	
C	GameResources-maps-ui-preview-res-Noise_old_winter.jpg	Resources/GameResources/maps/ui/preview/res/Noise_old_winter.jpg	474388	fbef00bb1b4c0f54bfdbe740e408a0e6	
C	GameResources-maps-ui-preview-res-NovelMt_new_summer.jpg	Resources/GameResources/maps/ui/preview/res/NovelMt_new_summer.jpg	521240	bce8fb2d7344411921b7c9968df9aa45	
C	GameResources-maps-ui-preview-res-NovelOld_new_summer.jpg	Resources/GameResources/maps/ui/preview/res/NovelOld_new_summer.jpg	381772	b7e86d7af3ff4cfd42ec92c69b268a35	
C	GameResources-maps-ui-preview-res-NovelOld_new_winter.jpg	Resources/GameResources/maps/ui/preview/res/NovelOld_new_winter.jpg	417164	33f36986febd36c0785aa12884658d23	
C	GameResources-maps-ui-preview-res-Novel_new_summer.jpg	Resources/GameResources/maps/ui/preview/res/Novel_new_summer.jpg	474916	0af3e84202eabb3b860f2134aa809264	
C	GameResources-maps-ui-preview-res-Novel_new_winter.jpg	Resources/GameResources/maps/ui/preview/res/Novel_new_winter.jpg	392820	0653b7c54b7abeeae4deb5d4ef79a9d3	
C	GameResources-maps-ui-preview-res-Novel_old_summer.jpg	Resources/GameResources/maps/ui/preview/res/Novel_old_summer.jpg	554084	c393517b121bda0228dbf44edcc2c26c	
C	GameResources-maps-ui-preview-res-Novel_old_winter.jpg	Resources/GameResources/maps/ui/preview/res/Novel_old_winter.jpg	470484	a92be1076b530fa7acb533fbd7dd3795	
C	GameResources-maps-ui-preview-res-Ny2021_old_summer.png	Resources/GameResources/maps/ui/preview/res/Ny2021_old_summer.png	229508	91ea95dea9549dc3ace50c1d44177eff	
C	GameResources-maps-ui-preview-res-NyAleksandrovsk_new_summer.jpg	Resources/GameResources/maps/ui/preview/res/NyAleksandrovsk_new_summer.jpg	450280	8161012a701af31c8cc12c78bb6f1215	
C	GameResources-maps-ui-preview-res-NyBoombox_new_summer.jpg	Resources/GameResources/maps/ui/preview/res/NyBoombox_new_summer.jpg	301148	70cf67fd1f867432fd8137f74f6117a0	
C	GameResources-maps-ui-preview-res-NyCastle_new_summer.jpg	Resources/GameResources/maps/ui/preview/res/NyCastle_new_summer.jpg	371500	cf152cb0714e54c6d8e2fe4495b35882	
C	GameResources-maps-ui-preview-res-NyIsland_new_summer.jpg	Resources/GameResources/maps/ui/preview/res/NyIsland_new_summer.jpg	411516	9a6666c696dde502b8dee9c6edd38246	
C	GameResources-maps-ui-preview-res-NyMegahill_new_summer.jpg	Resources/GameResources/maps/ui/preview/res/NyMegahill_new_summer.jpg	312652	b9992b8f953788bdf2e560543ed60d2f	
C	GameResources-maps-ui-preview-res-NyTrassa_new_summer.jpg	Resources/GameResources/maps/ui/preview/res/NyTrassa_new_summer.jpg	358748	d459a2d6ce13cbfa096b9429d06fdc54	
C	GameResources-maps-ui-preview-res-NyYorkshire_new_summer.jpg	Resources/GameResources/maps/ui/preview/res/NyYorkshire_new_summer.jpg	402544	cea5567414080e95eae8a0b1cb9a0847	
C	GameResources-maps-ui-preview-res-OldHarbor_new_summer.png	Resources/GameResources/maps/ui/preview/res/OldHarbor_new_summer.png	378028	d588d03ca147d8826e2d04f10f5c16e3	
C	GameResources-maps-ui-preview-res-OppositionOld_new_summer.jpg	Resources/GameResources/maps/ui/preview/res/OppositionOld_new_summer.jpg	382532	0ecfb871b46c6d6fe1635696f827a8a2	
C	GameResources-maps-ui-preview-res-OppositionOld_new_winter.jpg	Resources/GameResources/maps/ui/preview/res/OppositionOld_new_winter.jpg	398884	790c437f6a990d20f5fb3bf3f60e5899	
C	GameResources-maps-ui-preview-res-Opposition_new_summer.jpg	Resources/GameResources/maps/ui/preview/res/Opposition_new_summer.jpg	407564	17205700a326f89d2bf1ae8ae9bb7665	
C	GameResources-maps-ui-preview-res-Opposition_new_winter.jpg	Resources/GameResources/maps/ui/preview/res/Opposition_new_winter.jpg	357532	7421a53db6b2e9256801cc59d74df83f	
C	GameResources-maps-ui-preview-res-Opposition_old_summer.jpg	Resources/GameResources/maps/ui/preview/res/Opposition_old_summer.jpg	487404	b3137ef3cb85aecbde85c969eac25911	
C	GameResources-maps-ui-preview-res-Opposition_old_winter.jpg	Resources/GameResources/maps/ui/preview/res/Opposition_old_winter.jpg	472748	4b879b54bbe81bd425ef1f260617bbcc	
C	GameResources-maps-ui-preview-res-Osa1100_new_summer.jpg	Resources/GameResources/maps/ui/preview/res/Osa1100_new_summer.jpg	370184	2645a12d98e7adaef4df6277d74d2f31	
C	GameResources-maps-ui-preview-res-OsaMm_new_summer.png	Resources/GameResources/maps/ui/preview/res/OsaMm_new_summer.png	448708	ebc19d25f0a94992efbe089a6b4908f8	
C	GameResources-maps-ui-preview-res-OsaMm_new_winter.png	Resources/GameResources/maps/ui/preview/res/OsaMm_new_winter.png	351828	a192f013be77dd9cc592d242c00b2c11	
C	GameResources-maps-ui-preview-res-OsaOld_new_summer.jpg	Resources/GameResources/maps/ui/preview/res/OsaOld_new_summer.jpg	347636	e09647f588adc6492708aa0b541d2712	
C	GameResources-maps-ui-preview-res-OsaOld_new_winter.jpg	Resources/GameResources/maps/ui/preview/res/OsaOld_new_winter.jpg	335316	27b2d084ba44b1a699fd2ca7c57032b6	
C	GameResources-maps-ui-preview-res-Osa_new_summer.jpg	Resources/GameResources/maps/ui/preview/res/Osa_new_summer.jpg	429408	162ba272a66a25c84852cbafeac3d304	
C	GameResources-maps-ui-preview-res-Osa_new_winter.jpg	Resources/GameResources/maps/ui/preview/res/Osa_new_winter.jpg	361504	472d0093ec0f6d69e9180434948740be	
C	GameResources-maps-ui-preview-res-Osa_old_summer.jpg	Resources/GameResources/maps/ui/preview/res/Osa_old_summer.jpg	498032	c1eeb7416aacffd734088992273d9cb5	
C	GameResources-maps-ui-preview-res-Osa_old_winter.jpg	Resources/GameResources/maps/ui/preview/res/Osa_old_winter.jpg	529264	3434a8cbdaf365d0131faf5f10b82340	
C	GameResources-maps-ui-preview-res-Parma1100_new_summer.jpg	Resources/GameResources/maps/ui/preview/res/Parma1100_new_summer.jpg	367756	afbbf50c612aa5d16897d49cb14159ed	
C	GameResources-maps-ui-preview-res-ParmaMm_new_summer.png	Resources/GameResources/maps/ui/preview/res/ParmaMm_new_summer.png	472664	080035b3d498c72086a509e29286b33a	
C	GameResources-maps-ui-preview-res-ParmaMm_new_winter.png	Resources/GameResources/maps/ui/preview/res/ParmaMm_new_winter.png	343608	5b6d80acd3b883eb1bd56367cce0665f	
C	GameResources-maps-ui-preview-res-ParmaOld_new_summer.jpg	Resources/GameResources/maps/ui/preview/res/ParmaOld_new_summer.jpg	347980	6107b996864d8771f09196cff113ea92	
C	GameResources-maps-ui-preview-res-ParmaOld_new_winter.jpg	Resources/GameResources/maps/ui/preview/res/ParmaOld_new_winter.jpg	370412	14b565708df5b589cfe1e51a4d1a384d	
C	GameResources-maps-ui-preview-res-Parma_new_summer.jpg	Resources/GameResources/maps/ui/preview/res/Parma_new_summer.jpg	466436	bcfcde2569ea1ea3c7cffe35d4c5c135	
C	GameResources-maps-ui-preview-res-Parma_new_winter.jpg	Resources/GameResources/maps/ui/preview/res/Parma_new_winter.jpg	307284	0b9b39e8046160d0c604341da02fdda4	
C	GameResources-maps-ui-preview-res-Parma_old_summer.jpg	Resources/GameResources/maps/ui/preview/res/Parma_old_summer.jpg	474948	fe2ca8db0d69123dd361a559c4664a57	
C	GameResources-maps-ui-preview-res-Parma_old_winter.jpg	Resources/GameResources/maps/ui/preview/res/Parma_old_winter.jpg	490996	24128c5374fe249276fd0dd3f8579f75	
C	GameResources-maps-ui-preview-res-PassOld_new_summer.jpg	Resources/GameResources/maps/ui/preview/res/PassOld_new_summer.jpg	306280	bef1edeffd922a5bd92048b85e413284	
C	GameResources-maps-ui-preview-res-PassOld_new_winter.jpg	Resources/GameResources/maps/ui/preview/res/PassOld_new_winter.jpg	391624	1b37ffb46e2293f1312c22ac346246fd	
C	GameResources-maps-ui-preview-res-PassTlvk_new_summer.png	Resources/GameResources/maps/ui/preview/res/PassTlvk_new_summer.png	445788	a04ea52bbb5deb71fbe260654aec5c2e	
C	GameResources-maps-ui-preview-res-PassTlvk_new_winter.png	Resources/GameResources/maps/ui/preview/res/PassTlvk_new_winter.png	388732	5a4422783d049cc02e491fd4b2d36686	
C	GameResources-maps-ui-preview-res-Pass_new_summer.jpg	Resources/GameResources/maps/ui/preview/res/Pass_new_summer.jpg	454756	fe656fd8c056f653a3cd3efeab4bae0d	
C	GameResources-maps-ui-preview-res-Pass_new_winter.jpg	Resources/GameResources/maps/ui/preview/res/Pass_new_winter.jpg	326420	472f9bd6e4da843f464910005f922207	
C	GameResources-maps-ui-preview-res-Pass_old_summer.jpg	Resources/GameResources/maps/ui/preview/res/Pass_old_summer.jpg	437652	ad0ea5beb220f023f362f8d585e06bec	
C	GameResources-maps-ui-preview-res-Pass_old_winter.jpg	Resources/GameResources/maps/ui/preview/res/Pass_old_winter.jpg	526836	72bc5bec2c83a84c1a50c9a0a507639f	
C	GameResources-maps-ui-preview-res-Peak_new_summer.png	Resources/GameResources/maps/ui/preview/res/Peak_new_summer.png	347236	991c75c4b303795cdf2c47434b2605c0	
C	GameResources-maps-ui-preview-res-Peak_new_winter.png	Resources/GameResources/maps/ui/preview/res/Peak_new_winter.png	300452	65ab499ae26a2e183ee9357c2b16c7a1	
C	GameResources-maps-ui-preview-res-PedestalOld_new_summer.jpg	Resources/GameResources/maps/ui/preview/res/PedestalOld_new_summer.jpg	400800	b1f98cafaada25f90ac9dda04d1feae4	
C	GameResources-maps-ui-preview-res-PersiaOld_new_summer.png	Resources/GameResources/maps/ui/preview/res/PersiaOld_new_summer.png	332492	b3c8c131320f36a3b96f4af643bbd7ad	
C	GameResources-maps-ui-preview-res-Persia_old_summer.jpg	Resources/GameResources/maps/ui/preview/res/Persia_old_summer.jpg	530580	f2629a06063da575118fafc4bab51020	
C	GameResources-maps-ui-preview-res-PingPongOld_new_summer.png	Resources/GameResources/maps/ui/preview/res/PingPongOld_new_summer.png	444720	9b3e9eb91548f8b474ff41aff2af1d5d	
C	GameResources-maps-ui-preview-res-PingPongOld_new_winter.jpg	Resources/GameResources/maps/ui/preview/res/PingPongOld_new_winter.jpg	401696	4776e32a11d9d5c7fd4c4327ef3adbc6	
C	GameResources-maps-ui-preview-res-PingPongTlvk_new_summer.png	Resources/GameResources/maps/ui/preview/res/PingPongTlvk_new_summer.png	424836	5fd596277c5ad03b71e0cfb0598dbc40	
C	GameResources-maps-ui-preview-res-PingPongTlvk_new_winter.png	Resources/GameResources/maps/ui/preview/res/PingPongTlvk_new_winter.png	298068	43887822d217c34049b6730914e87be3	
C	GameResources-maps-ui-preview-res-PingPong_new_summer.jpg	Resources/GameResources/maps/ui/preview/res/PingPong_new_summer.jpg	502028	2fd3215fe6589e85493e15653162c24a	
C	GameResources-maps-ui-preview-res-PingpongMt_new_summer.jpg	Resources/GameResources/maps/ui/preview/res/PingpongMt_new_summer.jpg	610988	3d748bf74644638cb7f8ef547334f0d9	
C	GameResources-maps-ui-preview-res-PingpongPro_new_winter.jpg	Resources/GameResources/maps/ui/preview/res/PingpongPro_new_winter.jpg	332224	2af711cf3e7e3834d8e20d913ccd8053	
C	GameResources-maps-ui-preview-res-PingpongQuest_new_summer.jpg	Resources/GameResources/maps/ui/preview/res/PingpongQuest_new_summer.jpg	405108	19d457ee76eb455b3aced518f81b42e0	
C	GameResources-maps-ui-preview-res-Pingpong_new_summer.jpg	Resources/GameResources/maps/ui/preview/res/Pingpong_new_summer.jpg	395308	22be0e7b228d7eb948cd92c76a8b74c3	
C	GameResources-maps-ui-preview-res-Pingpong_new_winter.jpg	Resources/GameResources/maps/ui/preview/res/Pingpong_new_winter.jpg	513164	54cd0c33e3125f5d7a589dce1f6431fe	
C	GameResources-maps-ui-preview-res-Pingpong_old_summer.jpg	Resources/GameResources/maps/ui/preview/res/Pingpong_old_summer.jpg	535228	61c9bb941993dc76583232ceea092b4b	
C	GameResources-maps-ui-preview-res-PlantOld_new_summer.jpg	Resources/GameResources/maps/ui/preview/res/PlantOld_new_summer.jpg	327724	0da5b34fa6f17ed01b633a3a8eb8b293	
C	GameResources-maps-ui-preview-res-Plateau_new_summer.jpg	Resources/GameResources/maps/ui/preview/res/Plateau_new_summer.jpg	534488	77b9949a951a1568344c9e69ec8ddfda	
C	GameResources-maps-ui-preview-res-Platform_new_summer.jpg	Resources/GameResources/maps/ui/preview/res/Platform_new_summer.jpg	402460	e3666cf332dc252aa20f00c727dfbf71	
C	GameResources-maps-ui-preview-res-Polybig_new_summer.jpg	Resources/GameResources/maps/ui/preview/res/Polybig_new_summer.jpg	436856	5b4f3693980683b4b4af379c09e8144a	
C	GameResources-maps-ui-preview-res-PolygonDemonic_new_summer.jpg	Resources/GameResources/maps/ui/preview/res/PolygonDemonic_new_summer.jpg	292980	1504a2b55313b1a874474cfdfc4816b5	
C	GameResources-maps-ui-preview-res-PolygonMm_new_summer.png	Resources/GameResources/maps/ui/preview/res/PolygonMm_new_summer.png	491628	33ed23019d8166343c64c5adadc795b0	
C	GameResources-maps-ui-preview-res-PolygonMm_new_winter.png	Resources/GameResources/maps/ui/preview/res/PolygonMm_new_winter.png	436012	931d6313791a23134831b5bde0b8f18d	
C	GameResources-maps-ui-preview-res-PolygonMt_new_summer.jpg	Resources/GameResources/maps/ui/preview/res/PolygonMt_new_summer.jpg	499084	5a26c10489434d4c8437cd9cb1b2fab8	
C	GameResources-maps-ui-preview-res-PolygonMt_new_winter.png	Resources/GameResources/maps/ui/preview/res/PolygonMt_new_winter.png	7052	e8e533bf35b51c843318d7bdd1fe66d9	
C	GameResources-maps-ui-preview-res-PolygonOld_new_summer.jpg	Resources/GameResources/maps/ui/preview/res/PolygonOld_new_summer.jpg	435628	6c67046bc8e65b4968733fa4489accaa	
C	GameResources-maps-ui-preview-res-PolygonOld_new_winter.jpg	Resources/GameResources/maps/ui/preview/res/PolygonOld_new_winter.jpg	411212	cfa5f614b8ccaec588f01e093c8ad0ef	
C	GameResources-maps-ui-preview-res-PolygonPro_new_summer.jpg	Resources/GameResources/maps/ui/preview/res/PolygonPro_new_summer.jpg	328172	a851d8a722a234b0bcb5cba1a5dc2930	
C	GameResources-maps-ui-preview-res-PolygonTlvk_new_winter.png	Resources/GameResources/maps/ui/preview/res/PolygonTlvk_new_winter.png	385248	db53205f786e38c5637e27fe4fd011b6	
C	GameResources-maps-ui-preview-res-Polygon_new_summer.jpg	Resources/GameResources/maps/ui/preview/res/Polygon_new_summer.jpg	442120	25164cfe38791e7c8ec4bb67db64c52b	
C	GameResources-maps-ui-preview-res-Polygon_new_winter.jpg	Resources/GameResources/maps/ui/preview/res/Polygon_new_winter.jpg	385720	ca8c7e565a795c2c2c22b48414d9585f	
C	GameResources-maps-ui-preview-res-Polygon_old_summer.jpg	Resources/GameResources/maps/ui/preview/res/Polygon_old_summer.jpg	450888	7305a352cf24e797849a007251164625	
C	GameResources-maps-ui-preview-res-Polygon_old_winter.jpg	Resources/GameResources/maps/ui/preview/res/Polygon_old_winter.jpg	475992	68df5e06786b201048c69dd6d3a4ca2e	
C	GameResources-maps-ui-preview-res-Port2048_new_summer.jpg	Resources/GameResources/maps/ui/preview/res/Port2048_new_summer.jpg	227356	9a71138391e2a4d0e59f3c4023377983	
C	GameResources-maps-ui-preview-res-PortOld_new_summer.jpg	Resources/GameResources/maps/ui/preview/res/PortOld_new_summer.jpg	338056	b82ab70578808372b759b59cff33133c	
C	GameResources-maps-ui-preview-res-Port_new_summer.jpg	Resources/GameResources/maps/ui/preview/res/Port_new_summer.jpg	398724	6b79edffd25e75edccf15b229ed7ec7b	
C	GameResources-maps-ui-preview-res-PositionOld_new_summer.png	Resources/GameResources/maps/ui/preview/res/PositionOld_new_summer.png	406656	45fac50729ae9f71531832fc6cdfd0ba	
C	GameResources-maps-ui-preview-res-Position_new_summer.jpg	Resources/GameResources/maps/ui/preview/res/Position_new_summer.jpg	440252	440c50a9df623ca4b9207ce332a70936	
C	GameResources-maps-ui-preview-res-PratoNy_new_summer.jpg	Resources/GameResources/maps/ui/preview/res/PratoNy_new_summer.jpg	404232	f5ab956c86e212fb7ec45cdaf2e5689c	
C	GameResources-maps-ui-preview-res-Pripyat_new_summer.png	Resources/GameResources/maps/ui/preview/res/Pripyat_new_summer.png	6584	82f8298b50a52ffb8911bc00367ab7ba	
C	GameResources-maps-ui-preview-res-Prospect_new_summer.jpg	Resources/GameResources/maps/ui/preview/res/Prospect_new_summer.jpg	424972	eb6227deb8b28c949a1cd8161a494b46	
C	GameResources-maps-ui-preview-res-Prospect_new_winter.png	Resources/GameResources/maps/ui/preview/res/Prospect_new_winter.png	7212	2024cedbf436ccb2eb76e48c5d95ea1f	
C	GameResources-maps-ui-preview-res-Province_new_summer.png	Resources/GameResources/maps/ui/preview/res/Province_new_summer.png	409260	4493ef2bdd409b4d4436a2b49ae36b31	
C	GameResources-maps-ui-preview-res-Railwaystation_new_summer.jpg	Resources/GameResources/maps/ui/preview/res/Railwaystation_new_summer.jpg	529668	d85390bdf11722b93d246571c99927f3	
C	GameResources-maps-ui-preview-res-Ravine_new_summer.jpg	Resources/GameResources/maps/ui/preview/res/Ravine_new_summer.jpg	519972	00302d8c62b6f03277d753594f6f1b91	
C	GameResources-maps-ui-preview-res-RedAlert1100_new_summer.jpg	Resources/GameResources/maps/ui/preview/res/RedAlert1100_new_summer.jpg	344452	3d84c8a90783475444baeb6268b77c0c	
C	GameResources-maps-ui-preview-res-RedAlertMm_new_summer.png	Resources/GameResources/maps/ui/preview/res/RedAlertMm_new_summer.png	483356	256f72f2359a2817281f1f70b1ece4f6	
C	GameResources-maps-ui-preview-res-RedAlertMm_new_winter.png	Resources/GameResources/maps/ui/preview/res/RedAlertMm_new_winter.png	371228	fa0f35fcf3144e623c713158ade99bee	
C	GameResources-maps-ui-preview-res-RedAlertOld_new_summer.jpg	Resources/GameResources/maps/ui/preview/res/RedAlertOld_new_summer.jpg	397632	3ff688d77051e1efbfa0344b98338d7a	
C	GameResources-maps-ui-preview-res-RedAlertOld_new_winter.jpg	Resources/GameResources/maps/ui/preview/res/RedAlertOld_new_winter.jpg	302336	0ef2f2623f26923c984bd3817fd33bf6	
C	GameResources-maps-ui-preview-res-RedAlert_new_summer.jpg	Resources/GameResources/maps/ui/preview/res/RedAlert_new_summer.jpg	466204	12b375a9ce686a9f8c5939506a2dcee8	
C	GameResources-maps-ui-preview-res-Redalert_new_summer.jpg	Resources/GameResources/maps/ui/preview/res/Redalert_new_summer.jpg	404508	dced3e379fb7266b302ca89ab50d04d3	
C	GameResources-maps-ui-preview-res-Redalert_new_winter.jpg	Resources/GameResources/maps/ui/preview/res/Redalert_new_winter.jpg	350348	ba73c6d0ce7de99c18ef2b6bfdf5e988	
C	GameResources-maps-ui-preview-res-Redalert_old_summer.jpg	Resources/GameResources/maps/ui/preview/res/Redalert_old_summer.jpg	486860	2a16cfbb1bae9ae8f28c537fd8b3185f	
C	GameResources-maps-ui-preview-res-Redalert_old_winter.jpg	Resources/GameResources/maps/ui/preview/res/Redalert_old_winter.jpg	484540	81747f6df29b119b5b591fc07539cc8f	
C	GameResources-maps-ui-preview-res-Redshire_new_summer.jpg	Resources/GameResources/maps/ui/preview/res/Redshire_new_summer.jpg	475980	9a6c0986daf4668710f69e3bca6759b8	
C	GameResources-maps-ui-preview-res-Refmap_new_summer.jpg	Resources/GameResources/maps/ui/preview/res/Refmap_new_summer.jpg	314900	152d2f7d234765d880fae2c7bf55b1af	
C	GameResources-maps-ui-preview-res-RelayRace_new_summer.png	Resources/GameResources/maps/ui/preview/res/RelayRace_new_summer.png	383164	87ebc5c3029d0a39a025ad7aab05c457	
C	GameResources-maps-ui-preview-res-RelayRace_new_winter.png	Resources/GameResources/maps/ui/preview/res/RelayRace_new_winter.png	372668	7b88758722c49758ed9a232664ce527b	
C	GameResources-maps-ui-preview-res-RiftOld_new_summer.jpg	Resources/GameResources/maps/ui/preview/res/RiftOld_new_summer.jpg	398392	9f985a30824e2c516a1862a7f85d4e55	
C	GameResources-maps-ui-preview-res-RiftPro_new_winter.png	Resources/GameResources/maps/ui/preview/res/RiftPro_new_winter.png	377576	63a7265ad831505ce2ac8d2a0a82067c	
C	GameResources-maps-ui-preview-res-RiftTlvk_new_summer.png	Resources/GameResources/maps/ui/preview/res/RiftTlvk_new_summer.png	363468	c77483f9169a65c1670d15dcdf408ae2	
C	GameResources-maps-ui-preview-res-RiftTlvk_new_winter.png	Resources/GameResources/maps/ui/preview/res/RiftTlvk_new_winter.png	393196	70d86c69befe16a9fee1403f3be74035	
C	GameResources-maps-ui-preview-res-Rift_new_summer.jpg	Resources/GameResources/maps/ui/preview/res/Rift_new_summer.jpg	404868	669231e751e02227b69679d8dbe1f973	
C	GameResources-maps-ui-preview-res-Rift_new_winter.jpg	Resources/GameResources/maps/ui/preview/res/Rift_new_winter.jpg	498180	c53d2e01d18c5482ebabf03f717136ae	
C	GameResources-maps-ui-preview-res-Rift_old_summer.jpg	Resources/GameResources/maps/ui/preview/res/Rift_old_summer.jpg	475044	56d98e91002ef720e4b30384906efc95	
C	GameResources-maps-ui-preview-res-Ring_old_summer.jpg	Resources/GameResources/maps/ui/preview/res/Ring_old_summer.jpg	512132	c394a9a40aa85631cfe9b2b035ec0d4f	
C	GameResources-maps-ui-preview-res-Ring_old_winter.jpg	Resources/GameResources/maps/ui/preview/res/Ring_old_winter.jpg	516100	77578b6e1aa7d4a5a9fba15f35a037a1	
C	GameResources-maps-ui-preview-res-Ringrace_new_summer.jpg	Resources/GameResources/maps/ui/preview/res/Ringrace_new_summer.jpg	261836	e406f9e2080ccf5236d0aff6d34308c5	
C	GameResources-maps-ui-preview-res-RioMm_new_summer.png	Resources/GameResources/maps/ui/preview/res/RioMm_new_summer.png	421044	68ac9ef2abd30f6dc06fdf016b876a31	
C	GameResources-maps-ui-preview-res-RioMt_new_summer.jpg	Resources/GameResources/maps/ui/preview/res/RioMt_new_summer.jpg	395252	b94258e4c3b01791b3950741dc040c6b	
C	GameResources-maps-ui-preview-res-RioNight_old_winter.png	Resources/GameResources/maps/ui/preview/res/RioNight_old_winter.png	7052	25031654117852abaf48f6e9b8f2f810	
C	GameResources-maps-ui-preview-res-RioOld_new_summer.png	Resources/GameResources/maps/ui/preview/res/RioOld_new_summer.png	370228	b5e481960fb15f66ed1e449f8be2db36	
C	GameResources-maps-ui-preview-res-RioPro_new_summer.jpg	Resources/GameResources/maps/ui/preview/res/RioPro_new_summer.jpg	330436	daedf51ff7f0d251cbfecdf05b2ce520	
C	GameResources-maps-ui-preview-res-Rio_new_summer.jpg	Resources/GameResources/maps/ui/preview/res/Rio_new_summer.jpg	465120	9c6458401136789fdcd0363408cb34e1	
C	GameResources-maps-ui-preview-res-Rio_old_summer.jpg	Resources/GameResources/maps/ui/preview/res/Rio_old_summer.jpg	492400	6ad4b73aab6ff7bbb1ba29c2a33a3515	
C	GameResources-maps-ui-preview-res-Roadway_new_summer.jpg	Resources/GameResources/maps/ui/preview/res/Roadway_new_summer.jpg	385016	cb456b93d58d7bb5934bb22890d1500c	
C	GameResources-maps-ui-preview-res-RouteVektorTv_new_summer.jpg	Resources/GameResources/maps/ui/preview/res/RouteVektorTv_new_summer.jpg	261444	bbc8f74926baf9bb3dc79cdb0da3c230	
C	GameResources-maps-ui-preview-res-Ruinberg_new_summer.jpg	Resources/GameResources/maps/ui/preview/res/Ruinberg_new_summer.jpg	478764	eecdad72f45383b12336e48715be51b9	
C	GameResources-maps-ui-preview-res-RuinsOld_new_summer.jpg	Resources/GameResources/maps/ui/preview/res/RuinsOld_new_summer.jpg	344876	c52fa988d9e5ac28ad81608f5efca143	
C	GameResources-maps-ui-preview-res-Sanbox_new_summer.jpg	Resources/GameResources/maps/ui/preview/res/Sanbox_new_summer.jpg	471412	ba7a4e5f1834d520fd2fbcab5af2c426	
C	GameResources-maps-ui-preview-res-Sandal1100_new_summer.png	Resources/GameResources/maps/ui/preview/res/Sandal1100_new_summer.png	337996	0ddddaa986f6f2ff98ef356f581c3a54	
C	GameResources-maps-ui-preview-res-SandalMm_new_summer.png	Resources/GameResources/maps/ui/preview/res/SandalMm_new_summer.png	486700	060f1ac2185b374cda96c8951ec42f8b	
C	GameResources-maps-ui-preview-res-SandalMm_new_winter.png	Resources/GameResources/maps/ui/preview/res/SandalMm_new_winter.png	421564	f05472376d55987faed51266fae43a4f	
C	GameResources-maps-ui-preview-res-SandalOld_new_summer.jpg	Resources/GameResources/maps/ui/preview/res/SandalOld_new_summer.jpg	375484	57aad2e79516471b8f5840c0c74eadcd	
C	GameResources-maps-ui-preview-res-SandalOld_new_winter.jpg	Resources/GameResources/maps/ui/preview/res/SandalOld_new_winter.jpg	317660	4f4b863ad617707b2926b55f3cffdbf5	
C	GameResources-maps-ui-preview-res-SandalTlvk_new_summer.png	Resources/GameResources/maps/ui/preview/res/SandalTlvk_new_summer.png	483916	1f7297a3ec22c23d0280ee10e5dadb6a	
C	GameResources-maps-ui-preview-res-SandalTlvk_new_winter.png	Resources/GameResources/maps/ui/preview/res/SandalTlvk_new_winter.png	400524	51dd3e20a1fdaa5b5ec9d291d06a79f4	
C	GameResources-maps-ui-preview-res-Sandal_new_summer.jpg	Resources/GameResources/maps/ui/preview/res/Sandal_new_summer.jpg	415444	af845fe4e2ae98f9cf4a67b8c7427c2d	
C	GameResources-maps-ui-preview-res-Sandal_new_winter.jpg	Resources/GameResources/maps/ui/preview/res/Sandal_new_winter.jpg	368116	b3dc27264b0542fb3304984715b8ee0b	
C	GameResources-maps-ui-preview-res-Sandal_old_summer.jpg	Resources/GameResources/maps/ui/preview/res/Sandal_old_summer.jpg	450980	9cfcd266acb690c6119275c29f208d6a	
C	GameResources-maps-ui-preview-res-Sandal_old_winter.jpg	Resources/GameResources/maps/ui/preview/res/Sandal_old_winter.jpg	477396	b5c0ff2a30da1bc598c7f1ca0be627b0	
C	GameResources-maps-ui-preview-res-Sandalwood_new_summer.jpg	Resources/GameResources/maps/ui/preview/res/Sandalwood_new_summer.jpg	468412	b409459ff5347ae750e43391cfb4caa8	
C	GameResources-maps-ui-preview-res-Sandbox1100_new_summer.jpg	Resources/GameResources/maps/ui/preview/res/Sandbox1100_new_summer.jpg	349536	4a5aef0b43b790806d580e7f84f57a64	
C	GameResources-maps-ui-preview-res-Sandbox20_new_summer.png	Resources/GameResources/maps/ui/preview/res/Sandbox20_new_summer.png	421660	7312f4b2057ed2bbae1e3f2e312e916f	
C	GameResources-maps-ui-preview-res-SandboxMmRemaster_new_autumn.jpg	Resources/GameResources/maps/ui/preview/res/SandboxMmRemaster_new_autumn.jpg	419596	2f112f6b9b49ef59825fb9eafff7963f	
C	GameResources-maps-ui-preview-res-SandboxMmRemaster_new_summer.jpg	Resources/GameResources/maps/ui/preview/res/SandboxMmRemaster_new_summer.jpg	505516	0cac49b435606a91458f7f496df90386	
C	GameResources-maps-ui-preview-res-SandboxMm_new_summer.png	Resources/GameResources/maps/ui/preview/res/SandboxMm_new_summer.png	419292	1fdd0fc2f9f50a9ea8c83f7056c409da	
C	GameResources-maps-ui-preview-res-SandboxMm_new_winter.png	Resources/GameResources/maps/ui/preview/res/SandboxMm_new_winter.png	344396	69456af52593584ee75e11a5b3ddf525	
C	GameResources-maps-ui-preview-res-SandboxMt_new_winter.jpg	Resources/GameResources/maps/ui/preview/res/SandboxMt_new_winter.jpg	383116	7b3747795955946506c0b9d23c54e15a	
C	GameResources-maps-ui-preview-res-SandboxOld_new_summer.jpg	Resources/GameResources/maps/ui/preview/res/SandboxOld_new_summer.jpg	343036	cf742db0c907684038372a8e1b439265	
C	GameResources-maps-ui-preview-res-SandboxOld_new_winter.jpg	Resources/GameResources/maps/ui/preview/res/SandboxOld_new_winter.jpg	356508	12fb0a5d44c04e9b9abd934abc612475	
C	GameResources-maps-ui-preview-res-SandboxPro_new_summer.jpg	Resources/GameResources/maps/ui/preview/res/SandboxPro_new_summer.jpg	357308	a995a71d07e2acc50ca3018fea77886d	
C	GameResources-maps-ui-preview-res-Sandbox_new_summer.jpg	Resources/GameResources/maps/ui/preview/res/Sandbox_new_summer.jpg	460792	a8ba06ff0e734435cdef9195fa9b3912	
C	GameResources-maps-ui-preview-res-Sandbox_new_winter.jpg	Resources/GameResources/maps/ui/preview/res/Sandbox_new_winter.jpg	283224	6da327208d209dc9d69ac58b73c9eefa	
C	GameResources-maps-ui-preview-res-Sandbox_old_summer.jpg	Resources/GameResources/maps/ui/preview/res/Sandbox_old_summer.jpg	459608	657ae95b9996a2596c9dfc722b21b247	
C	GameResources-maps-ui-preview-res-Sandbox_old_winter.jpg	Resources/GameResources/maps/ui/preview/res/Sandbox_old_winter.jpg	527400	af14f5eb28ee51377733a7b4cbbb86a4	
C	GameResources-maps-ui-preview-res-ScopeMm_new_summer.png	Resources/GameResources/maps/ui/preview/res/ScopeMm_new_summer.png	419688	95df5dc6cd0ecadf2f23544607384f22	
C	GameResources-maps-ui-preview-res-ScopeMm_new_winter.png	Resources/GameResources/maps/ui/preview/res/ScopeMm_new_winter.png	363288	420f13beae1a574002ddfdd94cc67e2c	
C	GameResources-maps-ui-preview-res-ScopeOld_new_summer.png	Resources/GameResources/maps/ui/preview/res/ScopeOld_new_summer.png	334972	e0cc21124c8c67c392108cbb32b46bd9	
C	GameResources-maps-ui-preview-res-ScopeOld_new_winter.jpg	Resources/GameResources/maps/ui/preview/res/ScopeOld_new_winter.jpg	361340	42f487dc12cb7e03cf7012eec04cdc2b	
C	GameResources-maps-ui-preview-res-Scope_new_summer.jpg	Resources/GameResources/maps/ui/preview/res/Scope_new_summer.jpg	425204	061666675f9f4b7d2a7c5c47e9d375bd	
C	GameResources-maps-ui-preview-res-Scope_new_winter.jpg	Resources/GameResources/maps/ui/preview/res/Scope_new_winter.jpg	355716	0c580eda5d5de6010adaa545bdc77f1c	
C	GameResources-maps-ui-preview-res-Scope_old_summer.jpg	Resources/GameResources/maps/ui/preview/res/Scope_old_summer.jpg	542356	4b2d7519789673ef75127844c2f18052	
C	GameResources-maps-ui-preview-res-Scope_old_winter.jpg	Resources/GameResources/maps/ui/preview/res/Scope_old_winter.jpg	500756	7ec3c4f382f51fd8e85b0b754e1bc359	
C	GameResources-maps-ui-preview-res-Seiva_new_summer.png	Resources/GameResources/maps/ui/preview/res/Seiva_new_summer.png	486500	52b6a7ffcf639a049ce924da08d3a4aa	
C	GameResources-maps-ui-preview-res-Serpuhov1100_new_summer.png	Resources/GameResources/maps/ui/preview/res/Serpuhov1100_new_summer.png	309188	c82a93474ee99d2e48e9480561263b2e	
C	GameResources-maps-ui-preview-res-SerpuhovMm_new_summer.png	Resources/GameResources/maps/ui/preview/res/SerpuhovMm_new_summer.png	469836	69747857df342b4205744aec3dc999ff	
C	GameResources-maps-ui-preview-res-SerpuhovMm_new_winter.png	Resources/GameResources/maps/ui/preview/res/SerpuhovMm_new_winter.png	382892	41fcbfe5fa421f865d91fcec43c0cd72	
C	GameResources-maps-ui-preview-res-SerpuhovOld_new_summer.jpg	Resources/GameResources/maps/ui/preview/res/SerpuhovOld_new_summer.jpg	383696	f025bee2f396c968b623872ec118eca1	
C	GameResources-maps-ui-preview-res-SerpuhovOld_new_winter.jpg	Resources/GameResources/maps/ui/preview/res/SerpuhovOld_new_winter.jpg	365040	a614166a4752c5e9006fcb16f4f3b4d4	
C	GameResources-maps-ui-preview-res-Serpuhov_new_winter.jpg	Resources/GameResources/maps/ui/preview/res/Serpuhov_new_winter.jpg	319884	b22f5d0b7c3d8877946f88b5505479f0	
C	GameResources-maps-ui-preview-res-Serpuhov_old_summer.jpg	Resources/GameResources/maps/ui/preview/res/Serpuhov_old_summer.jpg	451132	a41f4a0a7bb28b8c096a38ebbf21fe51	
C	GameResources-maps-ui-preview-res-Serpuhov_old_winter.jpg	Resources/GameResources/maps/ui/preview/res/Serpuhov_old_winter.jpg	496492	17d90ec78348f841ae62dd1389c747ed	
C	GameResources-maps-ui-preview-res-Serpukhov_new_summer.jpg	Resources/GameResources/maps/ui/preview/res/Serpukhov_new_summer.jpg	523580	51c7ebf98926811e2c0ce1c36b3fc369	
C	GameResources-maps-ui-preview-res-ShortBridge1100_new_summer.jpg	Resources/GameResources/maps/ui/preview/res/ShortBridge1100_new_summer.jpg	362120	5b6b91ae13cc2b3562624da047bab6c2	
C	GameResources-maps-ui-preview-res-ShortBridgeMm_new_summer.png	Resources/GameResources/maps/ui/preview/res/ShortBridgeMm_new_summer.png	549556	017eec8ea824d40d3da026b130e158df	
C	GameResources-maps-ui-preview-res-ShortBridgeOld_new_summer.jpg	Resources/GameResources/maps/ui/preview/res/ShortBridgeOld_new_summer.jpg	401892	8a70a2bfaf2edf6c54310433b7c9416b	
C	GameResources-maps-ui-preview-res-ShortBridgeOld_new_winter.jpg	Resources/GameResources/maps/ui/preview/res/ShortBridgeOld_new_winter.jpg	341124	84dbffc73b86155a75bce8b573c60276	
C	GameResources-maps-ui-preview-res-ShortbridgeMt_new_summer.jpg	Resources/GameResources/maps/ui/preview/res/ShortbridgeMt_new_summer.jpg	544068	162589c0af038b57c79ba712017fae75	
C	GameResources-maps-ui-preview-res-Shortbridge_new_summer.jpg	Resources/GameResources/maps/ui/preview/res/Shortbridge_new_summer.jpg	386880	756a72ccf3e1dd494a67173766014e41	
C	GameResources-maps-ui-preview-res-Shortbridge_new_winter.jpg	Resources/GameResources/maps/ui/preview/res/Shortbridge_new_winter.jpg	376624	b7732bb0b9cbb7e23839e04cd4a1bc9e	
C	GameResources-maps-ui-preview-res-Shortbridge_old_summer.jpg	Resources/GameResources/maps/ui/preview/res/Shortbridge_old_summer.jpg	526240	e08238cb840502ed22daf4d95f8b4e82	
C	GameResources-maps-ui-preview-res-Shortbridge_old_winter.jpg	Resources/GameResources/maps/ui/preview/res/Shortbridge_old_winter.jpg	522640	a7d0cb5b54ae20169eae2cdea69094cc	
C	GameResources-maps-ui-preview-res-Siege1100_new_summer.jpg	Resources/GameResources/maps/ui/preview/res/Siege1100_new_summer.jpg	370156	dea4d65d727ac00ddccc49167a2c9ed3	
C	GameResources-maps-ui-preview-res-SiegeMm_new_summer.png	Resources/GameResources/maps/ui/preview/res/SiegeMm_new_summer.png	495832	8adfd94b27433eabf2d78d878cb89c1f	
C	GameResources-maps-ui-preview-res-SiegeMm_new_winter.png	Resources/GameResources/maps/ui/preview/res/SiegeMm_new_winter.png	451512	ae5ba01edaea19c257dc14b326fd6f61	
C	GameResources-maps-ui-preview-res-SiegeOld_new_summer.jpg	Resources/GameResources/maps/ui/preview/res/SiegeOld_new_summer.jpg	397292	b73c6fd8aeed45ce7d6c70442a757d23	
C	GameResources-maps-ui-preview-res-SiegeOld_new_winter.jpg	Resources/GameResources/maps/ui/preview/res/SiegeOld_new_winter.jpg	356556	55ae8d930239c1ebb84a21b409f08a4f	
C	GameResources-maps-ui-preview-res-Siege_new_summer.jpg	Resources/GameResources/maps/ui/preview/res/Siege_new_summer.jpg	445140	06159a336c8ec6886f6ff767c5be6105	
C	GameResources-maps-ui-preview-res-Siege_new_winter.jpg	Resources/GameResources/maps/ui/preview/res/Siege_new_winter.jpg	308036	8d46076e479178e21382901720e65295	
C	GameResources-maps-ui-preview-res-Siege_old_summer.jpg	Resources/GameResources/maps/ui/preview/res/Siege_old_summer.jpg	555684	2619bfd694baf8d878c218315fd9a6ab	
C	GameResources-maps-ui-preview-res-Siege_old_winter.jpg	Resources/GameResources/maps/ui/preview/res/Siege_old_winter.jpg	469892	056ffc1fe8e39892901bff221f1a745f	
C	GameResources-maps-ui-preview-res-Silence19_new_summer.jpg	Resources/GameResources/maps/ui/preview/res/Silence19_new_summer.jpg	392876	08ce966bf404f7099481dc54b3066d99	
C	GameResources-maps-ui-preview-res-Silence2Evening_old_winter.jpg	Resources/GameResources/maps/ui/preview/res/Silence2Evening_old_winter.jpg	373992	36e3e23c249f1e7903163dd376ab04ba	
C	GameResources-maps-ui-preview-res-Silence3_new_summer.jpg	Resources/GameResources/maps/ui/preview/res/Silence3_new_summer.jpg	400124	9013df95a47ee2d84e3c4521f1d31162	
C	GameResources-maps-ui-preview-res-SilenceDemonic_new_summer.jpg	Resources/GameResources/maps/ui/preview/res/SilenceDemonic_new_summer.jpg	254132	55c819bc30b3fdc40015d1903c450124	
C	GameResources-maps-ui-preview-res-SilenceGt_old_winter.jpg	Resources/GameResources/maps/ui/preview/res/SilenceGt_old_winter.jpg	515692	45c69fb1d6356b43e4e482007934433b	
C	GameResources-maps-ui-preview-res-SilenceIOld_new_summer.jpg	Resources/GameResources/maps/ui/preview/res/SilenceIOld_new_summer.jpg	327760	e8b49b83b038167fc921100b44dcbf2b	
C	GameResources-maps-ui-preview-res-SilenceIOld_new_winter.jpg	Resources/GameResources/maps/ui/preview/res/SilenceIOld_new_winter.jpg	379184	346ffe79eef0f4596e797c28f9691b70	
C	GameResources-maps-ui-preview-res-SilenceIiOld_new_summer.jpg	Resources/GameResources/maps/ui/preview/res/SilenceIiOld_new_summer.jpg	312340	9389b35ea4ff630bd6bcb0cf0f5c12e4	
C	GameResources-maps-ui-preview-res-SilenceIiOld_new_winter.jpg	Resources/GameResources/maps/ui/preview/res/SilenceIiOld_new_winter.jpg	408964	f05a2c59fb88d6101eed15dbbc234cc2	
C	GameResources-maps-ui-preview-res-SilenceMirror_new_summer.png	Resources/GameResources/maps/ui/preview/res/SilenceMirror_new_summer.png	384532	4df73f8a9ce40f3e033c7f1f90af1166	
C	GameResources-maps-ui-preview-res-SilenceMm_new_summer.png	Resources/GameResources/maps/ui/preview/res/SilenceMm_new_summer.png	464012	cddb19b8609b48df049ba76c5d6343b2	
C	GameResources-maps-ui-preview-res-SilenceMm_new_winter.png	Resources/GameResources/maps/ui/preview/res/SilenceMm_new_winter.png	387660	0b5e1986bbce02fc8ed6903ab79b6d88	
C	GameResources-maps-ui-preview-res-SilencePro_new_summer.jpg	Resources/GameResources/maps/ui/preview/res/SilencePro_new_summer.jpg	343756	bebbda4f3ce3fe7f3e3341b4c3b8f056	
C	GameResources-maps-ui-preview-res-SilenceRemakeCy95v_new_summer.png	Resources/GameResources/maps/ui/preview/res/SilenceRemakeCy95v_new_summer.png	342108	917d847c15ea8f035c3f9ab6883bf196	
C	GameResources-maps-ui-preview-res-SilenceSpace_new_winter.png	Resources/GameResources/maps/ui/preview/res/SilenceSpace_new_winter.png	7572	d3d11cbd9912b02a870eef1df1a15a5a	
C	GameResources-maps-ui-preview-res-SilenceSpace_old_winter.png	Resources/GameResources/maps/ui/preview/res/SilenceSpace_old_winter.png	7636	54470bd6841e9918950ec180de16ef6d	
C	GameResources-maps-ui-preview-res-SilenceTlvk_new_winter.png	Resources/GameResources/maps/ui/preview/res/SilenceTlvk_new_winter.png	433056	6664fc59f93edabbe5c6660c14a0600a	
C	GameResources-maps-ui-preview-res-Silence_new_summer.jpg	Resources/GameResources/maps/ui/preview/res/Silence_new_summer.jpg	444472	47953e2d0265772d6af05bdd115aaa16	
C	GameResources-maps-ui-preview-res-Silence_new_winter.jpg	Resources/GameResources/maps/ui/preview/res/Silence_new_winter.jpg	380056	f88f9ba29faf7f45a83a1f33ee334851	
C	GameResources-maps-ui-preview-res-Silence_old_summer.jpg	Resources/GameResources/maps/ui/preview/res/Silence_old_summer.jpg	480936	5264334007716a5bda45ae4337ca705a	
C	GameResources-maps-ui-preview-res-Silence_old_winter.png	Resources/GameResources/maps/ui/preview/res/Silence_old_winter.png	6376	246c14b54287e8c16e6cd35cca228058	
C	GameResources-maps-ui-preview-res-Silent_new_summer.jpg	Resources/GameResources/maps/ui/preview/res/Silent_new_summer.jpg	515764	3449bbe34eecd4a524dc1ea6b3bd9331	
C	GameResources-maps-ui-preview-res-Skirmish_new_summer.jpg	Resources/GameResources/maps/ui/preview/res/Skirmish_new_summer.jpg	405356	843da2e261eca74441ca651dfb8e0f58	
C	GameResources-maps-ui-preview-res-Skylark1100_new_summer.jpg	Resources/GameResources/maps/ui/preview/res/Skylark1100_new_summer.jpg	371024	652c38c793d41a1c15433853238a8949	
C	GameResources-maps-ui-preview-res-SkylarkMm_new_summer.png	Resources/GameResources/maps/ui/preview/res/SkylarkMm_new_summer.png	374108	9eba7fefb0941e4500fc6c7dd9041ed6	
C	GameResources-maps-ui-preview-res-SkylarkMm_new_winter.png	Resources/GameResources/maps/ui/preview/res/SkylarkMm_new_winter.png	318620	11fc83a8547049c56a379bee55bb4afe	
C	GameResources-maps-ui-preview-res-SkylarkOld_new_summer.jpg	Resources/GameResources/maps/ui/preview/res/SkylarkOld_new_summer.jpg	403692	c8fa89c290a86c501e8b4844626c37ac	
C	GameResources-maps-ui-preview-res-SkylarkOld_new_winter.jpg	Resources/GameResources/maps/ui/preview/res/SkylarkOld_new_winter.jpg	305212	55fd4420fdc99344753a7ae14f835030	
C	GameResources-maps-ui-preview-res-SkylarkTlvk_new_winter.png	Resources/GameResources/maps/ui/preview/res/SkylarkTlvk_new_winter.png	407792	0486a9f59e0ffa65a69a25bf56daaa05	
C	GameResources-maps-ui-preview-res-Skylark_new_summer.jpg	Resources/GameResources/maps/ui/preview/res/Skylark_new_summer.jpg	427448	d4e248d91ad51f23d877cdac5290ea6b	
C	GameResources-maps-ui-preview-res-Skylark_new_winter.jpg	Resources/GameResources/maps/ui/preview/res/Skylark_new_winter.jpg	399896	f47c81bd0bb61ea843c51b8d694fc40e	
C	GameResources-maps-ui-preview-res-Skylark_old_summer.jpg	Resources/GameResources/maps/ui/preview/res/Skylark_old_summer.jpg	521224	868129f1b05ce27b7ab8aa09972338e0	
C	GameResources-maps-ui-preview-res-Skylark_old_winter.jpg	Resources/GameResources/maps/ui/preview/res/Skylark_old_winter.jpg	505864	798737cfb04d4fdedd2409394c8dc7ca	
C	GameResources-maps-ui-preview-res-Skylarks_new_summer.jpg	Resources/GameResources/maps/ui/preview/res/Skylarks_new_summer.jpg	526220	3a622fe17ecc5fa3c112642dfa04d475	
C	GameResources-maps-ui-preview-res-Skyscrapers_new_summer.jpg	Resources/GameResources/maps/ui/preview/res/Skyscrapers_new_summer.jpg	409040	74eae041154949f971b486dba9d0ae7e	
C	GameResources-maps-ui-preview-res-Slaughter_new_summer.jpg	Resources/GameResources/maps/ui/preview/res/Slaughter_new_summer.jpg	484124	9f4fd6fcbc1f983c90633f624eaf8ec1	
C	GameResources-maps-ui-preview-res-Snowarena_new_summer.png	Resources/GameResources/maps/ui/preview/res/Snowarena_new_summer.png	7388	0b81dd1cd7ff1ee7fbff1bcf2c450742	
C	GameResources-maps-ui-preview-res-Snowbattle_new_summer.png	Resources/GameResources/maps/ui/preview/res/Snowbattle_new_summer.png	7884	dfb26666bdca0c29ee4700a8276cbf1c	
C	GameResources-maps-ui-preview-res-SocAgroUnderground_new_summer.png	Resources/GameResources/maps/ui/preview/res/SocAgroUnderground_new_summer.png	10956	64925c543f0d5fb24b99c38153500090	
C	GameResources-maps-ui-preview-res-SocBar_new_summer.png	Resources/GameResources/maps/ui/preview/res/SocBar_new_summer.png	8692	04be86b615bd5442217148130ce40d7b	
C	GameResources-maps-ui-preview-res-SocCnpp2_new_summer.png	Resources/GameResources/maps/ui/preview/res/SocCnpp2_new_summer.png	9564	2b6ad7ea5d2cf71c95c5f4f39b655f97	
C	GameResources-maps-ui-preview-res-SocDarkValley_new_summer.png	Resources/GameResources/maps/ui/preview/res/SocDarkValley_new_summer.png	10868	112a4caa8d9afb2fb20015fc2bcf1fa1	
C	GameResources-maps-ui-preview-res-SocEscape_new_summer.png	Resources/GameResources/maps/ui/preview/res/SocEscape_new_summer.png	9020	a6301ba1c75ceb3be0c1c0047ba330ac	
C	GameResources-maps-ui-preview-res-SocGarbage_new_summer.png	Resources/GameResources/maps/ui/preview/res/SocGarbage_new_summer.png	10380	0de7abf981edcf66ddbd7ed3ca0262c8	
C	GameResources-maps-ui-preview-res-SocLabX10_new_summer.png	Resources/GameResources/maps/ui/preview/res/SocLabX10_new_summer.png	11212	e3fb850b2817157f3e852161bd023b4c	
C	GameResources-maps-ui-preview-res-SocLabX16_new_summer.png	Resources/GameResources/maps/ui/preview/res/SocLabX16_new_summer.png	11276	e72f667344ec75e96172a05d4b6317d8	
C	GameResources-maps-ui-preview-res-SocLabX18_new_summer.png	Resources/GameResources/maps/ui/preview/res/SocLabX18_new_summer.png	11372	fd1c34e3b3bfaf9099496bb020308cbc	
C	GameResources-maps-ui-preview-res-SocMilitary_new_summer.png	Resources/GameResources/maps/ui/preview/res/SocMilitary_new_summer.png	12096	99125ea2e8091d593dacebb91a6bd5db	
C	GameResources-maps-ui-preview-res-SocMonolithControl_new_summer.png	Resources/GameResources/maps/ui/preview/res/SocMonolithControl_new_summer.png	10524	4743bf1f0f23c5cc5854985cf51c27a0	
C	GameResources-maps-ui-preview-res-SocMpAgroprom_new_summer.png	Resources/GameResources/maps/ui/preview/res/SocMpAgroprom_new_summer.png	11892	ec5eb7113085bf091a7848dd266b9d9b	
C	GameResources-maps-ui-preview-res-SocMpAtp_new_summer.png	Resources/GameResources/maps/ui/preview/res/SocMpAtp_new_summer.png	8476	c930e62a0f81b79fd63d680bb3ddc9bd	
C	GameResources-maps-ui-preview-res-SocMpBath_new_summer.png	Resources/GameResources/maps/ui/preview/res/SocMpBath_new_summer.png	8908	b66d105fb3c5ebf83085688245d795af	
C	GameResources-maps-ui-preview-res-SocMpDarkValley_new_summer.png	Resources/GameResources/maps/ui/preview/res/SocMpDarkValley_new_summer.png	11864	89afa40701e8a33a58316838998c1a70	
C	GameResources-maps-ui-preview-res-SocMpFactory_new_summer.png	Resources/GameResources/maps/ui/preview/res/SocMpFactory_new_summer.png	9684	842a3345409388767123ee3e321abce2	
C	GameResources-maps-ui-preview-res-SocMpLostVillage_new_summer.png	Resources/GameResources/maps/ui/preview/res/SocMpLostVillage_new_summer.png	11596	3b86a3095460884a3bb8a5e5aba01fb1	
C	GameResources-maps-ui-preview-res-SocMpMilitary1_new_summer.png	Resources/GameResources/maps/ui/preview/res/SocMpMilitary1_new_summer.png	11412	5dc6bb5f37c3ecd1c79c1737769351ac	
C	GameResources-maps-ui-preview-res-SocMpMilitary2_new_summer.png	Resources/GameResources/maps/ui/preview/res/SocMpMilitary2_new_summer.png	11956	c55d636b65335c25951b69f9b89aed7d	
C	GameResources-maps-ui-preview-res-SocMpPool_new_summer.png	Resources/GameResources/maps/ui/preview/res/SocMpPool_new_summer.png	8348	d836fcb23a97da4a998a9c0890417c0b	
C	GameResources-maps-ui-preview-res-SocMpRailroad_new_summer.png	Resources/GameResources/maps/ui/preview/res/SocMpRailroad_new_summer.png	9316	170577ffe2c42dda00ae9545e9d05868	
C	GameResources-maps-ui-preview-res-SocMpRostok_new_summer.png	Resources/GameResources/maps/ui/preview/res/SocMpRostok_new_summer.png	10896	ba395c0a5000c0f3542e0b7063e95b34	
C	GameResources-maps-ui-preview-res-SocMpWorkshop_new_summer.png	Resources/GameResources/maps/ui/preview/res/SocMpWorkshop_new_summer.png	11092	4bfed65f5f62dd1eeac641d74f8a7f75	
C	GameResources-maps-ui-preview-res-SocRadar_new_summer.png	Resources/GameResources/maps/ui/preview/res/SocRadar_new_summer.png	9324	5ec3939af8abcf510ab83a9875fd8f3c	
C	GameResources-maps-ui-preview-res-SocRostok_new_summer.png	Resources/GameResources/maps/ui/preview/res/SocRostok_new_summer.png	11388	e9282a02e7b8a326365bc01dfcf492a1	
C	GameResources-maps-ui-preview-res-SocSarcophagus_new_summer.png	Resources/GameResources/maps/ui/preview/res/SocSarcophagus_new_summer.png	11220	579025166c81e0602d24d2d32f99766c	
C	GameResources-maps-ui-preview-res-SocYantar_new_summer.png	Resources/GameResources/maps/ui/preview/res/SocYantar_new_summer.png	9420	2b0aea171df640f045b4203cfff5e243	
C	GameResources-maps-ui-preview-res-Solikamsk1100_new_summer.jpg	Resources/GameResources/maps/ui/preview/res/Solikamsk1100_new_summer.jpg	354196	dd99885ce7b9994f2a069a1d50c46ac7	
C	GameResources-maps-ui-preview-res-SolikamskMm_new_summer.png	Resources/GameResources/maps/ui/preview/res/SolikamskMm_new_summer.png	475104	ccde96854a884a687246e3f39585fad2	
C	GameResources-maps-ui-preview-res-SolikamskMm_new_winter.png	Resources/GameResources/maps/ui/preview/res/SolikamskMm_new_winter.png	354320	71f36cffc128d08a06342756e82b1245	
C	GameResources-maps-ui-preview-res-SolikamskOld_new_summer.jpg	Resources/GameResources/maps/ui/preview/res/SolikamskOld_new_summer.jpg	317796	e12b5bb2d403fcdbb6de7d741e0015e7	
C	GameResources-maps-ui-preview-res-SolikamskOld_new_winter.jpg	Resources/GameResources/maps/ui/preview/res/SolikamskOld_new_winter.jpg	264772	4201b88ee1a0cd9e2f0bd6607bb50186	
C	GameResources-maps-ui-preview-res-Solikamsk_new_summer.jpg	Resources/GameResources/maps/ui/preview/res/Solikamsk_new_summer.jpg	466380	3ebf7a222d923ccde7262a0f5e46b685	
C	GameResources-maps-ui-preview-res-Solikamsk_new_winter.jpg	Resources/GameResources/maps/ui/preview/res/Solikamsk_new_winter.jpg	358188	c3e655aa13e5e07e3a0e83e133f894c0	
C	GameResources-maps-ui-preview-res-Solikamsk_old_summer.jpg	Resources/GameResources/maps/ui/preview/res/Solikamsk_old_summer.jpg	411660	509d07020d418b653e5f89f57c76ab0c	
C	GameResources-maps-ui-preview-res-Solikamsk_old_winter.jpg	Resources/GameResources/maps/ui/preview/res/Solikamsk_old_winter.jpg	412460	d7dc070226c449122e944c7b978eebd4	
C	GameResources-maps-ui-preview-res-Space_new_summer.jpg	Resources/GameResources/maps/ui/preview/res/Space_new_summer.jpg	502772	b8566190ccae87968766affd7c6470b1	
C	GameResources-maps-ui-preview-res-Springfalls_new_summer.jpg	Resources/GameResources/maps/ui/preview/res/Springfalls_new_summer.jpg	437424	551eb93e92d55ba9221c193026bb323b	
C	GameResources-maps-ui-preview-res-StadiumMm_new_summer.png	Resources/GameResources/maps/ui/preview/res/StadiumMm_new_summer.png	497084	d276a5c20f8024e232660a58fd55527e	
C	GameResources-maps-ui-preview-res-StadiumMt_new_summer.jpg	Resources/GameResources/maps/ui/preview/res/StadiumMt_new_summer.jpg	474220	9292e02f1ad3520f53f34aa827e310b1	
C	GameResources-maps-ui-preview-res-StadiumOld_new_summer.jpg	Resources/GameResources/maps/ui/preview/res/StadiumOld_new_summer.jpg	294924	dd5a254c11d4eb419c98d816cfe5fdcf	
C	GameResources-maps-ui-preview-res-StadiumOld_new_winter.jpg	Resources/GameResources/maps/ui/preview/res/StadiumOld_new_winter.jpg	397052	e165b22fa5622c347734b04f8db0814e	
C	GameResources-maps-ui-preview-res-Stadium_new_summer.jpg	Resources/GameResources/maps/ui/preview/res/Stadium_new_summer.jpg	483576	45cafabbc370227d08c8fc117309a1a2	
C	GameResources-maps-ui-preview-res-Stadium_new_winter.jpg	Resources/GameResources/maps/ui/preview/res/Stadium_new_winter.jpg	270792	e4cb49d096684c5cff81302cca8795f5	
C	GameResources-maps-ui-preview-res-Stadium_old_summer.jpg	Resources/GameResources/maps/ui/preview/res/Stadium_old_summer.jpg	424648	77297477a7c7dbae4d179eb382409e68	
C	GameResources-maps-ui-preview-res-Stadium_old_winter.jpg	Resources/GameResources/maps/ui/preview/res/Stadium_old_winter.jpg	458584	3945953127487af96cfbc583e3db9354	
C	GameResources-maps-ui-preview-res-StationMt_new_summer.jpg	Resources/GameResources/maps/ui/preview/res/StationMt_new_summer.jpg	350588	699a911f40891847ae48b2cdada3cdaa	
C	GameResources-maps-ui-preview-res-StationOld_new_summer.jpg	Resources/GameResources/maps/ui/preview/res/StationOld_new_summer.jpg	432924	84a0a6afa2feb21b220a84ca0aeeb0cb	
C	GameResources-maps-ui-preview-res-StationOld_new_winter.jpg	Resources/GameResources/maps/ui/preview/res/StationOld_new_winter.jpg	398652	7c03bfe8bafcf922b18115be086b9247	
C	GameResources-maps-ui-preview-res-StationTlvk_new_summer.png	Resources/GameResources/maps/ui/preview/res/StationTlvk_new_summer.png	463056	87341f1de4e2cc5037e6462a1dc1bb05	
C	GameResources-maps-ui-preview-res-Station_new_summer.jpg	Resources/GameResources/maps/ui/preview/res/Station_new_summer.jpg	477096	5cc19358b07b656f4a6f6d9613e055fb	
C	GameResources-maps-ui-preview-res-Station_new_winter.jpg	Resources/GameResources/maps/ui/preview/res/Station_new_winter.jpg	330232	95b7d5bf8c28fb8408e97b034f1a275f	
C	GameResources-maps-ui-preview-res-Station_old_summer.jpg	Resources/GameResources/maps/ui/preview/res/Station_old_summer.jpg	483912	20fe77c71520ce990315de6be1fef361	
C	GameResources-maps-ui-preview-res-Station_old_winter.jpg	Resources/GameResources/maps/ui/preview/res/Station_old_winter.jpg	497256	72a8153da2ceaf5fee75f63669a53615	
C	GameResources-maps-ui-preview-res-Streetracers2_new_summer.jpg	Resources/GameResources/maps/ui/preview/res/Streetracers2_new_summer.jpg	512308	1dc676c4c3d899b7cabc09ac97ea5b52	
C	GameResources-maps-ui-preview-res-SubwayOld_new_summer.jpg	Resources/GameResources/maps/ui/preview/res/SubwayOld_new_summer.jpg	325004	78c45f3cb2f2fc8651f635dfdd80904d	
C	GameResources-maps-ui-preview-res-SubwayOld_new_winter.jpg	Resources/GameResources/maps/ui/preview/res/SubwayOld_new_winter.jpg	395180	80269b696a108b287a302accfc0bd8d8	
C	GameResources-maps-ui-preview-res-Subway_new_summer.jpg	Resources/GameResources/maps/ui/preview/res/Subway_new_summer.jpg	394468	8fbf433457eff9506e992a91ec07e455	
C	GameResources-maps-ui-preview-res-Subway_new_winter.jpg	Resources/GameResources/maps/ui/preview/res/Subway_new_winter.jpg	367860	c2b6534e8e81f3383636de503ea58dfb	
C	GameResources-maps-ui-preview-res-Subway_old_summer.jpg	Resources/GameResources/maps/ui/preview/res/Subway_old_summer.jpg	470612	535f6b0d8264a9d84c79dd7e594a80cb	
C	GameResources-maps-ui-preview-res-Subway_old_winter.jpg	Resources/GameResources/maps/ui/preview/res/Subway_old_winter.jpg	484372	36a6555de44d1ceed22465d1a4bc6c5a	
C	GameResources-maps-ui-preview-res-TankistogradOld_new_summer.jpg	Resources/GameResources/maps/ui/preview/res/TankistogradOld_new_summer.jpg	388520	725ead10727fe4350749af04a9f0cf7f	
C	GameResources-maps-ui-preview-res-Temple_new_summer.jpg	Resources/GameResources/maps/ui/preview/res/Temple_new_summer.jpg	458324	8fd4322f51dfb6d5df41f7dbd6c30a23	
C	GameResources-maps-ui-preview-res-TestMapOld_new_summer.jpg	Resources/GameResources/maps/ui/preview/res/TestMapOld_new_summer.jpg	302492	cb0aaea4184874940e30d4d2f4132642	
C	GameResources-maps-ui-preview-res-TestOld_new_summer.jpg	Resources/GameResources/maps/ui/preview/res/TestOld_new_summer.jpg	355176	08ab0147172931923edbd0eb718dddb5	
C	GameResources-maps-ui-preview-res-Testbox_new_summer.jpg	Resources/GameResources/maps/ui/preview/res/Testbox_new_summer.jpg	355176	371f1849aca543e81d0d94061a9ec0f3	
C	GameResources-maps-ui-preview-res-TestingGround1Old_new_summer.jpg	Resources/GameResources/maps/ui/preview/res/TestingGround1Old_new_summer.jpg	333884	327d123c815ab1bb4ca3257456c3c233	
C	GameResources-maps-ui-preview-res-TestingGround2Old_new_summer.jpg	Resources/GameResources/maps/ui/preview/res/TestingGround2Old_new_summer.jpg	333884	7000e807ea44b78adfcd28e3760f395e	
C	GameResources-maps-ui-preview-res-TpsOld_new_summer.png	Resources/GameResources/maps/ui/preview/res/TpsOld_new_summer.png	371812	7074c0653aeae41db6aabd2306eda021	
C	GameResources-maps-ui-preview-res-Track_new_summer.jpg	Resources/GameResources/maps/ui/preview/res/Track_new_summer.jpg	424900	864821afcefec8fd0384470bcd28cbc4	
C	GameResources-maps-ui-preview-res-TrainStationOld_new_summer.jpg	Resources/GameResources/maps/ui/preview/res/TrainStationOld_new_summer.jpg	375896	e1e68f475a310bebe2c0228cb261f579	
C	GameResources-maps-ui-preview-res-TrainStationOld_new_winter.jpg	Resources/GameResources/maps/ui/preview/res/TrainStationOld_new_winter.jpg	344200	6f1415135f13f0b9bf247b5d9cb8fe4a	
C	GameResources-maps-ui-preview-res-TrainsQuest_new_summer.jpg	Resources/GameResources/maps/ui/preview/res/TrainsQuest_new_summer.jpg	344944	c0d2bff2e596a478068d28a2790c1e48	
C	GameResources-maps-ui-preview-res-Trains_new_summer.jpg	Resources/GameResources/maps/ui/preview/res/Trains_new_summer.jpg	319172	1b9d4440e6c3724ec3dbd656782e5e28	
C	GameResources-maps-ui-preview-res-Trains_new_winter.jpg	Resources/GameResources/maps/ui/preview/res/Trains_new_winter.jpg	340948	1ef1256623b689de5122ea3e590bc5e9	
C	GameResources-maps-ui-preview-res-Tribute1100_new_summer.png	Resources/GameResources/maps/ui/preview/res/Tribute1100_new_summer.png	408976	fc56f9fc3a15efe43745ebc46db84097	
C	GameResources-maps-ui-preview-res-TributeMm_new_summer.png	Resources/GameResources/maps/ui/preview/res/TributeMm_new_summer.png	474764	0608076fa538aabf1455cb8f9a9098d0	
C	GameResources-maps-ui-preview-res-TributeMm_new_winter.png	Resources/GameResources/maps/ui/preview/res/TributeMm_new_winter.png	405548	f8c78eb04cf9f0f1863fafd503258444	
C	GameResources-maps-ui-preview-res-TributeOld_new_summer.jpg	Resources/GameResources/maps/ui/preview/res/TributeOld_new_summer.jpg	394716	52ea1cc5c362b6e0c0ec0c2a69f63b61	
C	GameResources-maps-ui-preview-res-TributeOld_new_winter.jpg	Resources/GameResources/maps/ui/preview/res/TributeOld_new_winter.jpg	321708	79109621259db68d3e22120dcba5c567	
C	GameResources-maps-ui-preview-res-Tribute_new_summer.jpg	Resources/GameResources/maps/ui/preview/res/Tribute_new_summer.jpg	504520	396e561ff368bcd175c2ea7d8e188cb0	
C	GameResources-maps-ui-preview-res-Tribute_new_winter.jpg	Resources/GameResources/maps/ui/preview/res/Tribute_new_winter.jpg	316552	662b0ff5fabadd6f223950f446efa2e6	
C	GameResources-maps-ui-preview-res-Tribute_old_summer.jpg	Resources/GameResources/maps/ui/preview/res/Tribute_old_summer.jpg	550520	80e83931f659c05a35e03e140d643a7a	
C	GameResources-maps-ui-preview-res-Tribute_old_winter.jpg	Resources/GameResources/maps/ui/preview/res/Tribute_old_winter.jpg	515384	62e38bc775e875c3ff4ab337cf243d02	
C	GameResources-maps-ui-preview-res-Tutorial_new_summer.png	Resources/GameResources/maps/ui/preview/res/Tutorial_new_summer.png	420668	f487f92f866536b496ca78fb28c55808	
C	GameResources-maps-ui-preview-res-UnicornsAndRainbow_new_summer.jpg	Resources/GameResources/maps/ui/preview/res/UnicornsAndRainbow_new_summer.jpg	243948	8aea81c43821bc44ca2ca2c15fe0d9c7	
C	GameResources-maps-ui-preview-res-ValleyOld_new_summer.png	Resources/GameResources/maps/ui/preview/res/ValleyOld_new_summer.png	448220	af55f54dd040f67a4e43ad8d39e52e89	
C	GameResources-maps-ui-preview-res-ValleyOld_new_winter.png	Resources/GameResources/maps/ui/preview/res/ValleyOld_new_winter.png	446380	6e1d03c550418e11ac0938398ffd9f73	
C	GameResources-maps-ui-preview-res-Valley_new_summer.jpg	Resources/GameResources/maps/ui/preview/res/Valley_new_summer.jpg	505076	26424d6fb782fa465d8d1a01a4e00704	
C	GameResources-maps-ui-preview-res-Valley_new_winter.jpg	Resources/GameResources/maps/ui/preview/res/Valley_new_winter.jpg	355508	0d99418b7cc1ea6ee8d6106e60f1f394	
C	GameResources-maps-ui-preview-res-Valley_old_summer.jpg	Resources/GameResources/maps/ui/preview/res/Valley_old_summer.jpg	553076	b5a9a2e23db5bf7a9ecea919d351412c	
C	GameResources-maps-ui-preview-res-Valley_old_winter.jpg	Resources/GameResources/maps/ui/preview/res/Valley_old_winter.jpg	491876	adadcc7ae7bbf280ffcdfea2f2cf5b51	
C	GameResources-maps-ui-preview-res-Village_new_summer.jpg	Resources/GameResources/maps/ui/preview/res/Village_new_summer.jpg	324008	304d2b8a0d647f6ebebdbe7ca47ecc47	
C	GameResources-maps-ui-preview-res-Wasp_new_summer.jpg	Resources/GameResources/maps/ui/preview/res/Wasp_new_summer.jpg	485316	efaa4b256075364edb580cfad6baade1	
C	GameResources-maps-ui-preview-res-WaterUtility_new_summer.png	Resources/GameResources/maps/ui/preview/res/WaterUtility_new_summer.png	397044	2d406a2de7798e60072b7b003b95acd2	
C	GameResources-maps-ui-preview-res-WaveMt_new_summer.jpg	Resources/GameResources/maps/ui/preview/res/WaveMt_new_summer.jpg	371076	6bb80b95fb0a8b92bc6d2557a519b98c	
C	GameResources-maps-ui-preview-res-WaveOld_new_summer.png	Resources/GameResources/maps/ui/preview/res/WaveOld_new_summer.png	298792	f1abddbe7c84e937a00dd0e297f87f30	
C	GameResources-maps-ui-preview-res-WaveOld_new_winter.jpg	Resources/GameResources/maps/ui/preview/res/WaveOld_new_winter.jpg	302408	13975d389fb49d4018fa5d8cc12f1961	
C	GameResources-maps-ui-preview-res-WavePro_new_winter.jpg	Resources/GameResources/maps/ui/preview/res/WavePro_new_winter.jpg	316072	a5ecf5ede7fbae159e02b237f4f329a7	
C	GameResources-maps-ui-preview-res-WaveTlvk_new_winter.png	Resources/GameResources/maps/ui/preview/res/WaveTlvk_new_winter.png	329484	e87d018fdb19d90920bbbd2214f7d234	
C	GameResources-maps-ui-preview-res-Wave_new_summer.jpg	Resources/GameResources/maps/ui/preview/res/Wave_new_summer.jpg	457124	f5666b67cec6b8f4dfd0de12c15c2135	
C	GameResources-maps-ui-preview-res-Wave_new_winter.jpg	Resources/GameResources/maps/ui/preview/res/Wave_new_winter.jpg	407188	0a5ff46ec9b52f5d2cda2b779a0afb27	
C	GameResources-maps-ui-preview-res-Wave_old_summer.jpg	Resources/GameResources/maps/ui/preview/res/Wave_old_summer.jpg	481476	1b327e1c1665671b8dc93bfc116b3bfa	
C	GameResources-maps-ui-preview-res-WestfieldMt_new_summer.jpg	Resources/GameResources/maps/ui/preview/res/WestfieldMt_new_summer.jpg	440352	53999f36d50e0234992919324ca3a2d8	
C	GameResources-maps-ui-preview-res-Westfield_new_summer.png	Resources/GameResources/maps/ui/preview/res/Westfield_new_summer.png	440332	a66b2d5972271e6fa5ff2ae7dc25a4b3	
C	GameResources-maps-ui-preview-res-WolfensteinMm_new_summer.png	Resources/GameResources/maps/ui/preview/res/WolfensteinMm_new_summer.png	461732	03a656beb98afc2f2c2f73a90ffdb2e5	
C	GameResources-maps-ui-preview-res-WolfensteinMm_new_winter.png	Resources/GameResources/maps/ui/preview/res/WolfensteinMm_new_winter.png	384852	d7d2ab7831a0d24b41e043fbce810767	
C	GameResources-maps-ui-preview-res-WolfensteinOld_new_summer.jpg	Resources/GameResources/maps/ui/preview/res/WolfensteinOld_new_summer.jpg	377332	1d3d1eb01a1fb8d12378ac47fe5bc88a	
C	GameResources-maps-ui-preview-res-WolfensteinOld_new_winter.jpg	Resources/GameResources/maps/ui/preview/res/WolfensteinOld_new_winter.jpg	227220	d34789a059b5a85025bfa8a287b91e24	
C	GameResources-maps-ui-preview-res-Wolfenstein_new_summer.jpg	Resources/GameResources/maps/ui/preview/res/Wolfenstein_new_summer.jpg	513744	6a539dc2c4513a1f9f67e4c60ad5b0e2	
C	GameResources-maps-ui-preview-res-Wolfenstein_new_winter.jpg	Resources/GameResources/maps/ui/preview/res/Wolfenstein_new_winter.jpg	343632	6fcfefe78bab482eea8822558a8e6489	
C	GameResources-maps-ui-preview-res-Wolfenstein_old_summer.jpg	Resources/GameResources/maps/ui/preview/res/Wolfenstein_old_summer.jpg	498032	677b5a1b4eeaed5fde26bda2582f9d09	
C	GameResources-maps-ui-preview-res-Wolfenstein_old_winter.jpg	Resources/GameResources/maps/ui/preview/res/Wolfenstein_old_winter.jpg	411664	4cb95289649358a7d0ad26b26aaa41db	
C	GameResources-maps-ui-preview-res-Yard_new_summer.jpg	Resources/GameResources/maps/ui/preview/res/Yard_new_summer.jpg	368372	942782b6913a65cbad69ac6f29e6dabb	
C	GameResources-maps-ui-preview-res-Year2042Mm_new_summer.png	Resources/GameResources/maps/ui/preview/res/Year2042Mm_new_summer.png	373260	10fc9a8520cd17ec55d549adcf028e40	
C	GameResources-maps-ui-preview-res-Year2042Mm_new_winter.png	Resources/GameResources/maps/ui/preview/res/Year2042Mm_new_winter.png	431388	20e4eb4d64a3c4f29f7dd41d682da790	
C	GameResources-maps-ui-preview-res-Year2042Old_new_summer.jpg	Resources/GameResources/maps/ui/preview/res/Year2042Old_new_summer.jpg	341552	048c25b4dffe77e30078386006583361	
C	GameResources-maps-ui-preview-res-Year2042Old_new_winter.jpg	Resources/GameResources/maps/ui/preview/res/Year2042Old_new_winter.jpg	410688	19ece54902ff1c7adea2ad979c8b4c32	
C	GameResources-maps-ui-preview-res-Year2042_new_winter.png	Resources/GameResources/maps/ui/preview/res/Year2042_new_winter.png	349948	2aa38b3766a3ed5e8e2d5c61388bd409	
C	GameResources-maps-ui-preview-res-Yekaterinburg_new_summer.png	Resources/GameResources/maps/ui/preview/res/Yekaterinburg_new_summer.png	389156	e4194cf69a86d763c87034ea03871ed2	
C	GameResources-maps-ui-preview-res-YorkshireMm_new_summer.png	Resources/GameResources/maps/ui/preview/res/YorkshireMm_new_summer.png	500048	8b0f9167d3c08129b76baba0b46845a4	
C	GameResources-maps-ui-preview-res-YorkshireMm_new_winter.png	Resources/GameResources/maps/ui/preview/res/YorkshireMm_new_winter.png	423456	2252c32b6dd973e7809c8e563daf8a0b	
C	GameResources-maps-ui-preview-res-Zavod_new_summer.jpg	Resources/GameResources/maps/ui/preview/res/Zavod_new_summer.jpg	499396	e314d5603ac3812743a8719314956571	
C	GameResources-maps-ui-preview-res-Zone51_new_summer.jpg	Resources/GameResources/maps/ui/preview/res/Zone51_new_summer.jpg	440484	b411372a489b7be59d397e1e38c3a69e	
C	GameResources-maps-ui-preview-res-ZoneMt_new_summer.jpg	Resources/GameResources/maps/ui/preview/res/ZoneMt_new_summer.jpg	498500	89d07e09e57c9798bd5869e3f43a1e1b	
C	GameResources-maps-ui-preview-res-ZoneOld_new_summer.jpg	Resources/GameResources/maps/ui/preview/res/ZoneOld_new_summer.jpg	360648	205e2a6e9f553646db4900fb7017f074	
C	GameResources-maps-ui-preview-res-ZoneOld_new_winter.jpg	Resources/GameResources/maps/ui/preview/res/ZoneOld_new_winter.jpg	403672	05a156b6d6cb4e1e89e93a9861c79e27	
C	GameResources-maps-ui-preview-res-ZoneTlvk_new_summer.png	Resources/GameResources/maps/ui/preview/res/ZoneTlvk_new_summer.png	411756	3ee8cd0fd4c0502430dedfa07652c63b	
C	GameResources-maps-ui-preview-res-Zone_new_summer.jpg	Resources/GameResources/maps/ui/preview/res/Zone_new_summer.jpg	419892	79ec20c6954055e1fc9b7bf8a3ebe6f2	
C	GameResources-maps-ui-preview-res-Zone_new_winter.jpg	Resources/GameResources/maps/ui/preview/res/Zone_new_winter.jpg	532420	13738c004579aa048009ac52fc8c8e43	
C	GameResources-maps-ui-preview-res-Zone_old_summer.jpg	Resources/GameResources/maps/ui/preview/res/Zone_old_summer.jpg	489812	4e788ed2c52b2ade8a024561bbb4734b	
C	GameResources-maps-ui-preview-res-________.jpg	Resources/GameResources/maps/ui/preview/res/Подземка.jpg	324756	3420e15677418a2335845257075c010b	
C	GameResources-ranksconfig	Resources/GameResources/ranksconfig	137532	337cb5979f7d5bc9d9dc01b92f0c50c9	
C	Maps-2013_new_summer.xml	Resources/Maps/2013_new_summer.xml	979728	5ac55e75c3f1404e5c4bb119158e0d6c	
C	Maps-2042_new_summer.xml	Resources/Maps/2042_new_summer.xml	988064	0cc669183fcc82b33a7a0840943c9bb3	
C	Maps-2042_new_winter.xml	Resources/Maps/2042_new_winter.xml	997600	7a5017bd5d50cf607a1696e5ff5e17f4	
C	Maps-2042_old_summer.xml	Resources/Maps/2042_old_summer.xml	1052272	1b210f99616f0dfc851cba5ed80e7c66	
C	Maps-2042_old_winter.xml	Resources/Maps/2042_old_winter.xml	1063168	b70f601e4a70ac5cd93b8c964adbcb62	
C	Maps-242_new_summer.xml	Resources/Maps/242_new_summer.xml	775152	da02c16a147ed0bf7304960a6a1bd94d	
C	Maps-242_new_winter.xml	Resources/Maps/242_new_winter.xml	782192	5267c8d43300f4fc28e90a93fd30b258	
C	Maps-3thLibrary_new_summer.xml	Resources/Maps/3thLibrary_new_summer.xml	1891028	4c9d08dac621dc37f885f5075f258942	
C	Maps-AbyssOld_new_summer.xml	Resources/Maps/AbyssOld_new_summer.xml	1492308	fceca0e1c7145bf35aafa3a70cd9183e	
C	Maps-Abyss_new_summer.xml	Resources/Maps/Abyss_new_summer.xml	1477184	14c011c3866a8ff5c7e10f40917b502d	
C	Maps-Abyss_old_summer.xml	Resources/Maps/Abyss_old_summer.xml	1502928	3cb809c34cd822e31a4e0c1e86a0b066	
C	Maps-Abyss_old_winter.xml	Resources/Maps/Abyss_old_winter.xml	1523616	631a71d66349ff3126509ef45f6d80d0	
C	Maps-Agroprom_new_summer.xml	Resources/Maps/Agroprom_new_summer.xml	4628724	83607c8174bbb9e7e396de35032f27b6	
C	Maps-AleksandrovskMm_new_summer.xml	Resources/Maps/AleksandrovskMm_new_summer.xml	1984044	f49784408fb1551fb39a811b7463b077	
C	Maps-AleksandrovskMm_new_winter.xml	Resources/Maps/AleksandrovskMm_new_winter.xml	2010188	015a6f441a8524192ef095cbe5eb09a3	
C	Maps-AleksandrovskMt_new_summer.xml	Resources/Maps/AleksandrovskMt_new_summer.xml	1435980	7df1b1f16c7aaf05254cd4a18c85efce	
C	Maps-AleksandrovskTlvk_new_winter.xml	Resources/Maps/AleksandrovskTlvk_new_winter.xml	1438380	f62ed96671d8e6f5017347e91b84e227	
C	Maps-Aleksandrovsk_new_summer.xml	Resources/Maps/Aleksandrovsk_new_summer.xml	1241432	2b60c1e0a230102d10a6e00ff6361db1	
C	Maps-Aleksandrovsk_new_winter.xml	Resources/Maps/Aleksandrovsk_new_winter.xml	1261512	1a164710c4a15789523507efd9c4a2f3	
C	Maps-AlexandrovskNy_new_summer.xml	Resources/Maps/AlexandrovskNy_new_summer.xml	1126968	5c6ce2b65a20cef5b18170a588db92c2	
C	Maps-ArchipelagoMmOld_new_summer.xml	Resources/Maps/ArchipelagoMmOld_new_summer.xml	912684	ba40ccc9f0d7d65c907d56e276f16618	
C	Maps-ArchipelagoMmOld_new_winter.xml	Resources/Maps/ArchipelagoMmOld_new_winter.xml	918764	b99c1ac7a2b7beb5a3ff4a5a71ca43e7	
C	Maps-ArchipelagoMm_new_summer.xml	Resources/Maps/ArchipelagoMm_new_summer.xml	1074968	a9b59d1857ac640893b36d893b6c4e74	
C	Maps-ArchipelagoMm_new_winter.xml	Resources/Maps/ArchipelagoMm_new_winter.xml	1082104	b1eab5698580f56a373783a37222786d	
C	Maps-Arena20_new_summer.xml	Resources/Maps/Arena20_new_summer.xml	816916	3a240e4ad78fbd55d0d91881db41c0d9	
C	Maps-ArenaIiOld_new_summer.xml	Resources/Maps/ArenaIiOld_new_summer.xml	321764	91bd1f21ff5033e73619703a2587d87a	
C	Maps-ArenaMt_new_summer.xml	Resources/Maps/ArenaMt_new_summer.xml	180084	097c572485c619f408fee8879818fabf	
C	Maps-ArenaOld_new_summer.xml	Resources/Maps/ArenaOld_new_summer.xml	151764	968785aabb10ec5c9e396f36b3b30a54	
C	Maps-ArenaOld_new_winter.xml	Resources/Maps/ArenaOld_new_winter.xml	154836	82b01e94d102978e302a54b599773dd7	
C	Maps-ArenaPro_new_winter.xml	Resources/Maps/ArenaPro_new_winter.xml	189412	d53d21a4402dd3516831ca0c071b806f	
C	Maps-ArenaTlvk_new_summer.xml	Resources/Maps/ArenaTlvk_new_summer.xml	171364	f3e4d9dfb071e966f205a9b9227d4962	
C	Maps-Arena_new_summer.xml	Resources/Maps/Arena_new_summer.xml	187616	c3fed3349db0575a3fb9df31231ec6d8	
C	Maps-Arena_new_winter.xml	Resources/Maps/Arena_new_winter.xml	156832	e6578e5c53390be3e0f92cab3a717c65	
C	Maps-Arena_old_summer.xml	Resources/Maps/Arena_old_summer.xml	155056	b87858e4258f6a220f4d4122988ca427	
C	Maps-AstrellaOld_new_summer.xml	Resources/Maps/AstrellaOld_new_summer.xml	708968	92fb212633ac2d81a4b77fd085eea24a	
C	Maps-Atra2_old_summer.xml	Resources/Maps/Atra2_old_summer.xml	275360	66aa71db4d8a2a977a489ada5f948179	
C	Maps-Atra2_old_winter.xml	Resources/Maps/Atra2_old_winter.xml	278160	9a584222420ae91476a56dfacbf8bd0b	
C	Maps-AtraIOld_new_summer.xml	Resources/Maps/AtraIOld_new_summer.xml	167124	c33e00dc3e0b2e6cf58e3335fc4f161d	
C	Maps-AtraIOld_new_winter.xml	Resources/Maps/AtraIOld_new_winter.xml	168724	79b35175e265fd6a1a9ccc8d7841c5c9	
C	Maps-AtraIiOld_new_summer.xml	Resources/Maps/AtraIiOld_new_summer.xml	269108	9f8f0ea39a17ad9850e8fb03cc580549	
C	Maps-AtraIiOld_new_winter.xml	Resources/Maps/AtraIiOld_new_winter.xml	271940	4074531352eeb65a1f4b5122e68291f3	
C	Maps-AtraPro_new_winter.xml	Resources/Maps/AtraPro_new_winter.xml	307716	e201044ac01f55bbb4d261359f65530d	
C	Maps-Atra_new_summer.xml	Resources/Maps/Atra_new_summer.xml	305600	e9d777656ece53c15c899cd784023538	
C	Maps-Atra_new_winter.xml	Resources/Maps/Atra_new_winter.xml	171488	d62fc494f275f4ff8027902f033441aa	
C	Maps-Atra_old_summer.xml	Resources/Maps/Atra_old_summer.xml	169856	636bf1113db00f3d24d2c03af63927cb	
C	Maps-BabylonOld_new_summer.xml	Resources/Maps/BabylonOld_new_summer.xml	2756116	e2d64b1b5eb6b966ad817a20ae108030	
C	Maps-Babylon_new_summer.xml	Resources/Maps/Babylon_new_summer.xml	2893012	471ad7d3ed50df99cc96ce7b96511c26	
C	Maps-BaggageTest_new_summer.xml	Resources/Maps/BaggageTest_new_summer.xml	1645160	27a1197d59cadecce9e5d698a90e08c2	
C	Maps-Barda1100_new_summer.xml	Resources/Maps/Barda1100_new_summer.xml	735172	588c2627ea031565cfd9f9ed1191a608	
C	Maps-BardaMm_new_summer.xml	Resources/Maps/BardaMm_new_summer.xml	2000004	47f136f45632ca4972853f77b6139336	
C	Maps-BardaMm_new_winter.xml	Resources/Maps/BardaMm_new_winter.xml	2025476	cbb404ced1b8fe221ed70fdaa128b2c2	
C	Maps-BardaOld_new_summer.xml	Resources/Maps/BardaOld_new_summer.xml	736276	f68c3545efee6381a56c5e7010f97323	
C	Maps-BardaOld_new_winter.xml	Resources/Maps/BardaOld_new_winter.xml	744020	6eea5ce5f76afa726d67cfc9c7305a54	
C	Maps-BardaTlvk_new_summer.xml	Resources/Maps/BardaTlvk_new_summer.xml	1191332	271d46a52af11077bae58ff1a02b8146	
C	Maps-BardaTlvk_new_winter.xml	Resources/Maps/BardaTlvk_new_winter.xml	1205524	bb5d3739a64451ececef587797b7e6a2	
C	Maps-Barda_new_summer.xml	Resources/Maps/Barda_new_summer.xml	993824	99b180db6ff0fb8477c4d7fd06d334cc	
C	Maps-Barda_new_winter.xml	Resources/Maps/Barda_new_winter.xml	1005120	0efaa6bf5532fdb1273ae4c836693ec3	
C	Maps-Barda_old_summer.xml	Resources/Maps/Barda_old_summer.xml	768192	13b4a08bef9a8d7ec7848832d2845385	
C	Maps-Barda_old_winter.xml	Resources/Maps/Barda_old_winter.xml	777264	e5427e345e08cad00429ca26707bc773	
C	Maps-BastionMt_new_summer.xml	Resources/Maps/BastionMt_new_summer.xml	1453924	f3e946d8c22f82cbd74ca957ffcf854e	
C	Maps-Bastion_new_summer.xml	Resources/Maps/Bastion_new_summer.xml	881124	2ac20993a7a08c09265345f1f030d98e	
C	Maps-Battlecity_new_summer.xml	Resources/Maps/Battlecity_new_summer.xml	1488884	f2ecbc8bb4fc22f032894b4ba3ef37f7	
C	Maps-Beachfort_new_summer.xml	Resources/Maps/Beachfort_new_summer.xml	3272660	27f69872e1823d4748d886e18f8295ab	
C	Maps-Berlin1100_new_summer.xml	Resources/Maps/Berlin1100_new_summer.xml	1816260	41c023736dc238159cbc94975183f206	
C	Maps-BerlinMm_new_summer.xml	Resources/Maps/BerlinMm_new_summer.xml	2138116	0683f8c2beeaf842fc4a30fcbc26a443	
C	Maps-BerlinMm_new_winter.xml	Resources/Maps/BerlinMm_new_winter.xml	2165524	29c345fd7d7df1b55c3333e5d73f63a1	
C	Maps-BerlinOld_new_summer.xml	Resources/Maps/BerlinOld_new_summer.xml	1903028	7b264bf1f0bcbedfd4eb86ecc7e0d465	
C	Maps-BerlinOld_new_winter.xml	Resources/Maps/BerlinOld_new_winter.xml	1924852	b72ef540163f696b28493f901983c5f5	
C	Maps-BerlinTlvk_new_summer.xml	Resources/Maps/BerlinTlvk_new_summer.xml	2033572	3a1c78ab9bc550f5881e11d7c8365ff2	
C	Maps-BerlinTlvk_new_winter.xml	Resources/Maps/BerlinTlvk_new_winter.xml	2058036	2965557db0edcdfb34423df69789fa89	
C	Maps-Berlin_new_summer.xml	Resources/Maps/Berlin_new_summer.xml	2057920	d8dad267074027390bea5b107605edcd	
C	Maps-Berlin_new_winter.xml	Resources/Maps/Berlin_new_winter.xml	2083536	9464cbf5b49d446217f269e03b94a463	
C	Maps-Berlin_old_summer.xml	Resources/Maps/Berlin_old_summer.xml	2002560	b3535468c8878ed3f07a04d1676d8411	
C	Maps-Berlin_old_winter.xml	Resources/Maps/Berlin_old_winter.xml	2028144	cc0efed9801500c29f58ddafa60de834	
C	Maps-Bobruisk1100_new_summer.xml	Resources/Maps/Bobruisk1100_new_summer.xml	706552	a9bd02b9d2bc3029c43bb96b1d70eca3	
C	Maps-BobruiskMm_new_summer.xml	Resources/Maps/BobruiskMm_new_summer.xml	1720244	91fef5d9275a2ff72dc892bf4baca66a	
C	Maps-BobruiskMm_new_winter.xml	Resources/Maps/BobruiskMm_new_winter.xml	1739604	edbb5868a212936fbc55d7e671c7b374	
C	Maps-BobruiskOld_new_summer.xml	Resources/Maps/BobruiskOld_new_summer.xml	707368	b36a6f43bcdd7ac89156d5a478c2d2bb	
C	Maps-BobruiskOld_new_winter.xml	Resources/Maps/BobruiskOld_new_winter.xml	713048	3403960393e0442c5d238c7e785dbea5	
C	Maps-Bobruisk_new_summer.xml	Resources/Maps/Bobruisk_new_summer.xml	760852	e90966420e35123a7a51dfab4690de87	
C	Maps-Bobruisk_new_winter.xml	Resources/Maps/Bobruisk_new_winter.xml	772164	690ad2aff750f5977ed5c35d39de9308	
C	Maps-Bobruisk_old_summer.xml	Resources/Maps/Bobruisk_old_summer.xml	675700	935dc8aceb5de3267b98f49cb078241c	
C	Maps-Bobruisk_old_winter.xml	Resources/Maps/Bobruisk_old_winter.xml	681652	e34a2adaec205ff253e1098198ccfff3	
C	Maps-Boombochnica_new_summer.xml	Resources/Maps/Boombochnica_new_summer.xml	744840	1a31b0ee369e641cdb13e40b599ea9be	
C	Maps-Boombox1100_new_summer.xml	Resources/Maps/Boombox1100_new_summer.xml	245160	50db7a224ebc853a0152ea01e94c972f	
C	Maps-Boombox2_new_summer.xml	Resources/Maps/Boombox2_new_summer.xml	642292	9d87a6372031eb5445095734227a40a4	
C	Maps-BoomboxNy_new_winter.xml	Resources/Maps/BoomboxNy_new_winter.xml	348596	37643a67ea7041fa85505ca9602e39b3	
C	Maps-BoomboxOld_new_summer.xml	Resources/Maps/BoomboxOld_new_summer.xml	245812	ebf6a8ce087514cbbab6d22186d9e8d6	
C	Maps-BoomboxOld_new_winter.xml	Resources/Maps/BoomboxOld_new_winter.xml	248228	4a773c4c652c439e2c107f3fc448843d	
C	Maps-Boombox_new_summer.xml	Resources/Maps/Boombox_new_summer.xml	295796	44441d23d70020959ea765f2dbc0399b	
C	Maps-Boombox_new_winter.xml	Resources/Maps/Boombox_new_winter.xml	300372	e449a76c28d0645f71b8e6aafc0eefc8	
C	Maps-Boombox_old_summer.xml	Resources/Maps/Boombox_old_summer.xml	255316	f1963128f65f9d00a70432e5359246d7	
C	Maps-Boombox_old_winter.xml	Resources/Maps/Boombox_old_winter.xml	257908	335d6b4568fe67432b1603cc6dc42152	
C	Maps-Bottom_new_summer.xml	Resources/Maps/Bottom_new_summer.xml	1004384	ad9f09396374f97f4b449708ca818651	
C	Maps-Brest2_old_summer.xml	Resources/Maps/Brest2_old_summer.xml	1308176	211d25027aca744bcdb2f6d70a40d9d2	
C	Maps-Brest2_old_winter.xml	Resources/Maps/Brest2_old_winter.xml	1322064	b96e8c969e3f2707b4e8f1c8fdea246d	
C	Maps-BrestI1100_new_summer.xml	Resources/Maps/BrestI1100_new_summer.xml	1150068	332ab716162037bd6624c79cc95df4bb	
C	Maps-BrestIOld_new_summer.xml	Resources/Maps/BrestIOld_new_summer.xml	1189044	922b34345f930f5d39c7a2c500ef7fc3	
C	Maps-BrestIOld_new_winter.xml	Resources/Maps/BrestIOld_new_winter.xml	1198612	d470aad8d1e0f1d9ca1c1fcf1cb99fc8	
C	Maps-BrestIi1100_new_summer.xml	Resources/Maps/BrestIi1100_new_summer.xml	1322920	10d68fd7bc0cda6f228db17ee38a6e8d	
C	Maps-BrestIiOld_new_summer.xml	Resources/Maps/BrestIiOld_new_summer.xml	1376260	a766683a4a63e9c56934b127922e06aa	
C	Maps-BrestIiOld_new_winter.xml	Resources/Maps/BrestIiOld_new_winter.xml	1389476	a7e00b90e302afe0f1ff3049a4b19a90	
C	Maps-BrestMm_new_summer.xml	Resources/Maps/BrestMm_new_summer.xml	2494020	d8a02415ffe194b057669e80b00b7203	
C	Maps-BrestMm_new_winter.xml	Resources/Maps/BrestMm_new_winter.xml	2522484	213373dbf933e2fb7d0cb2db8f793293	
C	Maps-Brest_new_summer.xml	Resources/Maps/Brest_new_summer.xml	1654624	909b942ed76276a2a0a7584a5f55ae60	
C	Maps-Brest_new_winter.xml	Resources/Maps/Brest_new_winter.xml	1670736	d84aa88e824aa5fbeaaf0d346e790fcb	
C	Maps-Brest_old_summer.xml	Resources/Maps/Brest_old_summer.xml	1094528	625cc07a26accb319efb2eae41a45411	
C	Maps-Brest_old_winter.xml	Resources/Maps/Brest_old_winter.xml	1104560	470703026e75eaae20457b0b1bd2037c	
C	Maps-BridgeCityOld_new_summer.xml	Resources/Maps/BridgeCityOld_new_summer.xml	283112	18072daa8751a32dbefbdebc34d76547	
C	Maps-BridgeCityOld_new_winter.xml	Resources/Maps/BridgeCityOld_new_winter.xml	286280	ea7b258f30eb5b2a632c752c9a4ddf04	
C	Maps-Bridges1100_new_summer.xml	Resources/Maps/Bridges1100_new_summer.xml	837416	77d69cfd2f7632e49317c9c8e4715288	
C	Maps-BridgesMm_new_summer.xml	Resources/Maps/BridgesMm_new_summer.xml	1632804	a07a1e6376e19e11e91605f560565cc0	
C	Maps-BridgesMm_new_winter.xml	Resources/Maps/BridgesMm_new_winter.xml	1652308	d400523104e9c422f7a027f55a988c9f	
C	Maps-BridgesOld_new_summer.xml	Resources/Maps/BridgesOld_new_summer.xml	871764	99bdf118814c56d3d91ddf2964c741c0	
C	Maps-BridgesOld_new_winter.xml	Resources/Maps/BridgesOld_new_winter.xml	880948	70b9b6d7207db263edbb18acd794c52e	
C	Maps-Bridges_new_summer.xml	Resources/Maps/Bridges_new_summer.xml	1035572	6ce3d55b00616abed97029e391d3dc65	
C	Maps-Bridges_new_winter.xml	Resources/Maps/Bridges_new_winter.xml	1046996	da69456856f257ab21b082578ec9d410	
C	Maps-Bridges_old_summer.xml	Resources/Maps/Bridges_old_summer.xml	834308	385dc045a3ba0ebc43895c9fdcbd921e	
C	Maps-Bridges_old_winter.xml	Resources/Maps/Bridges_old_winter.xml	843972	bb3e23a14b105833608455561fa05b58	
C	Maps-BunkerVektorTv_new_summer.xml	Resources/Maps/BunkerVektorTv_new_summer.xml	379928	6640f0bd839cb91bab2128e3af3ca06c	
C	Maps-CNPP_new_summer.xml	Resources/Maps/CNPP_new_summer.xml	2599760	777cfd8398a4cc974aa2544702797619	
C	Maps-CampOld_new_summer.xml	Resources/Maps/CampOld_new_summer.xml	310292	cfae2ee29ce134b32c42aae01fc1491b	
C	Maps-CampOld_new_winter.xml	Resources/Maps/CampOld_new_winter.xml	315044	c09e8dcb38c5c8d0d9f982dfe5865fe3	
C	Maps-CampPro_new_winter.xml	Resources/Maps/CampPro_new_winter.xml	444964	d3d0af2ebac3c567f12d808047cb4e1e	
C	Maps-CampTlvk_new_summer.xml	Resources/Maps/CampTlvk_new_summer.xml	423972	4d4051750a6984cf2fa53a1a084953ef	
C	Maps-Camp_new_summer.xml	Resources/Maps/Camp_new_summer.xml	440960	9d87bbe5f670081b3a9be9ea568ef583	
C	Maps-Camp_new_winter.xml	Resources/Maps/Camp_new_winter.xml	318352	9a3516d6c896aa118a5f1440c7e85008	
C	Maps-Camp_old_summer.xml	Resources/Maps/Camp_old_summer.xml	314848	76e059b3a35bab0c3175a1f663ceaebe	
C	Maps-CanyonOld_new_summer.xml	Resources/Maps/CanyonOld_new_summer.xml	747796	feda2b7d0295693d4026e53946aacf6c	
C	Maps-CanyonOld_new_winter.xml	Resources/Maps/CanyonOld_new_winter.xml	754132	5521b283d9f59a9c577885db1e247021	
C	Maps-CanyonTlvk_new_summer.xml	Resources/Maps/CanyonTlvk_new_summer.xml	605332	372f036a293c2042e50907e1c044f018	
C	Maps-Canyon_new_summer.xml	Resources/Maps/Canyon_new_summer.xml	733248	2513c20b194d9b8aa613561b0fa6e923	
C	Maps-Canyon_new_winter.xml	Resources/Maps/Canyon_new_winter.xml	610720	b9349685322c2b9279c18c18cf1ac850	
C	Maps-Canyon_old_summer.xml	Resources/Maps/Canyon_old_summer.xml	739792	b08966175b11cf155366c49a1c7fef12	
C	Maps-Canyon_old_winter.xml	Resources/Maps/Canyon_old_winter.xml	746256	d9559f7b35e6318f206da31532e02094	
C	Maps-CarouselOld_new_summer.xml	Resources/Maps/CarouselOld_new_summer.xml	373464	ffba3df4a9b7ba7cb08e976932b7a869	
C	Maps-CavesOld_new_summer.xml	Resources/Maps/CavesOld_new_summer.xml	1168212	5b0ba9b1ca1de4567c47192d6a92ba8a	
C	Maps-Cdr2021_new_winter.xml	Resources/Maps/Cdr2021_new_winter.xml	747300	84f9031b831e3337f1f3986d3b2ff58e	
C	Maps-Cdr2021_old_summer.xml	Resources/Maps/Cdr2021_old_summer.xml	739828	979f4d428cd383e94ff98ee4c77debd9	
C	Maps-Chernobyl1100_new_summer.xml	Resources/Maps/Chernobyl1100_new_summer.xml	1187704	81a6ac3a561fa7c5425e7c47c924d034	
C	Maps-ChernobylMm_new_summer.xml	Resources/Maps/ChernobylMm_new_summer.xml	2611400	fe79703bfe2975381bd335cf36a7efd5	
C	Maps-ChernobylOld_new_summer.xml	Resources/Maps/ChernobylOld_new_summer.xml	1189400	bc51e9092d29b83cd6ec77fa75869452	
C	Maps-ChernobylOld_new_winter.xml	Resources/Maps/ChernobylOld_new_winter.xml	1201304	46c5a4d77d7e4eaee038dc36b314cabc	
C	Maps-ChernushkaMm_new_summer.xml	Resources/Maps/ChernushkaMm_new_summer.xml	2551224	1170783880335d34115183cfb573a237	
C	Maps-Chornobyl_new_summer.xml	Resources/Maps/Chornobyl_new_summer.xml	1230852	5cdcd958b9cb0fbe78a161c78648bc9d	
C	Maps-Chornobyl_new_winter.xml	Resources/Maps/Chornobyl_new_winter.xml	1244356	b8711d52e5f657a81d85b2d3bc5160df	
C	Maps-Chornobyl_old_summer.xml	Resources/Maps/Chornobyl_old_summer.xml	1110292	4f770cd646a3c2e0a08073b358486aa9	
C	Maps-Chornobyl_old_winter.xml	Resources/Maps/Chornobyl_old_winter.xml	1122676	d82a9da5dd328396c3cd23ae52dfe484	
C	Maps-CologneMm_new_summer.xml	Resources/Maps/CologneMm_new_summer.xml	1332484	5aa4787f31654386a9a85678812fedd9	
C	Maps-CologneMm_new_winter.xml	Resources/Maps/CologneMm_new_winter.xml	1347716	e19c7f2458b040c860897606c37e2fcb	
C	Maps-Cologne_new_summer.xml	Resources/Maps/Cologne_new_summer.xml	1096804	d4e1ca9d85aa54e1eddb7979ef4fd956	
C	Maps-ColonyOld_new_summer.xml	Resources/Maps/ColonyOld_new_summer.xml	173412	ab8e2c844e01f4dbece34ad03c6769d4	
C	Maps-CombeOld_new_summer.xml	Resources/Maps/CombeOld_new_summer.xml	176052	671e226903b5a7f4bb5558ec6696037f	
C	Maps-CombeOld_new_winter.xml	Resources/Maps/CombeOld_new_winter.xml	178388	d3371dcb8482cf3f2fa635218e376c57	
C	Maps-Combe_new_summer.xml	Resources/Maps/Combe_new_summer.xml	209424	cb8f48336130b42d05b693c5e6540368	
C	Maps-Combe_new_winter.xml	Resources/Maps/Combe_new_winter.xml	211728	0427e4c6d0de176a4e7829b1ab2088e7	
C	Maps-Combe_old_summer.xml	Resources/Maps/Combe_old_summer.xml	181472	24e07ceab28dcb8b84cef3e6ce762565	
C	Maps-Combe_old_winter.xml	Resources/Maps/Combe_old_winter.xml	183504	906766888739aa68f795c8b39f6f9638	
C	Maps-Concert_new_summer.xml	Resources/Maps/Concert_new_summer.xml	831732	bf38e7e10d3dcb8429b5308a3b71e257	
C	Maps-Construction_new_summer.xml	Resources/Maps/Construction_new_summer.xml	1216888	f5a0f4fb0431a4080d7214f377fff6d2	
C	Maps-Containers_new_summer.xml	Resources/Maps/Containers_new_summer.xml	296292	779b846d6829e6475ddc8ead1eeca858	
C	Maps-Cosmicstation_new_summer.xml	Resources/Maps/Cosmicstation_new_summer.xml	1380856	37a21d75d4198da4997e002ffcf63330	
C	Maps-CourageOld_new_summer.xml	Resources/Maps/CourageOld_new_summer.xml	620196	3f89e52b8fc3f94ce260c31e0ae0fa86	
C	Maps-CourageOld_new_winter.xml	Resources/Maps/CourageOld_new_winter.xml	727748	3377a9eddfd9f29a7200cefc098af76f	
C	Maps-Courage_new_summer.xml	Resources/Maps/Courage_new_summer.xml	477332	20384a23ac54c444b5bc693fb8a7bfe2	
C	Maps-Courage_new_winter.xml	Resources/Maps/Courage_new_winter.xml	481668	27d56c3ad7a25d8012aa75085e800487	
C	Maps-Courage_old_summer.xml	Resources/Maps/Courage_old_summer.xml	661908	6132a3334edfed8487bb17f7a786f1a6	
C	Maps-Courage_old_winter.xml	Resources/Maps/Courage_old_winter.xml	666804	80515098fa5a410532e335e007bb1bae	
C	Maps-Crash2_new_summer.xml	Resources/Maps/Crash2_new_summer.xml	1794224	8a236162587ebf734a2c1e9468820726	
C	Maps-CrashAlpha1Old_new_summer.xml	Resources/Maps/CrashAlpha1Old_new_summer.xml	660328	f3b0c77141f82c3f71a72eca8ef70adc	
C	Maps-CrashAlpha2Old_new_summer.xml	Resources/Maps/CrashAlpha2Old_new_summer.xml	841816	8014883cb64d6855a5dcc4d2cfb93f60	
C	Maps-CrashMt_new_summer.xml	Resources/Maps/CrashMt_new_summer.xml	1752644	705f7e89fbdc394ca817212bd7f718a1	
C	Maps-CrashTlvk_new_summer.xml	Resources/Maps/CrashTlvk_new_summer.xml	1722484	7e21962589bd0eec2045081f0590f590	
C	Maps-Crash_new_summer.xml	Resources/Maps/Crash_new_summer.xml	1812688	05861e86389cbf2f5c233713a783c37c	
C	Maps-Cross1100_new_summer.xml	Resources/Maps/Cross1100_new_summer.xml	360068	956d6e743eb4a42ecc3d948a90257e72	
C	Maps-CrossMm_new_summer.xml	Resources/Maps/CrossMm_new_summer.xml	2568644	23a47c7b447e75ae327318d3eb129bb8	
C	Maps-CrossMm_new_winter.xml	Resources/Maps/CrossMm_new_winter.xml	2597252	fe94c55b140a5e039618e49b791763c9	
C	Maps-CrossOld_new_summer.xml	Resources/Maps/CrossOld_new_summer.xml	378612	07a89e8f598556c9e8715ba0428a5574	
C	Maps-CrossOld_new_winter.xml	Resources/Maps/CrossOld_new_winter.xml	383172	25db4ddfceedad399fdeb92ccd34a257	
C	Maps-CrossTestOld_new_summer.xml	Resources/Maps/CrossTestOld_new_summer.xml	369128	687152da1ab4e492fda984b4dc390d2d	
C	Maps-CrossTlvk_new_summer.xml	Resources/Maps/CrossTlvk_new_summer.xml	1079092	b8fb33a54180d62be39935d116d456dd	
C	Maps-CrossTlvk_new_winter.xml	Resources/Maps/CrossTlvk_new_winter.xml	1094420	8e08200172cb5287cc99804b9d585e9f	
C	Maps-Cross_new_summer.xml	Resources/Maps/Cross_new_summer.xml	410352	492c1c224cb74cc4a43bdbdc32a421f3	
C	Maps-Cross_new_winter.xml	Resources/Maps/Cross_new_winter.xml	414848	23c5b87cda3a2d970e23917e0b9cafaa	
C	Maps-Cross_old_summer.xml	Resources/Maps/Cross_old_summer.xml	395712	34a7da38771521bf3862b8d63cf9a093	
C	Maps-Cross_old_winter.xml	Resources/Maps/Cross_old_winter.xml	400912	7ebaf290fff83e32141815c15ff51490	
C	Maps-Crossroad_new_summer.xml	Resources/Maps/Crossroad_new_summer.xml	403428	ab3499249e50ce461b9a53d1323fe645	
C	Maps-Cryto_new_summer.xml	Resources/Maps/Cryto_new_summer.xml	1936640	0f273ff2fbc447fee91189a08baead2b	
C	Maps-CsAgroUnderground_new_summer.xml	Resources/Maps/CsAgroUnderground_new_summer.xml	2411196	37a9795eca87aaa9e7ef782cbbc9661d	
C	Maps-CsAgroprom_new_summer.xml	Resources/Maps/CsAgroprom_new_summer.xml	5052468	95f7e79560afd9a0ab52d4ae3c83b822	
C	Maps-CsCnpp_new_summer.xml	Resources/Maps/CsCnpp_new_summer.xml	4393056	25cb5c85fc587193084f4c9e2bd2b8ff	
C	Maps-CsDarkValley_new_summer.xml	Resources/Maps/CsDarkValley_new_summer.xml	5215960	dc7659fb21ab3f8608f393322e193ccf	
C	Maps-CsEscape_new_summer.xml	Resources/Maps/CsEscape_new_summer.xml	3249460	95b0130be1b7438a1450fe5fc98b0321	
C	Maps-CsGarbage_new_summer.xml	Resources/Maps/CsGarbage_new_summer.xml	4280340	e3148da12f6f9b13c0c46c49a8ea6457	
C	Maps-CsHospital_new_summer.xml	Resources/Maps/CsHospital_new_summer.xml	3089412	66c4b6e0f15d28e3e2fd208822c3afd2	
C	Maps-CsLimansk_new_summer.xml	Resources/Maps/CsLimansk_new_summer.xml	5594916	def76dca3cceee3a4a60ab159bfb21eb	
C	Maps-CsMarsh_new_summer.xml	Resources/Maps/CsMarsh_new_summer.xml	3228004	65ceba421ebe96d6c5b8d5f672029825	
C	Maps-CsMpAgroprom_new_summer.xml	Resources/Maps/CsMpAgroprom_new_summer.xml	3338520	cf67c21867ffe6c019992d826061ab19	
C	Maps-CsMpAtp_new_summer.xml	Resources/Maps/CsMpAtp_new_summer.xml	2873460	406fb1774a37182e25a169b783331315	
C	Maps-CsMpAutostation_new_summer.xml	Resources/Maps/CsMpAutostation_new_summer.xml	6172188	09f48727e330ca64d43e14c5d3baa5d2	
C	Maps-CsMpBath_new_summer.xml	Resources/Maps/CsMpBath_new_summer.xml	1933844	2cf874011198009f39196ebe1d71e9f8	
C	Maps-CsMpDarkValley_new_summer.xml	Resources/Maps/CsMpDarkValley_new_summer.xml	2630472	08c5200bd4fb0a5b911c67975d231acc	
C	Maps-CsMpFactory_new_summer.xml	Resources/Maps/CsMpFactory_new_summer.xml	3740376	c5261592a3c6e0cb1ec85e8a94a46711	
C	Maps-CsMpFirestation_new_summer.xml	Resources/Maps/CsMpFirestation_new_summer.xml	2947356	6345a83bbb924e7f54df9be46beb8bbf	
C	Maps-CsMpGarbage_new_summer.xml	Resources/Maps/CsMpGarbage_new_summer.xml	3027480	1052ce21c4eb3f7baabc14c7b1488f2e	
C	Maps-CsMpLimansk_new_summer.xml	Resources/Maps/CsMpLimansk_new_summer.xml	5447176	ee3a8cbdd6734fdf87eb1812f8855ec1	
C	Maps-CsMpLostVillage_new_summer.xml	Resources/Maps/CsMpLostVillage_new_summer.xml	3497372	662da284ae8220d714ff8c78e8157700	
C	Maps-CsMpMilitary1_new_summer.xml	Resources/Maps/CsMpMilitary1_new_summer.xml	4126440	74700800f663741f13e8e13e75440605	
C	Maps-CsMpMilitary2_new_summer.xml	Resources/Maps/CsMpMilitary2_new_summer.xml	2325928	7e5b28284cfbcdf3101be295cff7b175	
C	Maps-CsMpPool_new_summer.xml	Resources/Maps/CsMpPool_new_summer.xml	347956	fe128238c94810fe8c512b1db8f56c66	
C	Maps-CsMpRailroad_new_summer.xml	Resources/Maps/CsMpRailroad_new_summer.xml	5517784	c04c2bcf7713525b4e14537ce5ef0800	
C	Maps-CsMpRepairBase_new_summer.xml	Resources/Maps/CsMpRepairBase_new_summer.xml	3597192	1e0cbd683f9f9ab73713918c008054ca	
C	Maps-CsMpRostok_new_summer.xml	Resources/Maps/CsMpRostok_new_summer.xml	5720820	abe05f5efc39c89984de12c26156a354	
C	Maps-CsMpSportCenter_new_summer.xml	Resources/Maps/CsMpSportCenter_new_summer.xml	3913996	fc4d07fbe986a088eb5b4dc38f585914	
C	Maps-CsMpTrainingCamp_new_summer.xml	Resources/Maps/CsMpTrainingCamp_new_summer.xml	3138124	270310865355d06b087f5399604c2820	
C	Maps-CsMpWorkshop_new_summer.xml	Resources/Maps/CsMpWorkshop_new_summer.xml	3882280	cd25b520c2ef19b63f42ad21b6523695	
C	Maps-CsYantar_new_summer.xml	Resources/Maps/CsYantar_new_summer.xml	4475828	78a80b2daf2b58b9c4f543f665b5af53	
C	Maps-Deathtrack1100_new_summer.xml	Resources/Maps/Deathtrack1100_new_summer.xml	1731144	e2258ca5392b0a489c568d9955f958e8	
C	Maps-DeathtrackOld_new_summer.xml	Resources/Maps/DeathtrackOld_new_summer.xml	1794120	3f4e507be36aab631d51076a7fdf1879	
C	Maps-DeathtrackOld_new_winter.xml	Resources/Maps/DeathtrackOld_new_winter.xml	1809752	1134a2caa4f0dbb61da9e420b332a690	
C	Maps-DeathtrackQuest_new_summer.xml	Resources/Maps/DeathtrackQuest_new_summer.xml	2288348	f34e1e2d8c6e65304ead528a8099b487	
C	Maps-Deathtrack_new_summer.xml	Resources/Maps/Deathtrack_new_summer.xml	1537044	3017e806b5f682c761035e4998466e4f	
C	Maps-Deathtrack_new_winter.xml	Resources/Maps/Deathtrack_new_winter.xml	1552660	95e30aa3c37c1f3a56f27a85bc977b8a	
C	Maps-Deathtrack_old_summer.xml	Resources/Maps/Deathtrack_old_summer.xml	1616580	b12c4f456af042021a931027ca518b18	
C	Maps-Deathtrack_old_winter.xml	Resources/Maps/Deathtrack_old_winter.xml	1632484	8effabb089911d1d105e06c347464465	
C	Maps-Deck10_new_summer.xml	Resources/Maps/Deck10_new_summer.xml	670096	f69870e85b56e0a24a02765e9613fbfc	
C	Maps-Deck9Mt_new_summer.xml	Resources/Maps/Deck9Mt_new_summer.xml	357348	cb2a8b33017571f497941bf89332b146	
C	Maps-Deck9Old_new_summer.xml	Resources/Maps/Deck9Old_new_summer.xml	341700	1e0498092bf6e1499cbfd2d84e96c490	
C	Maps-Deck9Old_new_winter.xml	Resources/Maps/Deck9Old_new_winter.xml	338340	ceff55512af47ae63334975b019324d5	
C	Maps-Deck9Tlvk_new_summer.xml	Resources/Maps/Deck9Tlvk_new_summer.xml	339332	8f0b14db93d68d050ee2c57b1a77c254	
C	Maps-Deck9Tlvk_new_winter.xml	Resources/Maps/Deck9Tlvk_new_winter.xml	342596	f149ac539688a0363beb792ea81b8e51	
C	Maps-Deck9_new_summer.xml	Resources/Maps/Deck9_new_summer.xml	343984	b189829fdeb8c7fe4469212dba380881	
C	Maps-Deck9_new_winter.xml	Resources/Maps/Deck9_new_winter.xml	347008	9e7750d144dfd0063c0499fe83bb0d89	
C	Maps-Deck9_old_summer.xml	Resources/Maps/Deck9_old_summer.xml	361200	01663f5cdec92ee7584549b933eccff9	
C	Maps-Deck9_old_winter.xml	Resources/Maps/Deck9_old_winter.xml	364576	f7c7f17b3e5a790e5768a6d9f8308a1c	
C	Maps-Defense_new_summer.xml	Resources/Maps/Defense_new_summer.xml	843460	e067e28629aec89add053a894774520e	
C	Maps-Demo1100_new_summer.xml	Resources/Maps/Demo1100_new_summer.xml	265700	cfac832082d3d4253bcb8a5a24707c8a	
C	Maps-Depo_new_summer.xml	Resources/Maps/Depo_new_summer.xml	1918784	140822c4db5e2cf00d22f88ada558231	
C	Maps-Depo_old_summer.xml	Resources/Maps/Depo_old_summer.xml	2794080	2afb667d5df6af31ac51fe0dc2c59bb3	
C	Maps-DesertMm_new_summer.xml	Resources/Maps/DesertMm_new_summer.xml	1221620	329de3c5f8a44a49e0ee81398c5c366d	
C	Maps-DesertOld_new_summer.xml	Resources/Maps/DesertOld_new_summer.xml	762500	3902eb5942cd04033618fc093cda4cad	
C	Maps-DesertPro_new_winter.xml	Resources/Maps/DesertPro_new_winter.xml	859300	f9406e2584b5459a1bd33f05ea859c62	
C	Maps-Desert_new_summer.xml	Resources/Maps/Desert_new_summer.xml	847120	658dddce2b0582bc3b24ad675a496c60	
C	Maps-Desert_new_winter.xml	Resources/Maps/Desert_new_winter.xml	793216	fa6e02c68e3f91c380279901f7c9d7f9	
C	Maps-Desert_old_summer.xml	Resources/Maps/Desert_old_summer.xml	781568	dca85960b5219843b46551987edf59b4	
C	Maps-Detour_new_summer.xml	Resources/Maps/Detour_new_summer.xml	521360	da3efb0a9980bfc4cccbb5553e6ecd57	
C	Maps-Dmitrievsk_new_summer.xml	Resources/Maps/Dmitrievsk_new_summer.xml	327828	8111cf0eac8808df1aee234df8674f88	
C	Maps-Domburg_new_summer.xml	Resources/Maps/Domburg_new_summer.xml	1567540	ac33dacadaacff0106004d57fa302a20	
C	Maps-Domburg_new_winter.xml	Resources/Maps/Domburg_new_winter.xml	1577716	c61a734ea8de71f2ab27a7ef8ea6d115	
C	Maps-Dualiti_new_summer.xml	Resources/Maps/Dualiti_new_summer.xml	329780	3094db3fd6358faf5925260d0ee1e649	
C	Maps-Dualiti_new_winter.xml	Resources/Maps/Dualiti_new_winter.xml	333172	9b6401bb3d19e350cf10b138261beda0	
C	Maps-Dualiti_old_summer.xml	Resources/Maps/Dualiti_old_summer.xml	245620	120eb5a302757fd05f486a2e670d1190	
C	Maps-Dualiti_old_winter.xml	Resources/Maps/Dualiti_old_winter.xml	248228	056b0c3cbb623eb8e21f1869c056004d	
C	Maps-DualityOld_new_summer.xml	Resources/Maps/DualityOld_new_summer.xml	229124	86453775aa4ed376bc0479035ba4b736	
C	Maps-DualityOld_new_winter.xml	Resources/Maps/DualityOld_new_winter.xml	231460	510a95b23cc0b24232a6ebf799deecf2	
C	Maps-Duality_new_summer.xml	Resources/Maps/Duality_new_summer.xml	314308	a68befe4bcefdc4f3a26d0acf3266b05	
C	Maps-Duel1100_new_summer.xml	Resources/Maps/Duel1100_new_summer.xml	150100	d8780fd12b56aa18949243d441fc4859	
C	Maps-DuelOld_new_summer.xml	Resources/Maps/DuelOld_new_summer.xml	150324	1c710305e798f973ffa54e4ff1d2a483	
C	Maps-DuelOld_new_winter.xml	Resources/Maps/DuelOld_new_winter.xml	151972	0bcdb8c9c050a88c1c5002c901302e3f	
C	Maps-DuelQuest_new_summer.xml	Resources/Maps/DuelQuest_new_summer.xml	402564	2d36da743f44af28a8a7dd688a359c7e	
C	Maps-Duel_new_summer.xml	Resources/Maps/Duel_new_summer.xml	148752	0c51b61e52be3a212dc69102802cda8c	
C	Maps-Duel_new_winter.xml	Resources/Maps/Duel_new_winter.xml	150384	588ec170b915a29b02f86b0cd21892de	
C	Maps-Duel_old_summer.xml	Resources/Maps/Duel_old_summer.xml	150160	22f46cdb7130d188572eb05d793533e7	
C	Maps-Duel_old_winter.xml	Resources/Maps/Duel_old_winter.xml	151840	11e32c3f79bf98797f2511f6bebaeebd	
C	Maps-Dusseldorf1100_new_summer.xml	Resources/Maps/Dusseldorf1100_new_summer.xml	559896	316ac00d90ec6c5953f6663888a6ad14	
C	Maps-DusseldorfOld_new_summer.xml	Resources/Maps/DusseldorfOld_new_summer.xml	576824	8643f0bee3e937845f011ff06e62ec1f	
C	Maps-DusseldorfOld_new_winter.xml	Resources/Maps/DusseldorfOld_new_winter.xml	580920	2874a0ccbf06725980158e5134542cb3	
C	Maps-Dusseldorf_new_summer.xml	Resources/Maps/Dusseldorf_new_summer.xml	970404	88844c626aee0f1534710b1c9cde21aa	
C	Maps-Dusseldorf_new_winter.xml	Resources/Maps/Dusseldorf_new_winter.xml	983620	83071bd39365aac6850d1b1b29c20031	
C	Maps-Dusseldorf_old_summer.xml	Resources/Maps/Dusseldorf_old_summer.xml	751716	096393fe29fa29b29c8b41539e5f4aa7	
C	Maps-Dusseldorf_old_winter.xml	Resources/Maps/Dusseldorf_old_winter.xml	761348	3a763be2849e08c93c17c1971250fdb9	
C	Maps-Dusseldorff_new_summer.xml	Resources/Maps/Dusseldorff_new_summer.xml	780520	a390635c418525b7f00b1f9b46c3eced	
C	Maps-Dust2_new_summer.xml	Resources/Maps/Dust2_new_summer.xml	1592544	38524a45e143c931c23c94bfb768b3c7	
C	Maps-Dust2_new_winter.xml	Resources/Maps/Dust2_new_winter.xml	1609712	48e8acb899b62a4623a9f1fa15a379f5	
C	Maps-Edinburgh_new_summer.xml	Resources/Maps/Edinburgh_new_summer.xml	432708	0b36e1fd061cfda6ee6b624412a676b8	
C	Maps-Edinburgh_new_winter.xml	Resources/Maps/Edinburgh_new_winter.xml	435780	f7b3f0e1c0ee5533b8929a94193fb00f	
C	Maps-EsplanadeOld_new_summer.xml	Resources/Maps/EsplanadeOld_new_summer.xml	1142392	50e344be49e27a59d9844ed3a8cc0985	
C	Maps-Esplanade_new_summer.xml	Resources/Maps/Esplanade_new_summer.xml	1134004	567e74cf545c9f4dfe60d58df64e11b6	
C	Maps-Esplanade_new_winter.xml	Resources/Maps/Esplanade_new_winter.xml	1166372	a0bfa7cd51b4f4e100cb807fd3ffb877	
C	Maps-Esplanade_old_summer.xml	Resources/Maps/Esplanade_old_summer.xml	1175476	ad0a2d5db79d8366c6f58e6faa84572f	
C	Maps-Esplanade_old_winter.xml	Resources/Maps/Esplanade_old_winter.xml	1188756	13e12ab6987aaa409429fdd8fa02e17b	
C	Maps-EventFuryroad_new_summer.xml	Resources/Maps/EventFuryroad_new_summer.xml	923560	1485c6c1cb3972ff16c0fef744a5a77e	
C	Maps-EventSumo_new_summer.xml	Resources/Maps/EventSumo_new_summer.xml	197060	db2a62870799284d48e52bc9d6edc33c	
C	Maps-Factory_new_summer.xml	Resources/Maps/Factory_new_summer.xml	840340	877b535bf978e18f740c34faa831776a	
C	Maps-Farm2_new_summer.xml	Resources/Maps/Farm2_new_summer.xml	332800	5779c4fa33c5a4312b2ae8f65969f579	
C	Maps-Farm3_new_summer.xml	Resources/Maps/Farm3_new_summer.xml	929280	a15f0b056ba965367df8aab4048a66b8	
C	Maps-FarmMt_new_summer.xml	Resources/Maps/FarmMt_new_summer.xml	236896	109cdf0678b7f89d15f04f1fff018205	
C	Maps-FarmOld_new_summer.xml	Resources/Maps/FarmOld_new_summer.xml	209524	602cf676167a302cbc152678a110ea33	
C	Maps-FarmOld_new_winter.xml	Resources/Maps/FarmOld_new_winter.xml	212916	6cff9ba5e14e896a08472a95afec9b23	
C	Maps-FarmPro_new_winter.xml	Resources/Maps/FarmPro_new_winter.xml	331332	160f078fd25de3ef4505f14e2d3fdbf8	
C	Maps-FarmTlvk_new_summer.xml	Resources/Maps/FarmTlvk_new_summer.xml	816948	d4392fe7b14bd620f00e06893bf56648	
C	Maps-FarmTlvk_new_winter.xml	Resources/Maps/FarmTlvk_new_winter.xml	824724	84d61c0e18de26a0deb6e1d62d567502	
C	Maps-Farm_new_summer.xml	Resources/Maps/Farm_new_summer.xml	328368	8d17118c7ee5a31d56d86bf0e76d5b92	
C	Maps-Farm_new_winter.xml	Resources/Maps/Farm_new_winter.xml	215952	d73ea2a8c5d09607bc8ed0c8ceb9d31f	
C	Maps-Farm_old_summer.xml	Resources/Maps/Farm_old_summer.xml	214064	48939585a1fb85841cede013ccc7adea	
C	Maps-FlyingTestOld_new_summer.xml	Resources/Maps/FlyingTestOld_new_summer.xml	375496	556819bd1ba4d3d555f65f3625a8f945	
C	Maps-Fogtown_new_summer.xml	Resources/Maps/Fogtown_new_summer.xml	8585316	f960ce827730af0c41c0e56f256ccc9b	
C	Maps-Football_new_summer.xml	Resources/Maps/Football_new_summer.xml	153700	b561f1d0da607ee053a1dceb8e7d75d9	
C	Maps-Forest1100_new_summer.xml	Resources/Maps/Forest1100_new_summer.xml	709604	59324c5fbde7ffd81b318d05c82f1396	
C	Maps-ForestMmRemaster_new_summer.xml	Resources/Maps/ForestMmRemaster_new_summer.xml	8106780	8798e8dfeedb42c52afbd18835a6d62a	
C	Maps-ForestMm_new_summer.xml	Resources/Maps/ForestMm_new_summer.xml	2012500	c9ce4f96687b6020f6bd29d8af8706be	
C	Maps-ForestMm_new_winter.xml	Resources/Maps/ForestMm_new_winter.xml	2039556	ac4963607850ae627666e6d395ceecc8	
C	Maps-ForestMt_new_summer.xml	Resources/Maps/ForestMt_new_summer.xml	739812	f3bde5cd9bbd680111923f2f07122608	
C	Maps-ForestOld_new_summer.xml	Resources/Maps/ForestOld_new_summer.xml	734756	0cdefff1c72ff64aacf56c758709369b	
C	Maps-ForestOld_new_winter.xml	Resources/Maps/ForestOld_new_winter.xml	741268	3af46da89e87bd8d4859af6915b750da	
C	Maps-ForestTlvk_new_summer.xml	Resources/Maps/ForestTlvk_new_summer.xml	1699156	7827206d997bc220386995acb1ab0687	
C	Maps-ForestTlvk_new_winter.xml	Resources/Maps/ForestTlvk_new_winter.xml	1724132	59088ec6097c337d4c8c22c18195d95b	
C	Maps-Forest_new_summer.xml	Resources/Maps/Forest_new_summer.xml	1104432	5f1f88699bbc208477a69ee8841ff0bf	
C	Maps-Forest_new_winter.xml	Resources/Maps/Forest_new_winter.xml	1118368	20ee6796627817fd26d46bae6b549bf9	
C	Maps-Forest_old_summer.xml	Resources/Maps/Forest_old_summer.xml	676848	9e38793048b05b714604bf06fc02e694	
C	Maps-Forest_old_winter.xml	Resources/Maps/Forest_old_winter.xml	683616	67c45574545459e0dd152170402a4d57	
C	Maps-FortKnoxIOld_new_summer.xml	Resources/Maps/FortKnoxIOld_new_summer.xml	348968	3f6feac36e390447d1b3b67eb9fdba13	
C	Maps-FortKnoxIOld_new_winter.xml	Resources/Maps/FortKnoxIOld_new_winter.xml	351912	9df24106f8e99867925a26a20ff11cd1	
C	Maps-FortKnoxIiOld_new_summer.xml	Resources/Maps/FortKnoxIiOld_new_summer.xml	375128	0082e40482300dbb113ab663f21a6bc9	
C	Maps-FortKnoxIiOld_new_winter.xml	Resources/Maps/FortKnoxIiOld_new_winter.xml	378440	a5a845c1196aaee34adb289c086371a5	
C	Maps-FortKnoxIiiOld_new_summer.xml	Resources/Maps/FortKnoxIiiOld_new_summer.xml	375448	c21c5f460f95049d77b738988caa13aa	
C	Maps-FortKnoxTlvk_new_winter.xml	Resources/Maps/FortKnoxTlvk_new_winter.xml	410456	53d05b64fd8e8a55967ce1e81e16fc0f	
C	Maps-Fortknox2_old_summer.xml	Resources/Maps/Fortknox2_old_summer.xml	383348	285f757166ecb717a532072b66ab7be7	
C	Maps-Fortknox2_old_winter.xml	Resources/Maps/Fortknox2_old_winter.xml	386932	d23a93d32d60fe6dfe4bd432d33f2256	
C	Maps-Fortknox3_old_summer.xml	Resources/Maps/Fortknox3_old_summer.xml	363620	14243de55493043325995905b5e0a05a	
C	Maps-Fortknox3_old_winter.xml	Resources/Maps/Fortknox3_old_winter.xml	366836	c1a0b650d351789fc6bb6bce9a7e880c	
C	Maps-FortknoxIi_old_summer.xml	Resources/Maps/FortknoxIi_old_summer.xml	386580	7607c697e07261dc6870af1a2e0f9a0c	
C	Maps-FortknoxIi_old_winter.xml	Resources/Maps/FortknoxIi_old_winter.xml	390436	48e0fbd59d46edb6aa34c759a778ce47	
C	Maps-FortknoxIii_old_summer.xml	Resources/Maps/FortknoxIii_old_summer.xml	367000	4e7393b6a52bf7f8cce3026aca7016d2	
C	Maps-FortknoxIii_old_winter.xml	Resources/Maps/FortknoxIii_old_winter.xml	370584	e4ca8b7fa46a2ddf7f32ab7de03f033e	
C	Maps-Fortknox_new_summer.xml	Resources/Maps/Fortknox_new_summer.xml	409396	7464e61fc25a3c042bb96450681b0b1b	
C	Maps-Fortknox_new_winter.xml	Resources/Maps/Fortknox_new_winter.xml	413028	7e4b5adfcd921ed869ccfb70cd84c678	
C	Maps-Fortknox_old_summer.xml	Resources/Maps/Fortknox_old_summer.xml	357828	7613ee37bf5f9287d522aeb288402f54	
C	Maps-Fortknox_old_winter.xml	Resources/Maps/Fortknox_old_winter.xml	361076	e831fe19fd8bc45961b1da08bac2874b	
C	Maps-Fortress_new_summer.xml	Resources/Maps/Fortress_new_summer.xml	846692	9b92171bdc7a5c43896db3e7f795b009	
C	Maps-FutureMm_new_summer.xml	Resources/Maps/FutureMm_new_summer.xml	1881076	2515d730fc018b885a6bcd410ac6ff1b	
C	Maps-Future_new_summer.xml	Resources/Maps/Future_new_summer.xml	1655248	054a4a292c8218d4822bda2564df22b0	
C	Maps-GalleryTlvk_new_summer.xml	Resources/Maps/GalleryTlvk_new_summer.xml	1252120	d2c7d9710acded63a280d601b0878634	
C	Maps-Gallery_new_summer.xml	Resources/Maps/Gallery_new_summer.xml	1294692	020e54f4882c6de99e3c47671d69e97b	
C	Maps-GarderMt_new_summer.xml	Resources/Maps/GarderMt_new_summer.xml	385412	439c2348b474b12985ea924c0c5bcd05	
C	Maps-GarderOld_new_summer.xml	Resources/Maps/GarderOld_new_summer.xml	382756	f160d85019154601fa84683c6570373f	
C	Maps-GarderOld_new_winter.xml	Resources/Maps/GarderOld_new_winter.xml	387476	65540014bdc1a48ad996a0c1732b4e37	
C	Maps-GarderTlvk_new_summer.xml	Resources/Maps/GarderTlvk_new_summer.xml	378276	7a596f2ab5f82f54e5e067e86f1bdee1	
C	Maps-Garder_new_summer.xml	Resources/Maps/Garder_new_summer.xml	389600	39134735b77d1ea7e318c62e29b694d1	
C	Maps-Garder_new_winter.xml	Resources/Maps/Garder_new_winter.xml	386880	4e97c284157fe144db93b79816cf0de6	
C	Maps-Garder_old_summer.xml	Resources/Maps/Garder_old_summer.xml	382176	19ea4964c116d7e4ec12c7ab3c07d372	
C	Maps-Gasstation_new_summer.xml	Resources/Maps/Gasstation_new_summer.xml	831428	4be5c841b475934027ec0a35ed8d78f2	
C	Maps-Gigabarda_new_summer.xml	Resources/Maps/Gigabarda_new_summer.xml	1899332	a706d94d022c26ccda2e204b04fdbe3c	
C	Maps-GladiatorOld_new_summer.xml	Resources/Maps/GladiatorOld_new_summer.xml	403544	557cc5edbff9f66048a3e4562718cb69	
C	Maps-Gladiator_new_summer.xml	Resources/Maps/Gladiator_new_summer.xml	408612	a531f4f5a215dc8507f059aca92e02c9	
C	Maps-GoldenMadness_new_summer.xml	Resources/Maps/GoldenMadness_new_summer.xml	1175304	0345d28d48003c07f826c7bdcd661a52	
C	Maps-GravityOld_new_summer.xml	Resources/Maps/GravityOld_new_summer.xml	381476	1ab5fe35475e17e8265270dcea5d3f04	
C	Maps-GravityOld_new_winter.xml	Resources/Maps/GravityOld_new_winter.xml	383524	9c07c74daeb2187e2fde157e944d2514	
C	Maps-Gravity_new_summer.xml	Resources/Maps/Gravity_new_summer.xml	765396	1c541c67a2c8d6a325debf7490ae6b87	
C	Maps-Gravity_new_winter.xml	Resources/Maps/Gravity_new_winter.xml	769220	62c24f1bb3658e9f300799cb2a315f84	
C	Maps-Gravity_old_summer.xml	Resources/Maps/Gravity_old_summer.xml	380868	019f176e3a61232e8e9d335a15de29f3	
C	Maps-Gravity_old_winter.xml	Resources/Maps/Gravity_old_winter.xml	382916	1b8cef8d0b0906d5a43c89280568f745	
C	Maps-Gubakha1100_new_summer.xml	Resources/Maps/Gubakha1100_new_summer.xml	1219544	9448818a23d34ab437a4b516a17fb6e1	
C	Maps-GubakhaOld_new_summer.xml	Resources/Maps/GubakhaOld_new_summer.xml	1256100	c69c7ea75de4da60b6149f280dc4bf1c	
C	Maps-GubakhaOld_new_winter.xml	Resources/Maps/GubakhaOld_new_winter.xml	1265300	526b71f985b2b6d92a83dd2c208c4211	
C	Maps-GubakhaQuest_new_summer.xml	Resources/Maps/GubakhaQuest_new_summer.xml	1640024	d64ce68fb97b1a7ed7be7289ed8b556a	
C	Maps-Gubakha_new_summer.xml	Resources/Maps/Gubakha_new_summer.xml	1130852	eded4483a90cd0b1b9944620908a8580	
C	Maps-Gubakha_new_winter.xml	Resources/Maps/Gubakha_new_winter.xml	1141428	469b40b4505d8753ce0677c870201653	
C	Maps-Gubakha_old_summer.xml	Resources/Maps/Gubakha_old_summer.xml	1208100	753e0a00349bddb63cad7e088e5110ed	
C	Maps-Gubakha_old_winter.xml	Resources/Maps/Gubakha_old_winter.xml	1218548	5e9f456751f6865c6eacc7101118fd9f	
C	Maps-Halloween2013_new_summer.xml	Resources/Maps/Halloween2013_new_summer.xml	667640	433a3d42c8927f55adb39e88ed0aca7b	
C	Maps-Halloween2014_new_summer.xml	Resources/Maps/Halloween2014_new_summer.xml	2230200	c5a4ff36ae1e72868aa9c0acf673d2d1	
C	Maps-Halloween2015_new_summer.xml	Resources/Maps/Halloween2015_new_summer.xml	1466904	65d14ec9059f22832d5da5fd3578f5a5	
C	Maps-Halloween2016VektorTv_new_summer.xml	Resources/Maps/Halloween2016VektorTv_new_summer.xml	834784	82ad1b1963e7c50475ed51ff0341fb47	
C	Maps-Halloween2016_new_summer.xml	Resources/Maps/Halloween2016_new_summer.xml	2615576	e4153b29b82cbe03981481e6e1127756	
C	Maps-Halloween2018_new_summer.xml	Resources/Maps/Halloween2018_new_summer.xml	1856120	fec25f62044daab3f9d63fb17d06cc01	
C	Maps-Halloween2019_new_summer.xml	Resources/Maps/Halloween2019_new_summer.xml	2899112	a58202fb4ca13f2dcc0f4958ded0f261	
C	Maps-Halloween2020_old_summer.xml	Resources/Maps/Halloween2020_old_summer.xml	749272	310c89e757be5b1fd3c935f2a8b003af	
C	Maps-Halloween2023Dxxth_new_summer.xml	Resources/Maps/Halloween2023Dxxth_new_summer.xml	2437740	2f0f4622dd810a91135001dbdb194542	
C	Maps-Halloween2023Errorcg_new_summer.xml	Resources/Maps/Halloween2023Errorcg_new_summer.xml	978224	f0a6fca7adbb49a36697d449024871ec	
C	Maps-Halloween2023SandboxMmRemaster_new_autumn.xml	Resources/Maps/Halloween2023SandboxMmRemaster_new_autumn.xml	4410776	ac356213b22d23366cdcf2fbc6cf7c1a	
C	Maps-HalloweenAleksandrovsk_new_summer.xml	Resources/Maps/HalloweenAleksandrovsk_new_summer.xml	1542976	caac41aa73042702f04af6147b07ac0e	
C	Maps-HalloweenBarda_new_summer.xml	Resources/Maps/HalloweenBarda_new_summer.xml	1144728	08c7e66ed13381036a1238f4ee69b08a	
C	Maps-HalloweenBoombox_new_summer.xml	Resources/Maps/HalloweenBoombox_new_summer.xml	502668	247d91f58593045a5d785880363502a6	
C	Maps-HalloweenFortress_new_summer.xml	Resources/Maps/HalloweenFortress_new_summer.xml	600444	6baa92ae3bfb2d6c2da715ae1a3d4605	
C	Maps-HalloweenHighland_new_summer.xml	Resources/Maps/HalloweenHighland_new_summer.xml	695468	4cb99dc5cd83b0963d609ce521bf99bf	
C	Maps-HalloweenHills_new_summer.xml	Resources/Maps/HalloweenHills_new_summer.xml	1326456	6f02800f25dc225e33b23266ad8a8feb	
C	Maps-HalloweenLargebridge_new_summer.xml	Resources/Maps/HalloweenLargebridge_new_summer.xml	1274272	e9ba10bb1cbca05eb0efd27d203c1c51	
C	Maps-HalloweenSandal_new_summer.xml	Resources/Maps/HalloweenSandal_new_summer.xml	761500	1e891ab10124d32e583774145171ac4b	
C	Maps-HalloweenSandbox_new_summer.xml	Resources/Maps/HalloweenSandbox_new_summer.xml	688812	038ce6e73360ccda66364c838d798c4d	
C	Maps-HalloweenSilence_new_summer.xml	Resources/Maps/HalloweenSilence_new_summer.xml	761404	2a82edd4826cbab46e48494bd42d4f0e	
C	Maps-HalloweenWolfenstein_new_summer.xml	Resources/Maps/HalloweenWolfenstein_new_summer.xml	1045296	7c7c7aa02bb5af80d9659e8209e6364f	
C	Maps-Halloween_old_summer.xml	Resources/Maps/Halloween_old_summer.xml	1566420	adb084c730bf1375781fa69c8213a018	
C	Maps-HangarsOld_new_summer.xml	Resources/Maps/HangarsOld_new_summer.xml	720404	79cb27572e059e0888aac31c3084df9b	
C	Maps-Harino_new_summer.xml	Resources/Maps/Harino_new_summer.xml	1013072	da40fc9458a97812024e4dfdbfc32070	
C	Maps-HeadspinnersRace_new_summer.xml	Resources/Maps/HeadspinnersRace_new_summer.xml	1690012	a4677f6faccbbfc5e24a3a7ecc92ea41	
C	Maps-Heart_new_summer.xml	Resources/Maps/Heart_new_summer.xml	376848	23d88558304be5f1e55dacca9bb50a39	
C	Maps-Highland2_old_summer.xml	Resources/Maps/Highland2_old_summer.xml	737956	6db7cd3022818884c4f78dd1ca17e11c	
C	Maps-Highland2_old_winter.xml	Resources/Maps/Highland2_old_winter.xml	745124	76c3be30036a08f02bd82dacde5ac6e5	
C	Maps-HighlandDemonic_new_summer.xml	Resources/Maps/HighlandDemonic_new_summer.xml	617116	b64ed47a3e9f326defe7404cfe9e5a29	
C	Maps-HighlandIOld_new_summer.xml	Resources/Maps/HighlandIOld_new_summer.xml	605992	e6b69719f6d7d1b0a927344e0d4a5914	
C	Maps-HighlandIOld_new_winter.xml	Resources/Maps/HighlandIOld_new_winter.xml	611512	54bf1680ce79b3df1d0a29a664dc21ab	
C	Maps-HighlandIiOld_new_summer.xml	Resources/Maps/HighlandIiOld_new_summer.xml	695000	e3bd797a515dbafd937b8654eff850df	
C	Maps-HighlandIiOld_new_winter.xml	Resources/Maps/HighlandIiOld_new_winter.xml	701576	c7b835927d07ff96faed7f7904c60d9e	
C	Maps-HighlandIi_old_summer.xml	Resources/Maps/HighlandIi_old_summer.xml	723012	d6322538f3820e618daf6c5f68b61b55	
C	Maps-HighlandIi_old_winter.xml	Resources/Maps/HighlandIi_old_winter.xml	730068	951f4c8b640f5d19216069f56c475e73	
C	Maps-HighlandMm_new_summer.xml	Resources/Maps/HighlandMm_new_summer.xml	1927428	55a7dc67c1dee02b99bc6cc1c365e29d	
C	Maps-HighlandMm_new_winter.xml	Resources/Maps/HighlandMm_new_winter.xml	1939076	0825639e313cba15a2c3a69408470268	
C	Maps-HighlandMt_new_summer.xml	Resources/Maps/HighlandMt_new_summer.xml	751348	7539821fa581591033f3c2f4016b238d	
C	Maps-HighlandPro_new_winter.xml	Resources/Maps/HighlandPro_new_winter.xml	604856	debf615997249b5743cbe0acc2296ab8	
C	Maps-HighlandTlvk_new_winter.xml	Resources/Maps/HighlandTlvk_new_winter.xml	1839112	950a5b1cd9b68886d9a0ffc603e23705	
C	Maps-Highland_new_summer.xml	Resources/Maps/Highland_new_summer.xml	599092	1e0716983e361b85cd666810392f53db	
C	Maps-Highland_new_winter.xml	Resources/Maps/Highland_new_winter.xml	667060	ea390d354195f4e8721747dc9b49b81e	
C	Maps-Highland_old_summer.xml	Resources/Maps/Highland_old_summer.xml	660708	5c0307ec06f5768d4e16d5b1dff10c7f	
C	Maps-Highway_new_summer.xml	Resources/Maps/Highway_new_summer.xml	1470532	9fc5614c30456c86b179e5eca765f770	
C	Maps-Highway_new_winter.xml	Resources/Maps/Highway_new_winter.xml	1482308	19ccb31214889c5211e1dea3751494c3	
C	Maps-Highway_old_summer.xml	Resources/Maps/Highway_old_summer.xml	1116084	aa16905bc95c698816969292640108fd	
C	Maps-Highway_old_winter.xml	Resources/Maps/Highway_old_winter.xml	1125204	4c3188e7a9b83cca4e378f89c9cd4896	
C	Maps-Highways1100_new_summer.xml	Resources/Maps/Highways1100_new_summer.xml	939208	63a73819e9a4f0cd5664f35919541ba7	
C	Maps-HighwaysMm_new_summer.xml	Resources/Maps/HighwaysMm_new_summer.xml	1513140	c4fc3045626dfac283f129866e405c4b	
C	Maps-HighwaysMm_new_winter.xml	Resources/Maps/HighwaysMm_new_winter.xml	1528228	196d80393900ce8b809e957363f57d96	
C	Maps-HighwaysOld_new_summer.xml	Resources/Maps/HighwaysOld_new_summer.xml	940184	b53d0ad76175c007880c2c91f301de90	
C	Maps-HighwaysOld_new_winter.xml	Resources/Maps/HighwaysOld_new_winter.xml	947032	bcbec63200df49855e7d893a95deaf81	
C	Maps-HillMt_new_summer.xml	Resources/Maps/HillMt_new_summer.xml	81872	790e48a08da45bf8be4b985f145bb683	
C	Maps-HillOld_new_summer.xml	Resources/Maps/HillOld_new_summer.xml	82260	30ab964b72005a3cbdcaca4e3b92dd95	
C	Maps-HillPro_new_winter.xml	Resources/Maps/HillPro_new_winter.xml	91444	c3332458a49654caa9d0f972885536ce	
C	Maps-Hill_new_summer.xml	Resources/Maps/Hill_new_summer.xml	90272	c92a4b349068caf99a205f90d2199c93	
C	Maps-Hill_new_winter.xml	Resources/Maps/Hill_new_winter.xml	82672	5897defd97c15576ac13cb4408913450	
C	Maps-Hill_old_summer.xml	Resources/Maps/Hill_old_summer.xml	81600	4cfd882383d6b4dbc2cadeeeab5e72ca	
C	Maps-Hills2_new_summer.xml	Resources/Maps/Hills2_new_summer.xml	1832400	5f3bd57d555c42d0c9825af0f47d4fc2	
C	Maps-Hills_new_summer.xml	Resources/Maps/Hills_new_summer.xml	1271232	ca452cc2bbb6501d5d617b74215c7878	
C	Maps-Home1_new_summer.xml	Resources/Maps/Home1_new_summer.xml	78880	83e407e1cf061f2cd951bd34d2a694e6	
C	Maps-Home2_new_summer.xml	Resources/Maps/Home2_new_summer.xml	239344	11934185cf74dabe8e0bf4bdb899c7c8	
C	Maps-HwCastle_new_summer.xml	Resources/Maps/HwCastle_new_summer.xml	564292	85fe64202a913019f415a8b313ddfa78	
C	Maps-HwHighland_new_summer.xml	Resources/Maps/HwHighland_new_summer.xml	646756	f0a554747202d979126c36802b8ef6f4	
C	Maps-HwHills_new_summer.xml	Resources/Maps/HwHills_new_summer.xml	2632484	8557f8461880c158251acde87ee2908a	
C	Maps-IndustrialZoneDemonic_new_summer.xml	Resources/Maps/IndustrialZoneDemonic_new_summer.xml	1291248	013df72bb1fa110368d9fbfaee9a6c6c	
C	Maps-IndustrialZoneGt_old_summer.xml	Resources/Maps/IndustrialZoneGt_old_summer.xml	1202188	2f38109716e34999fca9d56c4afcc338	
C	Maps-IndustrialZoneMm_new_summer.xml	Resources/Maps/IndustrialZoneMm_new_summer.xml	1772060	0f3725b8ee10a85f5a6f6cf5164eba69	
C	Maps-IndustrialZoneMm_new_winter.xml	Resources/Maps/IndustrialZoneMm_new_winter.xml	1788908	1fb5a71130c46eae646e2b125fa578ea	
C	Maps-IndustrialZoneOld_new_summer.xml	Resources/Maps/IndustrialZoneOld_new_summer.xml	1285468	f2adc507eea3f69723083d769610400f	
C	Maps-IndustrialZoneOld_new_winter.xml	Resources/Maps/IndustrialZoneOld_new_winter.xml	1296236	d52312d39affb542f05e7f7501434c78	
C	Maps-IndustrialZone_new_summer.xml	Resources/Maps/IndustrialZone_new_summer.xml	1279224	acbc36c9d3a6a023247b582cc9761e99	
C	Maps-IndustrialZone_new_winter.xml	Resources/Maps/IndustrialZone_new_winter.xml	1291272	093b04683e29eac2c12f0c47df052746	
C	Maps-IndustrialZone_old_winter.xml	Resources/Maps/IndustrialZone_old_winter.xml	1213448	13bca976a82b36ab426cb1fbfbac73d7	
C	Maps-Industrialzone_old_summer.xml	Resources/Maps/Industrialzone_old_summer.xml	1202184	008a7751859b8ff14254fd0ef7a7e1d1	
C	Maps-IranMm_new_summer.xml	Resources/Maps/IranMm_new_summer.xml	1140992	fcc7d82c0e6846763c078931af647100	
C	Maps-IranNight_new_winter.xml	Resources/Maps/IranNight_new_winter.xml	1185396	70a1521b85ffc167abee021ac91ce2a0	
C	Maps-IranOld_new_summer.xml	Resources/Maps/IranOld_new_summer.xml	1142708	884f29c83f316042d12374a4a6ae6468	
C	Maps-Iran_old_summer.xml	Resources/Maps/Iran_old_summer.xml	1154544	9eea74e20d99d054e316690304031205	
C	Maps-IslandGt_new_summer.xml	Resources/Maps/IslandGt_new_summer.xml	66052	d40909a5ceee3cb7c754d09da6e321bc	
C	Maps-IslandMt_new_summer.xml	Resources/Maps/IslandMt_new_summer.xml	138596	b6ff623dbc090788dbf893fc23ec20ef	
C	Maps-IslandOldTlvk_new_summer.xml	Resources/Maps/IslandOldTlvk_new_summer.xml	61160	33163c903b8f5575f81fbcdab4101bec	
C	Maps-IslandOld_new_summer.xml	Resources/Maps/IslandOld_new_summer.xml	63284	36044d182ab3923a5b427e52c831fc98	
C	Maps-IslandOld_new_winter.xml	Resources/Maps/IslandOld_new_winter.xml	61828	da8a7c47c955ca1ef22e87d7640d8255	
C	Maps-IslandPro_new_summer.xml	Resources/Maps/IslandPro_new_summer.xml	135524	4ac3840a9a2c6c9976c33539b64cecd2	
C	Maps-IslandPro_new_winter.xml	Resources/Maps/IslandPro_new_winter.xml	136836	3fe850e1b9d06645b804731f790995e8	
C	Maps-IslandTlvk_new_summer.xml	Resources/Maps/IslandTlvk_new_summer.xml	128580	5f13d5b7d879de833b8a6bd2391d6d04	
C	Maps-IslandTlvk_new_winter.xml	Resources/Maps/IslandTlvk_new_winter.xml	129892	0a79bc47df42a6ee04afa6dd97ad1068	
C	Maps-Island_new_summer.xml	Resources/Maps/Island_new_summer.xml	119296	7308d7cf62cf03f72296f04eb2725de0	
C	Maps-Island_new_winter.xml	Resources/Maps/Island_new_winter.xml	66816	36104ecb591f9eb32d5301a2bf4c1c93	
C	Maps-Islands_new_summer.xml	Resources/Maps/Islands_new_summer.xml	402276	66cf11c990ce53cf435b5cd806d4e99a	
C	Maps-KingdomOld_new_summer.xml	Resources/Maps/KingdomOld_new_summer.xml	870564	3759d2317277a7f7d912915df6fe5eb7	
C	Maps-Kingdom_new_summer.xml	Resources/Maps/Kingdom_new_summer.xml	974100	edfa80276a794d01b864cd2ceefba43f	
C	Maps-Kolhoz1100_new_summer.xml	Resources/Maps/Kolhoz1100_new_summer.xml	699988	ad9121d11d3191e230513221a946b2b4	
C	Maps-KolhozOld_new_summer.xml	Resources/Maps/KolhozOld_new_summer.xml	700708	6860fbb28dd80081893e0b552513bbad	
C	Maps-KolhozOld_new_winter.xml	Resources/Maps/KolhozOld_new_winter.xml	705748	ee6cc63f292e96293f40caa61e9f2fe5	
C	Maps-Kolhoz_new_summer.xml	Resources/Maps/Kolhoz_new_summer.xml	701760	cc48108deb1c0da6e2ad1c28997d8966	
C	Maps-Kolhoz_new_winter.xml	Resources/Maps/Kolhoz_new_winter.xml	707712	78e665128ae024ac5c0b4ec8803b6779	
C	Maps-Kolhoz_old_summer.xml	Resources/Maps/Kolhoz_old_summer.xml	661600	c5e57aaab0682550e493d518122cabe7	
C	Maps-Kolhoz_old_winter.xml	Resources/Maps/Kolhoz_old_winter.xml	667024	6f6bbd7522abcd4d00f8667125fa847c	
C	Maps-Kombinat_new_summer.xml	Resources/Maps/Kombinat_new_summer.xml	434820	956e9fd141b709882196d698a4534659	
C	Maps-Kungur1100_new_summer.xml	Resources/Maps/Kungur1100_new_summer.xml	1052340	b9e84ec349c2752229428664b28aa11d	
C	Maps-KungurMm_new_summer.xml	Resources/Maps/KungurMm_new_summer.xml	3094916	1bf75507e8e27cd97ae2b0df945ab37e	
C	Maps-KungurMm_new_winter.xml	Resources/Maps/KungurMm_new_winter.xml	3134756	3c76907e1eacdd82417791ac7642a49e	
C	Maps-KungurOld_new_summer.xml	Resources/Maps/KungurOld_new_summer.xml	1054212	0022139237aa10435dbbe5cffcba6a16	
C	Maps-KungurOld_new_winter.xml	Resources/Maps/KungurOld_new_winter.xml	1067300	1bfcfdcaae686fd29b0765e2637b1762	
C	Maps-KungurTx_new_summer.xml	Resources/Maps/KungurTx_new_summer.xml	2709972	60378e1d8e2ae123a9ad0d7cffcf3bba	
C	Maps-Kungur_new_summer.xml	Resources/Maps/Kungur_new_summer.xml	1239120	cf1114863492f4bd9ffbacb27df2b67b	
C	Maps-Kungur_new_winter.xml	Resources/Maps/Kungur_new_winter.xml	1262384	034a086fd6c53a94a14163c6dc84e775	
C	Maps-Kungur_old_summer.xml	Resources/Maps/Kungur_old_summer.xml	1064992	af62e2ac15879101417534351570e04d	
C	Maps-Kungur_old_winter.xml	Resources/Maps/Kungur_old_winter.xml	1079152	dd6a81ef3dec4c739b620f0d36e29852	
C	Maps-Kurgan_new_summer.xml	Resources/Maps/Kurgan_new_summer.xml	2156592	d330266f86d3e19b1a010138252a2a5b	
C	Maps-LabyrinthOld_new_summer.xml	Resources/Maps/LabyrinthOld_new_summer.xml	371256	4a4fa9309f9bc585ca0e7c0b30944b55	
C	Maps-LegacyTlvk_new_summer.xml	Resources/Maps/LegacyTlvk_new_summer.xml	1160612	f9be35e3fb54012064b9a259f7f43a99	
C	Maps-Legacy_new_summer.xml	Resources/Maps/Legacy_new_summer.xml	1176064	78e8f1735e829e816097b680cf15e126	
C	Maps-Legacy_old_summer.xml	Resources/Maps/Legacy_old_summer.xml	1870096	15726a2350e944854cbdcc2fc73bf029	
C	Maps-LostTemple1100_new_summer.xml	Resources/Maps/LostTemple1100_new_summer.xml	1891816	313053ea39e01c743378e03f0facb017	
C	Maps-LostTempleOld_new_summer.xml	Resources/Maps/LostTempleOld_new_summer.xml	1958968	d6adcf167cac2f85bcd87016c829394a	
C	Maps-LostTempleOld_new_winter.xml	Resources/Maps/LostTempleOld_new_winter.xml	1975672	1f1164973b35ed4935e176608a22805c	
C	Maps-LostTempleTlvk_new_summer.xml	Resources/Maps/LostTempleTlvk_new_summer.xml	2316168	338a7fef5f4ee2c302102918a779348c	
C	Maps-LostTempleTlvk_new_winter.xml	Resources/Maps/LostTempleTlvk_new_winter.xml	2339288	a5b35f51203a78eaf49be97c10e5fc73	
C	Maps-Losttemple_new_summer.xml	Resources/Maps/Losttemple_new_summer.xml	1879508	94950df2f39deb387b54ea1cf674ef2d	
C	Maps-Losttemple_new_winter.xml	Resources/Maps/Losttemple_new_winter.xml	1897844	43f846de2dbb686680c265607370fb10	
C	Maps-Losttemple_old_summer.xml	Resources/Maps/Losttemple_old_summer.xml	1883268	479181c91d2ec6735e13f300ac9d1e71	
C	Maps-Losttemple_old_winter.xml	Resources/Maps/Losttemple_old_winter.xml	1901988	b126af67bc1ee03058f48d25f3b9924b	
C	Maps-LuxembourgMm_new_summer.xml	Resources/Maps/LuxembourgMm_new_summer.xml	2053720	0e582d51fb7626549b6892cb75b70226	
C	Maps-LuxembourgMm_new_winter.xml	Resources/Maps/LuxembourgMm_new_winter.xml	2071608	02f11a037e8d365b922858cf1d9c2469	
C	Maps-Luxembourg_new_summer.xml	Resources/Maps/Luxembourg_new_summer.xml	594980	e55a5202b7b51f10a7c0fbc50a431aa6	
C	Maps-Luxembourg_new_winter.xml	Resources/Maps/Luxembourg_new_winter.xml	599940	57f6f9c4912b173838b0efb2ee2cca0e	
C	Maps-MadnessMt_new_summer.xml	Resources/Maps/MadnessMt_new_summer.xml	1044180	ee54f9824c1d1815f2c246a4dec29042	
C	Maps-MadnessOld_new_summer.xml	Resources/Maps/MadnessOld_new_summer.xml	1049268	6a5c4ccd998bbfb4134b98eaf734c446	
C	Maps-MadnessSpace_new_summer.xml	Resources/Maps/MadnessSpace_new_summer.xml	1290936	58d744bf841070eebff374f6fb6f3873	
C	Maps-MadnessTlvk_new_summer.xml	Resources/Maps/MadnessTlvk_new_summer.xml	745384	70d450b757cc388a9c35e985f9c82b3d	
C	Maps-Madness_new_summer.xml	Resources/Maps/Madness_new_summer.xml	1261876	307e8bd5116cf79dd257c75e7ca50a84	
C	Maps-Madness_new_winter.xml	Resources/Maps/Madness_new_winter.xml	1062196	0901abc9278d9ab869272aade5f666a8	
C	Maps-Madness_old_summer.xml	Resources/Maps/Madness_old_summer.xml	1052724	6a8e1c1f2ea970baee219e6af07a16d5	
C	Maps-Magadan1100_new_summer.xml	Resources/Maps/Magadan1100_new_summer.xml	296136	ae04d14bd1097c3a150029448fdfea83	
C	Maps-MagadanOld_new_summer.xml	Resources/Maps/MagadanOld_new_summer.xml	304068	a965223a89a95abe79ad0101fcab0634	
C	Maps-MagadanOld_new_winter.xml	Resources/Maps/MagadanOld_new_winter.xml	306164	af473a1db0e16a36bb4e4f290442acf7	
C	Maps-Magadan_new_summer.xml	Resources/Maps/Magadan_new_summer.xml	310052	960abb83e2cb925d4e97a37ee4ba8d17	
C	Maps-Magadan_new_winter.xml	Resources/Maps/Magadan_new_winter.xml	312852	1c479583c76880818210636132fc79e4	
C	Maps-Magadan_old_summer.xml	Resources/Maps/Magadan_old_summer.xml	279588	fde8a7f31b579974c3a783917768bfa9	
C	Maps-Magadan_old_winter.xml	Resources/Maps/Magadan_old_winter.xml	281956	266bb53fbbbcb27d02d3aa8f03a8cbd4	
C	Maps-Magistral1100_new_summer.xml	Resources/Maps/Magistral1100_new_summer.xml	1163560	58b32a5c76fa62c4052eebf2b1d28c89	
C	Maps-MagistralMm_new_summer.xml	Resources/Maps/MagistralMm_new_summer.xml	2047880	50d59fdf4ecdec8efa10d3ca45816068	
C	Maps-MagistralMm_new_winter.xml	Resources/Maps/MagistralMm_new_winter.xml	2069768	11eb401f8b1d9a9be0f49b2c202557b2	
C	Maps-MagistralOld_new_summer.xml	Resources/Maps/MagistralOld_new_summer.xml	1204040	6131708d194ed864b794bc983a4bbc09	
C	Maps-MagistralOld_new_winter.xml	Resources/Maps/MagistralOld_new_winter.xml	1214648	68f7d32fbf6a5b54920fb1284cff4755	
C	Maps-Magistral_new_summer.xml	Resources/Maps/Magistral_new_summer.xml	1377476	e4711a0287d1dfd193b3055e3fdaa32a	
C	Maps-Magistral_new_winter.xml	Resources/Maps/Magistral_new_winter.xml	1391092	4a12f58b39d4c54848e24bfd86e75ba0	
C	Maps-Magistral_old_summer.xml	Resources/Maps/Magistral_old_summer.xml	1121572	a9eacab15ecc3e034f6901b2f48437c5	
C	Maps-Magistral_old_winter.xml	Resources/Maps/Magistral_old_winter.xml	1132500	fadafc5e198503787ad469c8bb91d451	
C	Maps-Manage_new_summer.xml	Resources/Maps/Manage_new_summer.xml	788832	a3d55b43d95300b02ee7e3978ba9a605	
C	Maps-Map1Old_new_summer.xml	Resources/Maps/Map1Old_new_summer.xml	48180	bf9d8112f4a63ab1155cac19a006651d	
C	Maps-MapOld_new_summer.xml	Resources/Maps/MapOld_new_summer.xml	135056	71660f1d5f06b5c6c8f8a70fc2aea876	
C	Maps-Map_new_summer.xml	Resources/Maps/Map_new_summer.xml	40304	a01ee72e5eb806495378794e4a7f5d61	
C	Maps-MassacreMm_new_summer.xml	Resources/Maps/MassacreMm_new_summer.xml	2610148	6d9604bbaa9d315fa1b6ce6a1f20d014	
C	Maps-MassacreMm_new_winter.xml	Resources/Maps/MassacreMm_new_winter.xml	2630372	3fb4ef08e11d53100a304f7bba71070e	
C	Maps-MassacreMt_new_summer.xml	Resources/Maps/MassacreMt_new_summer.xml	1005972	22a56c7f4246f49463e5ff070583dec9	
C	Maps-MassacreOld_new_summer.xml	Resources/Maps/MassacreOld_new_summer.xml	992328	dc2b191ccc8f71d625b56c995a63978c	
C	Maps-MassacreOld_new_winter.xml	Resources/Maps/MassacreOld_new_winter.xml	993736	b2db131e3d15f933e0497c0481f79025	
C	Maps-MassacrePro_new_winter.xml	Resources/Maps/MassacrePro_new_winter.xml	1303944	db34c54c1f5ec06cb614fd6886f32063	
C	Maps-Massacre_new_summer.xml	Resources/Maps/Massacre_new_summer.xml	1300388	306d29b90da8686f8c557ccf871be0bb	
C	Maps-Massacre_new_winter.xml	Resources/Maps/Massacre_new_winter.xml	1011508	e8e7c47c0c2ee5a33e4172d4f07930d6	
C	Maps-Massacre_old_summer.xml	Resources/Maps/Massacre_old_summer.xml	1010100	2492d4f52395f19a73e6bf7ca327133b	
C	Maps-Medyanka_new_summer.xml	Resources/Maps/Medyanka_new_summer.xml	695892	980466bda9fe59b6b6ffc583280a2233	
C	Maps-Megaprops1Old_new_summer.xml	Resources/Maps/Megaprops1Old_new_summer.xml	1641048	2a84247fbb379bb7a8fbf6caf9f9c0ad	
C	Maps-Megaprops2Old_new_summer.xml	Resources/Maps/Megaprops2Old_new_summer.xml	2222888	53f2d17013a44150fdc721a0eb32f0ec	
C	Maps-Mine_new_summer.xml	Resources/Maps/Mine_new_summer.xml	909408	afc9b0d66f258d19e42f34b712e61f5b	
C	Maps-Minecraft_new_summer.xml	Resources/Maps/Minecraft_new_summer.xml	1187156	40f1624075a43fc0c128419c70621ea4	
C	Maps-MiniBrestOld_new_summer.xml	Resources/Maps/MiniBrestOld_new_summer.xml	259448	888a393f2b9a4b7b100fb2d93aac24de	
C	Maps-Molotov1100_new_summer.xml	Resources/Maps/Molotov1100_new_summer.xml	487352	5315b3d28a3271e3957a8b183a2bedef	
C	Maps-MolotovMm_new_summer.xml	Resources/Maps/MolotovMm_new_summer.xml	1857380	a1cc9f2c0cf57027b12b036285d51d8f	
C	Maps-MolotovMm_new_winter.xml	Resources/Maps/MolotovMm_new_winter.xml	1881556	2680d22ce62f72be5a83dfe389419731	
C	Maps-MolotovOld_new_summer.xml	Resources/Maps/MolotovOld_new_summer.xml	510260	c21abaeda33087ddab00229fdbfdefcc	
C	Maps-MolotovOld_new_winter.xml	Resources/Maps/MolotovOld_new_winter.xml	516004	ca340d8eb694bbd5370e918725259ca4	
C	Maps-Molotov_new_summer.xml	Resources/Maps/Molotov_new_summer.xml	534100	99b5a0c3f0ad8abba5d5456d14530c1e	
C	Maps-Molotov_new_winter.xml	Resources/Maps/Molotov_new_winter.xml	540948	04af4e8c9b1114509f9f08a40f94e068	
C	Maps-Molotov_old_summer.xml	Resources/Maps/Molotov_old_summer.xml	515876	1ae851a9524cdbc572d37e9d077732a3	
C	Maps-Molotov_old_winter.xml	Resources/Maps/Molotov_old_winter.xml	522564	f61b7531b2d0592d49d5b3edbcdfcae8	
C	Maps-MonteCarlo1100_new_summer.xml	Resources/Maps/MonteCarlo1100_new_summer.xml	547960	113f3a002ccf197ae714bcffb48c0481	
C	Maps-MonteCarloOld_new_summer.xml	Resources/Maps/MonteCarloOld_new_summer.xml	548904	51dc832f5d5e3a5e1a3f52da5e4fb091	
C	Maps-MonteCarloOld_new_winter.xml	Resources/Maps/MonteCarloOld_new_winter.xml	555544	32a88f1087cf3641ef9ac6d3c77f2547	
C	Maps-MonteCarloTlvk_new_summer.xml	Resources/Maps/MonteCarloTlvk_new_summer.xml	712360	59e7b9bba4f49379bcf28290b197dfae	
C	Maps-MonteCarloTlvk_new_winter.xml	Resources/Maps/MonteCarloTlvk_new_winter.xml	720312	4737f7ff5610aa32dd2c49b7431c7f80	
C	Maps-MontecarloMt_new_summer.xml	Resources/Maps/MontecarloMt_new_summer.xml	579464	b03342bad76c94699eb1cef82eefb2d1	
C	Maps-Montecarlo_new_summer.xml	Resources/Maps/Montecarlo_new_summer.xml	656196	4ccede054bd93c40b1c1f105c527462b	
C	Maps-Montecarlo_new_winter.xml	Resources/Maps/Montecarlo_new_winter.xml	664260	2174cabdb86b355482ceb75755c853eb	
C	Maps-Montecarlo_old_summer.xml	Resources/Maps/Montecarlo_old_summer.xml	555044	378b0968436537117a08bcc157ed443f	
C	Maps-Montecarlo_old_winter.xml	Resources/Maps/Montecarlo_old_winter.xml	561908	1d7ec9673e9b7df3590b187114b6045d	
C	Maps-MoonSilenceTlvk_new_summer.xml	Resources/Maps/MoonSilenceTlvk_new_summer.xml	578188	d32aa8c1ea47de8e9f55570c85444662	
C	Maps-MoonSilence_new_summer.xml	Resources/Maps/MoonSilence_new_summer.xml	703848	96e88d137f72513e7d51d8202972eda6	
C	Maps-Moon_new_summer.xml	Resources/Maps/Moon_new_summer.xml	1162176	315b2589a0915f2c8392c9f0b8f69ae8	
C	Maps-NewKungurOld_new_summer.xml	Resources/Maps/NewKungurOld_new_summer.xml	1762856	151920da1cbf38444f7c3e8d33df7445	
C	Maps-NewPropsOld_new_summer.xml	Resources/Maps/NewPropsOld_new_summer.xml	1959112	90d497b31cb1274e6a42f6380ae7a99b	
C	Maps-NewSandboxOld_new_summer.xml	Resources/Maps/NewSandboxOld_new_summer.xml	165144	290223d67436424df5379de606b2e896	
C	Maps-NewTributeOld_new_summer.xml	Resources/Maps/NewTributeOld_new_summer.xml	895224	c2b375863cbf4a0c15f6200a85d716d5	
C	Maps-NewYear2011_new_winter.xml	Resources/Maps/NewYear2011_new_winter.xml	277480	8f92ef1ebfdc8454734c510b06a1a5a2	
C	Maps-NewYear2012_new_winter.xml	Resources/Maps/NewYear2012_new_winter.xml	254520	c84131e22ae6c677646ddd8a116bf7e0	
C	Maps-NewYear2013_new_winter.xml	Resources/Maps/NewYear2013_new_winter.xml	968776	0a54f348191deb5ef0f932eb038eee31	
C	Maps-NewYear2014_new_winter.xml	Resources/Maps/NewYear2014_new_winter.xml	1098840	bf03ba7fa0881c34c6617ccfdaf7c533	
C	Maps-NewYear2015Sandbox_new_winter.xml	Resources/Maps/NewYear2015Sandbox_new_winter.xml	819308	ec200cd33cde68a086aceec73a479c8b	
C	Maps-NewYear2015_new_winter.xml	Resources/Maps/NewYear2015_new_winter.xml	2722184	9bd9759d9246514bcbf47c7c51dac206	
C	Maps-NewYear20162017_new_winter.xml	Resources/Maps/NewYear20162017_new_winter.xml	1318396	d84c31e4263060adaa800630818c385a	
C	Maps-NewYear2018_new_winter.xml	Resources/Maps/NewYear2018_new_winter.xml	1141880	50795bd9bdbcdac1f1fd0f3f77ce8106	
C	Maps-NewYear2021_new_winter.xml	Resources/Maps/NewYear2021_new_winter.xml	1280248	361a3acf65b5690ced4bb6916a1c6c12	
C	Maps-NewYear2022_new_winter.xml	Resources/Maps/NewYear2022_new_winter.xml	2580072	a22028133a2a7e5eb2444d322780cbcc	
C	Maps-NewYearYorkshir_new_summer.xml	Resources/Maps/NewYearYorkshir_new_summer.xml	1348796	ff662ac052ccc7eead09b3a59d0fb5a5	
C	Maps-NoiseMt_new_summer.xml	Resources/Maps/NoiseMt_new_summer.xml	703764	bc10d05e6bc6d3d8a20dbc25d0db6993	
C	Maps-NoiseOld_new_summer.xml	Resources/Maps/NoiseOld_new_summer.xml	548996	5d5c75e341aebb66f656f2d94eff33f4	
C	Maps-NoiseOld_new_winter.xml	Resources/Maps/NoiseOld_new_winter.xml	554084	14b8a2ba005a35cda6744b11ad8b8d08	
C	Maps-NoiseSpace_old_winter.xml	Resources/Maps/NoiseSpace_old_winter.xml	562660	d57ffd2ba1140968f288011e0bfd2e88	
C	Maps-Noise_new_summer.xml	Resources/Maps/Noise_new_summer.xml	534608	39d64d0880fee83bbf96ff92b7422ad4	
C	Maps-Noise_new_winter.xml	Resources/Maps/Noise_new_winter.xml	546656	03ed623db9b6886340b61bccc644fbea	
C	Maps-Noise_old_summer.xml	Resources/Maps/Noise_old_summer.xml	567296	3e7f55375a6fbc85bed58531c9ed93d5	
C	Maps-Noise_old_winter.xml	Resources/Maps/Noise_old_winter.xml	572592	f1b3e4c0adc3a526ea66c53fda301264	
C	Maps-NovelMt_new_summer.xml	Resources/Maps/NovelMt_new_summer.xml	1194260	5c8729c4cf33d75f31cafc370ea4bd56	
C	Maps-NovelOld_new_summer.xml	Resources/Maps/NovelOld_new_summer.xml	1088084	7703e6b60633a60e6c457993a9d43d8e	
C	Maps-NovelOld_new_winter.xml	Resources/Maps/NovelOld_new_winter.xml	1097332	96a9fd608f0eb56b308a4bd385bdaa44	
C	Maps-Novel_new_summer.xml	Resources/Maps/Novel_new_summer.xml	1150112	b2f1fdc2c87afab4f2a7e01885bd05e5	
C	Maps-Novel_new_winter.xml	Resources/Maps/Novel_new_winter.xml	1162032	d3446006af83398b55868cc64191973d	
C	Maps-Novel_old_summer.xml	Resources/Maps/Novel_old_summer.xml	1147008	980116bb5f46d7173a9e31e71710c880	
C	Maps-Novel_old_winter.xml	Resources/Maps/Novel_old_winter.xml	1157184	11bf6f6e088806a36399843f08fdb6c0	
C	Maps-Ny2021_old_summer.xml	Resources/Maps/Ny2021_old_summer.xml	633312	5c9ecf465220b189a423c21899bc2b2d	
C	Maps-NyAleksandrovsk_new_summer.xml	Resources/Maps/NyAleksandrovsk_new_summer.xml	1098060	91e14d3b3229dfd211e50ab17bbfd3b6	
C	Maps-NyBoombox_new_summer.xml	Resources/Maps/NyBoombox_new_summer.xml	283140	9602249e17373dd97690710cec397e2b	
C	Maps-NyCastle_new_summer.xml	Resources/Maps/NyCastle_new_summer.xml	1339188	e3dc26905c11bb0099ab1f2adac757f3	
C	Maps-NyIsland_new_summer.xml	Resources/Maps/NyIsland_new_summer.xml	150756	7d155b2c8f7dd891f69ff6ce3301a229	
C	Maps-NyMegahill_new_summer.xml	Resources/Maps/NyMegahill_new_summer.xml	953156	a8713a22628592ab8ba444fbaa890f2e	
C	Maps-NyTrassa_new_summer.xml	Resources/Maps/NyTrassa_new_summer.xml	2927396	5f17ab3a2ca8715bf957548c5c48524e	
C	Maps-NyYorkshire_new_summer.xml	Resources/Maps/NyYorkshire_new_summer.xml	2296280	75d11c0e8961ce6402d67bf5a4ea1f39	
C	Maps-OldHarbor_new_summer.xml	Resources/Maps/OldHarbor_new_summer.xml	2242516	255fa8c4dd652d7c718493a0b13334e3	
C	Maps-OppositionOld_new_summer.xml	Resources/Maps/OppositionOld_new_summer.xml	669672	34f4111085aeaf8ddddcc53e5eb19ee4	
C	Maps-OppositionOld_new_winter.xml	Resources/Maps/OppositionOld_new_winter.xml	677048	a26a28b8c1a8e508efcbe063a64531f8	
C	Maps-Opposition_new_summer.xml	Resources/Maps/Opposition_new_summer.xml	731396	d54c2d3121418f066d117b726c6bda04	
C	Maps-Opposition_new_winter.xml	Resources/Maps/Opposition_new_winter.xml	737732	e3aaa46ca748871eccc4378c1e35c0d9	
C	Maps-Opposition_old_summer.xml	Resources/Maps/Opposition_old_summer.xml	675172	d0c8bbb1b43ae621f40f321efb60b76a	
C	Maps-Opposition_old_winter.xml	Resources/Maps/Opposition_old_winter.xml	681204	d36cc46436addc8ebe9983ec4779b127	
C	Maps-Osa1100_new_summer.xml	Resources/Maps/Osa1100_new_summer.xml	1041764	95f819307720646a3dbedb40248c75c8	
C	Maps-OsaMm_new_summer.xml	Resources/Maps/OsaMm_new_summer.xml	2486048	1d29365b7f03d768dd3acfcb37684134	
C	Maps-OsaMm_new_winter.xml	Resources/Maps/OsaMm_new_winter.xml	2518944	83e69aecc924b1cea6d88ea66d1bd81b	
C	Maps-OsaOld_new_summer.xml	Resources/Maps/OsaOld_new_summer.xml	1083664	40801d5ccdc076cb478c94d5800faf97	
C	Maps-OsaOld_new_winter.xml	Resources/Maps/OsaOld_new_winter.xml	1094336	272b834e7ba776e45cf7fab482fd35bb	
C	Maps-Osa_new_summer.xml	Resources/Maps/Osa_new_summer.xml	1101856	d5607bb36092a3196a56eb4c3f036d9e	
C	Maps-Osa_new_winter.xml	Resources/Maps/Osa_new_winter.xml	1113328	35a240879981c8be7de811db502e0385	
C	Maps-Osa_old_summer.xml	Resources/Maps/Osa_old_summer.xml	1047552	5dd66759f50648c201ed000e320f5739	
C	Maps-Osa_old_winter.xml	Resources/Maps/Osa_old_winter.xml	1058880	3cb3e0efb36900723fe41815e57c1dae	
C	Maps-Parma1100_new_summer.xml	Resources/Maps/Parma1100_new_summer.xml	1084180	33c6250a58865b23a2ff99d10ecc4657	
C	Maps-ParmaMm_new_summer.xml	Resources/Maps/ParmaMm_new_summer.xml	1591412	449a22ca4472248f545fdfda87ed0463	
C	Maps-ParmaMm_new_winter.xml	Resources/Maps/ParmaMm_new_winter.xml	1607172	bf9f267a4c9aa91b336973c56ddc9a61	
C	Maps-ParmaOld_new_summer.xml	Resources/Maps/ParmaOld_new_summer.xml	1085188	5c82e5c52f22bd16e346cf427001d8d2	
C	Maps-ParmaOld_new_winter.xml	Resources/Maps/ParmaOld_new_winter.xml	1092212	f92b5d5f1eba0c1f40e10178485abe5e	
C	Maps-Parma_new_summer.xml	Resources/Maps/Parma_new_summer.xml	1023072	e8767f24edfa50a57f419320ca31dfee	
C	Maps-Parma_new_winter.xml	Resources/Maps/Parma_new_winter.xml	1030704	4ac5f901d1a5bfb16f293eab15f3e7c7	
C	Maps-Parma_old_summer.xml	Resources/Maps/Parma_old_summer.xml	999504	b3b505346552218ba58fd89edb8ae233	
C	Maps-Parma_old_winter.xml	Resources/Maps/Parma_old_winter.xml	1006960	5dd7bad5e831d56d077e43df056001db	
C	Maps-PassOld_new_summer.xml	Resources/Maps/PassOld_new_summer.xml	393332	398b397d6f3a5289f12af999a490eecf	
C	Maps-PassOld_new_winter.xml	Resources/Maps/PassOld_new_winter.xml	398468	521523d79496dcaffc62b552fdeaf5c5	
C	Maps-PassTlvk_new_summer.xml	Resources/Maps/PassTlvk_new_summer.xml	1622980	3b250c90a4dabe79cb7f5dec233a1320	
C	Maps-PassTlvk_new_winter.xml	Resources/Maps/PassTlvk_new_winter.xml	1630836	20613427e142c7ee66d040f42184143b	
C	Maps-Pass_new_summer.xml	Resources/Maps/Pass_new_summer.xml	409760	ddd0b997b5a210604a5ce5a985726ca7	
C	Maps-Pass_new_winter.xml	Resources/Maps/Pass_new_winter.xml	414624	e3fc1270886960c39cb977663c7de87e	
C	Maps-Pass_old_summer.xml	Resources/Maps/Pass_old_summer.xml	436864	4eaf93b9565a32403605c02847b85024	
C	Maps-Pass_old_winter.xml	Resources/Maps/Pass_old_winter.xml	442320	2ba6d8536a831dd592ebf623d0efc564	
C	Maps-Peak_new_summer.xml	Resources/Maps/Peak_new_summer.xml	706496	117a4a07a10694e04a20e2739bfc4408	
C	Maps-Peak_new_winter.xml	Resources/Maps/Peak_new_winter.xml	713520	511ffc883e924cdf71cefb87cacadf53	
C	Maps-PedestalOld_new_summer.xml	Resources/Maps/PedestalOld_new_summer.xml	341688	1283c395740db0814efb2262d66bab0f	
C	Maps-PersiaOld_new_summer.xml	Resources/Maps/PersiaOld_new_summer.xml	1464564	356ba3038608ccf08a1e87f805387ea4	
C	Maps-Persia_old_summer.xml	Resources/Maps/Persia_old_summer.xml	1467168	4045675b8b448712058b9f061cb59dd1	
C	Maps-PingPongOld_new_summer.xml	Resources/Maps/PingPongOld_new_summer.xml	96792	878f263f6bee4f3b46280a1ff62ec20f	
C	Maps-PingPongOld_new_winter.xml	Resources/Maps/PingPongOld_new_winter.xml	97848	ab3106c0aebaaf336b6676d30f977868	
C	Maps-PingPongTlvk_new_summer.xml	Resources/Maps/PingPongTlvk_new_summer.xml	128008	af440dd4e14c9335f065139522aa57bc	
C	Maps-PingPongTlvk_new_winter.xml	Resources/Maps/PingPongTlvk_new_winter.xml	129416	7fd3df8f8139aa37dc3183f9db31145a	
C	Maps-PingpongMt_new_summer.xml	Resources/Maps/PingpongMt_new_summer.xml	132980	21b0e93746c886968f0cda3550cae3bb	
C	Maps-PingpongPro_new_winter.xml	Resources/Maps/PingpongPro_new_winter.xml	137192	661c8eb54363955ca7eaa9d78e74f6f0	
C	Maps-PingpongQuest_new_summer.xml	Resources/Maps/PingpongQuest_new_summer.xml	345000	dc017e5a011f0b25276ead9e1adbc0e7	
C	Maps-Pingpong_new_summer.xml	Resources/Maps/Pingpong_new_summer.xml	135828	48e3268e93f00dbdde60520c22d163b3	
C	Maps-Pingpong_new_winter.xml	Resources/Maps/Pingpong_new_winter.xml	117476	83008f6a753853751d5dea42f1f47e62	
C	Maps-Pingpong_old_summer.xml	Resources/Maps/Pingpong_old_summer.xml	116228	3da8f7a528ea77a8780d3be7472de42a	
C	Maps-PlantOld_new_summer.xml	Resources/Maps/PlantOld_new_summer.xml	101940	56c26125591a0f0e8e9fa128ae16d815	
C	Maps-Plateau_new_summer.xml	Resources/Maps/Plateau_new_summer.xml	1820052	4bee970e0c72bc4444ecf80153692f77	
C	Maps-Platform_new_summer.xml	Resources/Maps/Platform_new_summer.xml	699828	325289dcee4e2841540fe599672a717c	
C	Maps-Polybig_new_summer.xml	Resources/Maps/Polybig_new_summer.xml	1163684	b2afc7394f3e992a133d61a4f8639a6a	
C	Maps-PolygonDemonic_new_summer.xml	Resources/Maps/PolygonDemonic_new_summer.xml	710712	3fcfcb4c1e45f52b85b5dd77963da2da	
C	Maps-PolygonMm_new_summer.xml	Resources/Maps/PolygonMm_new_summer.xml	2216436	bf55b70cf99c5c87ea4fa3f64015d027	
C	Maps-PolygonMm_new_winter.xml	Resources/Maps/PolygonMm_new_winter.xml	2231732	276dd691966fe199224f09af8b68a80e	
C	Maps-PolygonMt_new_summer.xml	Resources/Maps/PolygonMt_new_summer.xml	560724	433e230047f7c7cfd823020846c8fbce	
C	Maps-PolygonMt_new_winter.xml	Resources/Maps/PolygonMt_new_winter.xml	567924	aab2ea7ba8d4c247e08f4d8643a9555a	
C	Maps-PolygonOld_new_summer.xml	Resources/Maps/PolygonOld_new_summer.xml	473124	590760d61a58f3018522375078a29b0b	
C	Maps-PolygonOld_new_winter.xml	Resources/Maps/PolygonOld_new_winter.xml	478484	1ddd8f7bc5be91212e6df868393f3184	
C	Maps-PolygonPro_new_summer.xml	Resources/Maps/PolygonPro_new_summer.xml	744532	8652d837feb2c16a616dc48691c9095d	
C	Maps-PolygonTlvk_new_winter.xml	Resources/Maps/PolygonTlvk_new_winter.xml	1456808	803296dee106da2e953939357424cb4a	
C	Maps-Polygon_new_summer.xml	Resources/Maps/Polygon_new_summer.xml	1601540	24c6267cef0de7f50dae569d2dd46ed5	
C	Maps-Polygon_new_winter.xml	Resources/Maps/Polygon_new_winter.xml	751700	c4248d3fd4140aa6e27c5082211c5d4c	
C	Maps-Polygon_old_summer.xml	Resources/Maps/Polygon_old_summer.xml	523348	5c1a91386f6908995d590d031679341d	
C	Maps-Polygon_old_winter.xml	Resources/Maps/Polygon_old_winter.xml	529844	d68ae483b6c1d0419c1e86ec41335262	
C	Maps-Port2048_new_summer.xml	Resources/Maps/Port2048_new_summer.xml	582884	047e8d2cb44206c1150f81b9c6e49e88	
C	Maps-PortOld_new_summer.xml	Resources/Maps/PortOld_new_summer.xml	710404	bcc745ad0f3cd81f4ade85c38f1a27ae	
C	Maps-Port_new_summer.xml	Resources/Maps/Port_new_summer.xml	761424	454ec04742555e1454855b9528dc83f2	
C	Maps-PositionOld_new_summer.xml	Resources/Maps/PositionOld_new_summer.xml	597160	41b294d9281e7dada3f890a083553e69	
C	Maps-Position_new_summer.xml	Resources/Maps/Position_new_summer.xml	595732	e9be78e1b0efb6bb72777ac70c0d13a0	
C	Maps-PratoNy_new_summer.xml	Resources/Maps/PratoNy_new_summer.xml	1328036	07f3abd396306862ae1c64b21ad2f400	
C	Maps-Pripyat_new_summer.xml	Resources/Maps/Pripyat_new_summer.xml	8350788	e6d42856091e1bf4d3e78fa3677753b6	
C	Maps-Prospect_new_summer.xml	Resources/Maps/Prospect_new_summer.xml	733460	0a5db9b74c86a41fa732728e65a4f8d5	
C	Maps-Prospect_new_winter.xml	Resources/Maps/Prospect_new_winter.xml	411684	0642191feb882a521ac85f576de0df2a	
C	Maps-Province_new_summer.xml	Resources/Maps/Province_new_summer.xml	2998932	b2783afb0456de0356113a7f56d87c68	
C	Maps-Railwaystation_new_summer.xml	Resources/Maps/Railwaystation_new_summer.xml	594136	83b97df954f8ec7e79c6b3181cafc01f	
C	Maps-RedAlert1100_new_summer.xml	Resources/Maps/RedAlert1100_new_summer.xml	935992	be6d46a32faa3774cd9694df89cfff02	
C	Maps-RedAlertMm_new_summer.xml	Resources/Maps/RedAlertMm_new_summer.xml	1796836	785fdc931724c14bb8d42fc439605c64	
C	Maps-RedAlertMm_new_winter.xml	Resources/Maps/RedAlertMm_new_winter.xml	1818852	6313122c1c3efeb3a6b186d465e5f0fb	
C	Maps-RedAlertOld_new_summer.xml	Resources/Maps/RedAlertOld_new_summer.xml	965880	9e3e8332d55aadcc700070a7b7966cd7	
C	Maps-RedAlertOld_new_winter.xml	Resources/Maps/RedAlertOld_new_winter.xml	973352	e7bf04abf51b8320db97b4e89f9142e2	
C	Maps-Redalert_new_summer.xml	Resources/Maps/Redalert_new_summer.xml	1023012	3bd807c8fbcb7142c5c22044bcaf2d24	
C	Maps-Redalert_new_winter.xml	Resources/Maps/Redalert_new_winter.xml	1032180	6a4b06672705c68144d331355eb250d6	
C	Maps-Redalert_old_summer.xml	Resources/Maps/Redalert_old_summer.xml	949732	be74f2b30a17e2fda7b7aec81e51b0fa	
C	Maps-Redalert_old_winter.xml	Resources/Maps/Redalert_old_winter.xml	957684	22558c98b420103a3308141671aed71d	
C	Maps-Redshire_new_summer.xml	Resources/Maps/Redshire_new_summer.xml	676084	b9efbb0259cc5cc72c7d152477b752bd	
C	Maps-Refmap_new_summer.xml	Resources/Maps/Refmap_new_summer.xml	33952	bd9cd8b3da68a8bbddd2cac0b17a45c9	
C	Maps-RelayRace_new_summer.xml	Resources/Maps/RelayRace_new_summer.xml	976532	f58fac7f7237732ae0de7a994aa8675e	
C	Maps-RelayRace_new_winter.xml	Resources/Maps/RelayRace_new_winter.xml	1178516	30ffb64a3eaf89d6efa8857b58bb8684	
C	Maps-RiftOld_new_summer.xml	Resources/Maps/RiftOld_new_summer.xml	663668	6ba13772e77f811add84a2f222af5ffa	
C	Maps-RiftPro_new_winter.xml	Resources/Maps/RiftPro_new_winter.xml	827428	599cbf3852ceced0335ed0b51fa5a606	
C	Maps-RiftTlvk_new_summer.xml	Resources/Maps/RiftTlvk_new_summer.xml	1667332	07f283e801c82e0100d8d99d544ad772	
C	Maps-RiftTlvk_new_winter.xml	Resources/Maps/RiftTlvk_new_winter.xml	1679780	e60908254ff9aa65204cd5cec85cc809	
C	Maps-Rift_new_summer.xml	Resources/Maps/Rift_new_summer.xml	819360	5faf9493b3c28774726ad79feac464c2	
C	Maps-Rift_new_winter.xml	Resources/Maps/Rift_new_winter.xml	666304	c6429dd5f38f1776a5c08f70996faaed	
C	Maps-Rift_old_summer.xml	Resources/Maps/Rift_old_summer.xml	660512	1d7633a11c0326aa653870f7217d9190	
C	Maps-Ring_old_summer.xml	Resources/Maps/Ring_old_summer.xml	661872	b02996a46be079790de7cb2d6f461ffe	
C	Maps-Ring_old_winter.xml	Resources/Maps/Ring_old_winter.xml	667952	89ac71e2806c0068bdf8a052b8b94aa6	
C	Maps-Ringrace_new_summer.xml	Resources/Maps/Ringrace_new_summer.xml	1399252	5bc1461285b00ca0547f248b982e1683	
C	Maps-RioMm_new_summer.xml	Resources/Maps/RioMm_new_summer.xml	2362944	b537b933a945379697c01ff9b5d670cb	
C	Maps-RioMt_new_summer.xml	Resources/Maps/RioMt_new_summer.xml	982272	9f448fdd8366f016347695a55387882b	
C	Maps-RioNight_old_winter.xml	Resources/Maps/RioNight_old_winter.xml	2568772	569e21d74735c4e325501d4942bc6496	
C	Maps-RioOld_new_summer.xml	Resources/Maps/RioOld_new_summer.xml	1153216	28c3e97854e8a4dab164777a36251364	
C	Maps-RioPro_new_summer.xml	Resources/Maps/RioPro_new_summer.xml	2419344	fe44cc0e8b20601214f63d40e197f049	
C	Maps-Rio_new_summer.xml	Resources/Maps/Rio_new_summer.xml	2480464	bab8fd3f0dc44c5fb58617c424128f69	
C	Maps-Rio_old_summer.xml	Resources/Maps/Rio_old_summer.xml	2554720	f34c8c650d401da541dd892eeaa4a872	
C	Maps-RouteVektorTv_new_summer.xml	Resources/Maps/RouteVektorTv_new_summer.xml	351256	2c7f1edc38640596790dfbc0fc760c9c	
C	Maps-Ruinberg_new_summer.xml	Resources/Maps/Ruinberg_new_summer.xml	587204	511ccc48fb940054d9285ad78389fd70	
C	Maps-RuinsOld_new_summer.xml	Resources/Maps/RuinsOld_new_summer.xml	325268	9699ab4ad2590cca1248b088802a2f6b	
C	Maps-Sanbox_new_summer.xml	Resources/Maps/Sanbox_new_summer.xml	305888	9028d050f436228471d6186453a28caa	
C	Maps-Sandal1100_new_summer.xml	Resources/Maps/Sandal1100_new_summer.xml	489124	c76020c3df71305e815e32de69499341	
C	Maps-SandalMm_new_summer.xml	Resources/Maps/SandalMm_new_summer.xml	1868948	ca01830649a98f5249264ddae7654bcc	
C	Maps-SandalMm_new_winter.xml	Resources/Maps/SandalMm_new_winter.xml	1890292	70c0f8afbcee6506863fbae2e7fe5ef3	
C	Maps-SandalOld_new_summer.xml	Resources/Maps/SandalOld_new_summer.xml	490916	f5d89760d88b8d96a6cd4ccc6e04e388	
C	Maps-SandalOld_new_winter.xml	Resources/Maps/SandalOld_new_winter.xml	494996	c65ada951a11ae18a053fe7b92fae99c	
C	Maps-SandalTlvk_new_summer.xml	Resources/Maps/SandalTlvk_new_summer.xml	957860	53f6eaaa8c89ad8cd69620b6abfba74c	
C	Maps-SandalTlvk_new_winter.xml	Resources/Maps/SandalTlvk_new_winter.xml	968676	cbc85473f161f874ca62418de4876b08	
C	Maps-Sandal_new_summer.xml	Resources/Maps/Sandal_new_summer.xml	532128	5b73155f85ef77279e3483c4e925d732	
C	Maps-Sandal_new_winter.xml	Resources/Maps/Sandal_new_winter.xml	537072	2c2a4c65682a88ecc2155050e6fa55a1	
C	Maps-Sandal_old_summer.xml	Resources/Maps/Sandal_old_summer.xml	505664	148bd147f485a9fde61fd30ecc2277a3	
C	Maps-Sandal_old_winter.xml	Resources/Maps/Sandal_old_winter.xml	509952	17866d9248f191b49dabd6a7d9cd1e11	
C	Maps-Sandbox1100_new_summer.xml	Resources/Maps/Sandbox1100_new_summer.xml	354568	5d485ce589e8ea07c3d14d439c67ae72	
C	Maps-Sandbox20_new_summer.xml	Resources/Maps/Sandbox20_new_summer.xml	2629076	ac95f4c4b88f9f421c3bf99a13dc6362	
C	Maps-SandboxMmRemaster_new_autumn.xml	Resources/Maps/SandboxMmRemaster_new_autumn.xml	4295580	ab6012f97f216aeefe15a28e390dc203	
C	Maps-SandboxMmRemaster_new_summer.xml	Resources/Maps/SandboxMmRemaster_new_summer.xml	4284684	9eb64f09bb465f741d43a79676fd4f10	
C	Maps-SandboxMm_new_summer.xml	Resources/Maps/SandboxMm_new_summer.xml	2558036	5ab6b5e3bec8816da00e759f5bc60409	
C	Maps-SandboxMm_new_winter.xml	Resources/Maps/SandboxMm_new_winter.xml	2587316	47a21028405e07af5bb6f7fa08f5dac0	
C	Maps-SandboxMt_new_winter.xml	Resources/Maps/SandboxMt_new_winter.xml	309988	d1c166fd3d3c9eb30db2ca2ecb41ab7d	
C	Maps-SandboxOld_new_summer.xml	Resources/Maps/SandboxOld_new_summer.xml	355236	0bf78d23819f100b42eb48cae4da0a00	
C	Maps-SandboxOld_new_winter.xml	Resources/Maps/SandboxOld_new_winter.xml	361012	3194d9af2e988a76874b86fc24213620	
C	Maps-SandboxPro_new_summer.xml	Resources/Maps/SandboxPro_new_summer.xml	682372	05ef3a6ec884025922a77c8ed4dfaa88	
C	Maps-Sandbox_new_summer.xml	Resources/Maps/Sandbox_new_summer.xml	810548	4b026185322b1bf72c3995731caf4a20	
C	Maps-Sandbox_new_winter.xml	Resources/Maps/Sandbox_new_winter.xml	692612	8ec1dce40a49ed0ea077758ba5a3fd7b	
C	Maps-Sandbox_old_summer.xml	Resources/Maps/Sandbox_old_summer.xml	361028	053be3b75657f17e3f228ebb904c61a4	
C	Maps-Sandbox_old_winter.xml	Resources/Maps/Sandbox_old_winter.xml	365764	36c14cd4df1db2a04a79bb5cd26af991	
C	Maps-ScopeMm_new_summer.xml	Resources/Maps/ScopeMm_new_summer.xml	2164308	86151120f61869fd3d54bda89e6918ff	
C	Maps-ScopeMm_new_winter.xml	Resources/Maps/ScopeMm_new_winter.xml	2179780	edaddd4949f8514857d2ca4a7d4aa572	
C	Maps-ScopeOld_new_summer.xml	Resources/Maps/ScopeOld_new_summer.xml	1481764	ea85023297252008f1199d6d10ab96a0	
C	Maps-ScopeOld_new_winter.xml	Resources/Maps/ScopeOld_new_winter.xml	1497300	413ecfa3abbea26792221d084f831ac9	
C	Maps-Scope_new_summer.xml	Resources/Maps/Scope_new_summer.xml	1452656	69933fb150ad8e77b855c1c829bbae4f	
C	Maps-Scope_new_winter.xml	Resources/Maps/Scope_new_winter.xml	1467328	c101fb66fbeb8b1437beb3615d337712	
C	Maps-Scope_old_summer.xml	Resources/Maps/Scope_old_summer.xml	1429408	2259fe33f79c8bf0bf90b771b29c49bb	
C	Maps-Scope_old_winter.xml	Resources/Maps/Scope_old_winter.xml	1444848	9649ae7851b31047bf3195084847296e	
C	Maps-Seiva_new_summer.xml	Resources/Maps/Seiva_new_summer.xml	1746704	951a3d770a9e5427fea417a5aab044e6	
C	Maps-Serpuhov1100_new_summer.xml	Resources/Maps/Serpuhov1100_new_summer.xml	870712	8e73ee762d21401254aa237cdc426de2	
C	Maps-SerpuhovMm_new_summer.xml	Resources/Maps/SerpuhovMm_new_summer.xml	1980964	923f1b65cc0970cc591b92f972000e4e	
C	Maps-SerpuhovMm_new_winter.xml	Resources/Maps/SerpuhovMm_new_winter.xml	2006276	050bef437f66625a3c302afeb9a501e3	
C	Maps-SerpuhovOld_new_summer.xml	Resources/Maps/SerpuhovOld_new_summer.xml	871944	c3c07218bd8ee8c2537497175eee67b6	
C	Maps-SerpuhovOld_new_winter.xml	Resources/Maps/SerpuhovOld_new_winter.xml	880536	8060ff898307a2f214774d0e7d7f19be	
C	Maps-Serpuhov_new_winter.xml	Resources/Maps/Serpuhov_new_winter.xml	955796	e775e06d7da62bfff77f0b2dcc7b1fa5	
C	Maps-Serpuhov_old_summer.xml	Resources/Maps/Serpuhov_old_summer.xml	903620	6bf3b2f6c33a06f8336546f46b21a760	
C	Maps-Serpuhov_old_winter.xml	Resources/Maps/Serpuhov_old_winter.xml	912932	c2f67367c4815917b97dd8e427d9e7b6	
C	Maps-Serpukhov_new_summer.xml	Resources/Maps/Serpukhov_new_summer.xml	870132	1857d1ac20c28da2ffc288d2cf0538f2	
C	Maps-ShortBridge1100_new_summer.xml	Resources/Maps/ShortBridge1100_new_summer.xml	314668	ca60beab66dda22f97df5a4926ef0956	
C	Maps-ShortBridgeMm_new_summer.xml	Resources/Maps/ShortBridgeMm_new_summer.xml	1067544	4f7169037c7907a88265699be5bcb6cf	
C	Maps-ShortBridgeOld_new_summer.xml	Resources/Maps/ShortBridgeOld_new_summer.xml	316520	cc0c751de6dbd4c141559616100c2361	
C	Maps-ShortBridgeOld_new_winter.xml	Resources/Maps/ShortBridgeOld_new_winter.xml	319880	68f3aff34e5a436a881f3599083cddcb	
C	Maps-ShortbridgeMt_new_summer.xml	Resources/Maps/ShortbridgeMt_new_summer.xml	275736	35070c37302ac7c5e8d7b24039f3f4ea	
C	Maps-Shortbridge_new_summer.xml	Resources/Maps/Shortbridge_new_summer.xml	308904	288951e4373dfa02ef2a89f34c001a64	
C	Maps-Shortbridge_new_winter.xml	Resources/Maps/Shortbridge_new_winter.xml	312568	e60d297c9f7070ff34cd3ccefaeaeb3f	
C	Maps-Shortbridge_old_summer.xml	Resources/Maps/Shortbridge_old_summer.xml	306504	81d9fde0eaa14bb4317b66ad9a8b5ff2	
C	Maps-Shortbridge_old_winter.xml	Resources/Maps/Shortbridge_old_winter.xml	309720	d63898f29cc969abe53a205327b2e671	
C	Maps-Siege1100_new_summer.xml	Resources/Maps/Siege1100_new_summer.xml	1208692	ec243dd47d0678c9802885ab402dc0bd	
C	Maps-SiegeMm_new_summer.xml	Resources/Maps/SiegeMm_new_summer.xml	3153476	3ad842ae08e2e3bdb414339f4a5c2170	
C	Maps-SiegeMm_new_winter.xml	Resources/Maps/SiegeMm_new_winter.xml	3179700	031fed7ea2abb97f600aba81e3eac6ea	
C	Maps-SiegeOld_new_summer.xml	Resources/Maps/SiegeOld_new_summer.xml	1209748	3a9a172badc8bdaca9d7a8ad668a2e44	
C	Maps-SiegeOld_new_winter.xml	Resources/Maps/SiegeOld_new_winter.xml	1217188	cdb8f7dfa2f6612c71ab1680cc3227ee	
C	Maps-Siege_new_summer.xml	Resources/Maps/Siege_new_summer.xml	1274784	cae1054073fe0e53288b627c1994702f	
C	Maps-Siege_new_winter.xml	Resources/Maps/Siege_new_winter.xml	1284672	9e6abd3003e27fc4ea93acf67c0112e6	
C	Maps-Siege_old_summer.xml	Resources/Maps/Siege_old_summer.xml	1146288	cddd60b04085ad287d1a977c10d93550	
C	Maps-Siege_old_winter.xml	Resources/Maps/Siege_old_winter.xml	1155552	6c9a00364f59b8e67453e36610e18e0e	
C	Maps-Silence19_new_summer.xml	Resources/Maps/Silence19_new_summer.xml	1329780	394780d6269f8b526b512ad8cc58715d	
C	Maps-Silence2Evening_old_winter.xml	Resources/Maps/Silence2Evening_old_winter.xml	712940	5a8efc717b8a3663b2a5e3768c3cf204	
C	Maps-Silence3_new_summer.xml	Resources/Maps/Silence3_new_summer.xml	1388996	9d6c8a5eaf343acc3ca50c59b36f50a5	
C	Maps-SilenceDemonic_new_summer.xml	Resources/Maps/SilenceDemonic_new_summer.xml	995208	dabdd2aa4469c3a6879967feca7c721d	
C	Maps-SilenceGt_old_winter.xml	Resources/Maps/SilenceGt_old_winter.xml	677204	06701c170d745d622567835ef53cab8a	
C	Maps-SilenceIOld_new_summer.xml	Resources/Maps/SilenceIOld_new_summer.xml	622008	c081ef199b60120883df0a7e68726b21	
C	Maps-SilenceIOld_new_winter.xml	Resources/Maps/SilenceIOld_new_winter.xml	623464	b74f4aae876db1e735952c4ac734bbde	
C	Maps-SilenceIiOld_new_summer.xml	Resources/Maps/SilenceIiOld_new_summer.xml	660520	47a94a36b07cc11d0dcb97bd47202f56	
C	Maps-SilenceIiOld_new_winter.xml	Resources/Maps/SilenceIiOld_new_winter.xml	665160	617d8a586af29ed085f66818c51f3597	
C	Maps-SilenceMirror_new_summer.xml	Resources/Maps/SilenceMirror_new_summer.xml	1175400	6a4113d73f9f571098e42fa80ceaeb69	
C	Maps-SilenceMm_new_summer.xml	Resources/Maps/SilenceMm_new_summer.xml	2244292	3f7c73c03a1892ceff110ef5d605d904	
C	Maps-SilenceMm_new_winter.xml	Resources/Maps/SilenceMm_new_winter.xml	2259028	241f34136a70e6c1ad5fd87d1eb27e29	
C	Maps-SilencePro_new_summer.xml	Resources/Maps/SilencePro_new_summer.xml	965460	ca6d6f07ecbf5d2d7339d0c5fde7406f	
C	Maps-SilenceRemakeCy95v_new_summer.xml	Resources/Maps/SilenceRemakeCy95v_new_summer.xml	5094380	875dd2183a2efbdc655c5a4a22971773	
C	Maps-SilenceSpace_new_winter.xml	Resources/Maps/SilenceSpace_new_winter.xml	675720	808d85d4af669383d09e27f53f62619a	
C	Maps-SilenceSpace_old_winter.xml	Resources/Maps/SilenceSpace_old_winter.xml	673560	f4f0e19ed63c6705ec684d0c1c237c60	
C	Maps-SilenceTlvk_new_winter.xml	Resources/Maps/SilenceTlvk_new_winter.xml	2097592	b2e088729896d3f818673c8a4bad7e29	
C	Maps-Silence_new_summer.xml	Resources/Maps/Silence_new_summer.xml	2103220	a5924dd0a652b366bebcaa9c77a57be5	
C	Maps-Silence_new_winter.xml	Resources/Maps/Silence_new_winter.xml	973204	4445cbd8043afea56f4cf7368552b9bb	
C	Maps-Silence_old_summer.xml	Resources/Maps/Silence_old_summer.xml	671268	10a7fdb5d7ce897e561cbb74bcf14636	
C	Maps-Silence_old_winter.xml	Resources/Maps/Silence_old_winter.xml	706228	8098127f74c2b4368feb4c6d433e1cfc	
C	Maps-Silent_new_summer.xml	Resources/Maps/Silent_new_summer.xml	556720	918a161f9a5fe61760b2526164b43466	
C	Maps-Skirmish_new_summer.xml	Resources/Maps/Skirmish_new_summer.xml	1297764	c6aab2f3f4b0213488b6637c7c5fdd9d	
C	Maps-Skylark1100_new_summer.xml	Resources/Maps/Skylark1100_new_summer.xml	1169128	a96b4d8cd5748eef49c31a4760e89ba4	
C	Maps-SkylarkMm_new_summer.xml	Resources/Maps/SkylarkMm_new_summer.xml	2102932	4473868cf031d7461e4361c4dd62edcf	
C	Maps-SkylarkMm_new_winter.xml	Resources/Maps/SkylarkMm_new_winter.xml	2125492	96150d16415deddad110b725928e0f5f	
C	Maps-SkylarkOld_new_summer.xml	Resources/Maps/SkylarkOld_new_summer.xml	1170452	d0b9b5fc10b6f813f9d9c530bba85783	
C	Maps-SkylarkOld_new_winter.xml	Resources/Maps/SkylarkOld_new_winter.xml	1179732	27395429fa441a09facf0ad0dc09ac05	
C	Maps-SkylarkTlvk_new_winter.xml	Resources/Maps/SkylarkTlvk_new_winter.xml	1098856	fafa1006e1172e1284b44650da9632d7	
C	Maps-Skylark_new_summer.xml	Resources/Maps/Skylark_new_summer.xml	1117012	3ca9adbe9885907809afaf45e707099d	
C	Maps-Skylark_new_winter.xml	Resources/Maps/Skylark_new_winter.xml	1126980	a77a435d8c368b7d6523aa393b9f3b93	
C	Maps-Skylark_old_summer.xml	Resources/Maps/Skylark_old_summer.xml	1102068	fc33a13a9033e1d90a2b9d4b10296c12	
C	Maps-Skylark_old_winter.xml	Resources/Maps/Skylark_old_winter.xml	1111876	0d108fabccc9a333202c4252eac4d156	
C	Maps-Skylarks_new_summer.xml	Resources/Maps/Skylarks_new_summer.xml	1100756	c08ded48b808755c1127664afcb4d1e6	
C	Maps-Skyscrapers_new_summer.xml	Resources/Maps/Skyscrapers_new_summer.xml	2362696	aeb34f71407b63141d61609977a9a86a	
C	Maps-Snowarena_new_summer.xml	Resources/Maps/Snowarena_new_summer.xml	1141188	dd3b7249947f1104cda040cfd4dad424	
C	Maps-Snowbattle_new_summer.xml	Resources/Maps/Snowbattle_new_summer.xml	869860	028f2e9e087a84c07b885cdcf74b316a	
C	Maps-SocAgroUnderground_new_summer.xml	Resources/Maps/SocAgroUnderground_new_summer.xml	1297084	6f95e82bdc7f15920d67c5902fb33fb5	
C	Maps-SocBar_new_summer.xml	Resources/Maps/SocBar_new_summer.xml	5069984	316aba021e6158d972196e5dd01a33fb	
C	Maps-SocCnpp2_new_summer.xml	Resources/Maps/SocCnpp2_new_summer.xml	4447028	c3f1ec1727af13bdcca2ac4fe21ecef6	
C	Maps-SocDarkValley_new_summer.xml	Resources/Maps/SocDarkValley_new_summer.xml	4834312	39f03e028f043c1585194edfaecb0865	
C	Maps-SocEscape_new_summer.xml	Resources/Maps/SocEscape_new_summer.xml	2731524	743c2da51af7cc782d281454d3a22edc	
C	Maps-SocGarbage_new_summer.xml	Resources/Maps/SocGarbage_new_summer.xml	3994276	34ce2a18439500ef97f52987429dda54	
C	Maps-SocLabX10_new_summer.xml	Resources/Maps/SocLabX10_new_summer.xml	2384100	7fcf49a3fcff7b6bd117a26a6332b6ae	
C	Maps-SocLabX16_new_summer.xml	Resources/Maps/SocLabX16_new_summer.xml	1956084	38095269269d42aa4eb1b21ba98bb38b	
C	Maps-SocLabX18_new_summer.xml	Resources/Maps/SocLabX18_new_summer.xml	983204	749e687a7ca4fedfb3b28ec9172f7b1f	
C	Maps-SocMilitary_new_summer.xml	Resources/Maps/SocMilitary_new_summer.xml	4322840	15d979e0ab8ec964e0cb10cbffbb5ff9	
C	Maps-SocMonolithControl_new_summer.xml	Resources/Maps/SocMonolithControl_new_summer.xml	937996	b64d9140bf258e168a2775c767f1de50	
C	Maps-SocMpAgroprom_new_summer.xml	Resources/Maps/SocMpAgroprom_new_summer.xml	3908616	e7646030332829c8a96e2e4ca82ca408	
C	Maps-SocMpAtp_new_summer.xml	Resources/Maps/SocMpAtp_new_summer.xml	2820948	dc11b800774c424f02ecf0f1fbd10ce3	
C	Maps-SocMpBath_new_summer.xml	Resources/Maps/SocMpBath_new_summer.xml	2449988	d01ed5a3742c204a072f0e4314cda84b	
C	Maps-SocMpDarkValley_new_summer.xml	Resources/Maps/SocMpDarkValley_new_summer.xml	2671676	06eaeb18de436cc2b0975b0f2cc154b7	
C	Maps-SocMpFactory_new_summer.xml	Resources/Maps/SocMpFactory_new_summer.xml	3503816	13c01d32448da11acada10aa86db9dbe	
C	Maps-SocMpLostVillage_new_summer.xml	Resources/Maps/SocMpLostVillage_new_summer.xml	3200940	23bdab701f072e293c13f263e44aa81e	
C	Maps-SocMpMilitary1_new_summer.xml	Resources/Maps/SocMpMilitary1_new_summer.xml	3811064	1e0b89e8ca36b59a47cf047f4228edee	
C	Maps-SocMpMilitary2_new_summer.xml	Resources/Maps/SocMpMilitary2_new_summer.xml	2063400	7377c6f408fd714fbc8edd3d6d3fcd25	
C	Maps-SocMpPool_new_summer.xml	Resources/Maps/SocMpPool_new_summer.xml	386132	cb07b46e9382cffc8f6d15e4313a520e	
C	Maps-SocMpRailroad_new_summer.xml	Resources/Maps/SocMpRailroad_new_summer.xml	5171848	ba154c7756a59cede64f49e9f7387679	
C	Maps-SocMpRostok_new_summer.xml	Resources/Maps/SocMpRostok_new_summer.xml	5662376	264baaeea1f4f8a73d8b929b5f246b7a	
C	Maps-SocMpWorkshop_new_summer.xml	Resources/Maps/SocMpWorkshop_new_summer.xml	3606600	a63d8b195840989af2893576c8f6e06c	
C	Maps-SocRadar_new_summer.xml	Resources/Maps/SocRadar_new_summer.xml	3105188	c42356f53c0b9402409c08494d9d70bd	
C	Maps-SocRostok_new_summer.xml	Resources/Maps/SocRostok_new_summer.xml	4923460	2e03efbf8c11fe110ce944cb67bec86e	
C	Maps-SocSarcophagus_new_summer.xml	Resources/Maps/SocSarcophagus_new_summer.xml	5092392	b3a6e3133ac32d11c05c6531c919beab	
C	Maps-SocYantar_new_summer.xml	Resources/Maps/SocYantar_new_summer.xml	4627428	04cb8d91fbf1f936996061d594a18122	
C	Maps-Solikamsk1100_new_summer.xml	Resources/Maps/Solikamsk1100_new_summer.xml	1152184	9ba0717ad650cea4eb4190b8b97ca15b	
C	Maps-SolikamskMm_new_summer.xml	Resources/Maps/SolikamskMm_new_summer.xml	2433144	d6b5cb71641356c974f2b7f34db34113	
C	Maps-SolikamskMm_new_winter.xml	Resources/Maps/SolikamskMm_new_winter.xml	2461224	3b3b7ec243372f1236f8dfddbb8876c3	
C	Maps-SolikamskOld_new_summer.xml	Resources/Maps/SolikamskOld_new_summer.xml	1194040	81c811bee65a57a7af452084814e5faa	
C	Maps-SolikamskOld_new_winter.xml	Resources/Maps/SolikamskOld_new_winter.xml	1204648	6cac55e76b2f9cafb167e796cbae623e	
C	Maps-Solikamsk_new_summer.xml	Resources/Maps/Solikamsk_new_summer.xml	1927380	4ecdef5645c3b019279a6fec38748bd5	
C	Maps-Solikamsk_new_winter.xml	Resources/Maps/Solikamsk_new_winter.xml	1949252	a1b90b36f7ea36ddee6659ce0dbec803	
C	Maps-Solikamsk_old_summer.xml	Resources/Maps/Solikamsk_old_summer.xml	1104148	314cbfcb8733fdc726419daae66d39ca	
C	Maps-Solikamsk_old_winter.xml	Resources/Maps/Solikamsk_old_winter.xml	1114980	dd2c7b82ba1f1c6eee55c9af2ecb8af8	
C	Maps-Springfalls_new_summer.xml	Resources/Maps/Springfalls_new_summer.xml	3021656	458b692e895af6b2ae967ddc402e770f	
C	Maps-StadiumMm_new_summer.xml	Resources/Maps/StadiumMm_new_summer.xml	2102308	b1dd12a8458a106cf48d8b3a6ddb04ca	
C	Maps-StadiumMt_new_summer.xml	Resources/Maps/StadiumMt_new_summer.xml	1246644	43739d8f672e005b5e43107d272ddecd	
C	Maps-StadiumOld_new_summer.xml	Resources/Maps/StadiumOld_new_summer.xml	1289172	d11444537bc95d1d6e118e2643be47a4	
C	Maps-StadiumOld_new_winter.xml	Resources/Maps/StadiumOld_new_winter.xml	1306804	6c0b8179ec46d0e0f6ef6ebbec373b13	
C	Maps-Stadium_new_summer.xml	Resources/Maps/Stadium_new_summer.xml	1621412	5446bcf707408617d7d2fabdfa15377a	
C	Maps-Stadium_new_winter.xml	Resources/Maps/Stadium_new_winter.xml	1390884	5b1b8ad36e959942f18fb232d34e9798	
C	Maps-Stadium_old_summer.xml	Resources/Maps/Stadium_old_summer.xml	1276116	7ef555ea83d9aeb54a2e26ecf3d66ab9	
C	Maps-Stadium_old_winter.xml	Resources/Maps/Stadium_old_winter.xml	1293540	95af2600a3d79a7f9d62b949bbe7429c	
C	Maps-StationMt_new_summer.xml	Resources/Maps/StationMt_new_summer.xml	442868	45855a027f059c959020bf0967f1ce7f	
C	Maps-StationOld_new_summer.xml	Resources/Maps/StationOld_new_summer.xml	454340	b01e6884fe84ca95db11ad4027aaf7c9	
C	Maps-StationOld_new_winter.xml	Resources/Maps/StationOld_new_winter.xml	458292	19d938746c3a55492290f933b64f837c	
C	Maps-StationTlvk_new_summer.xml	Resources/Maps/StationTlvk_new_summer.xml	433512	9ade2394bf16a50aac74df913c96b8a7	
C	Maps-Station_new_summer.xml	Resources/Maps/Station_new_summer.xml	450724	a7d09a4e6e9d6af9972cee8c9b55193e	
C	Maps-Station_new_winter.xml	Resources/Maps/Station_new_winter.xml	454724	abe067535c3d8902e37a6b668a0e47bc	
C	Maps-Station_old_summer.xml	Resources/Maps/Station_old_summer.xml	506116	713395fdf58638fbfac37bd5a4633c27	
C	Maps-Station_old_winter.xml	Resources/Maps/Station_old_winter.xml	510916	e49462cbe481266d89f073df9943ad11	
C	Maps-Streetracers2_new_summer.xml	Resources/Maps/Streetracers2_new_summer.xml	2442216	49af05320114a78b203b8f8ce7007a2d	
C	Maps-SubwayOld_new_summer.xml	Resources/Maps/SubwayOld_new_summer.xml	1203300	52788c1e904dab8a1ada3104daa627b0	
C	Maps-SubwayOld_new_winter.xml	Resources/Maps/SubwayOld_new_winter.xml	1217092	c5508928835b0446452fcb0756482de6	
C	Maps-Subway_new_winter.xml	Resources/Maps/Subway_new_winter.xml	1045296	53c8c9cec0141cb4be1a9c359044a1cc	
C	Maps-Subway_old_summer.xml	Resources/Maps/Subway_old_summer.xml	1219312	b9fd7993f37969f8d4544cde4bc12f40	
C	Maps-Subway_old_winter.xml	Resources/Maps/Subway_old_winter.xml	1233424	30519ecb1cd706765f15e86fdbaf57b5	
C	Maps-TankistogradOld_new_summer.xml	Resources/Maps/TankistogradOld_new_summer.xml	31516	520cf217682b268137158b1664d919e9	
C	Maps-TestMapOld_new_summer.xml	Resources/Maps/TestMapOld_new_summer.xml	118148	71a8cdb9dba7fed79781f10ab578daec	
C	Maps-TestOld_new_summer.xml	Resources/Maps/TestOld_new_summer.xml	135652	c64559f54d18e1582425a85085cd645d	
C	Maps-Testbox_new_summer.xml	Resources/Maps/Testbox_new_summer.xml	499268	3b9b572d93ba75b90884058bf882417c	
C	Maps-TestingGround1Old_new_summer.xml	Resources/Maps/TestingGround1Old_new_summer.xml	154028	6fcac288361f1010eea2c5e10982d89c	
C	Maps-TestingGround2Old_new_summer.xml	Resources/Maps/TestingGround2Old_new_summer.xml	988	ee9f81a5612480e2436b413391ebfb63	
C	Maps-TpsOld_new_summer.xml	Resources/Maps/TpsOld_new_summer.xml	1543824	63103dcb8b5b47b8c09d25aa7a5cad4a	
C	Maps-TrainStationOld_new_summer.xml	Resources/Maps/TrainStationOld_new_summer.xml	416172	78a4c3afd0ced9236dbc163140890580	
C	Maps-TrainStationOld_new_winter.xml	Resources/Maps/TrainStationOld_new_winter.xml	421116	806d9a5eab2ac0bc336018b363113490	
C	Maps-TrainsQuest_new_summer.xml	Resources/Maps/TrainsQuest_new_summer.xml	769448	b1680d4f39ab61750baf86b937999cc1	
C	Maps-Trains_new_summer.xml	Resources/Maps/Trains_new_summer.xml	503968	98e659b071073a5d4d00f8edf78f9a6e	
C	Maps-Trains_new_winter.xml	Resources/Maps/Trains_new_winter.xml	509984	ab55e6694106767f3f1bb8e64865d62f	
C	Maps-Tribute1100_new_summer.xml	Resources/Maps/Tribute1100_new_summer.xml	475832	a613522b0597d1329923e7d286e937de	
C	Maps-TributeMm_new_summer.xml	Resources/Maps/TributeMm_new_summer.xml	1776116	31084fb3b57fc81a2615c79aa47606ab	
C	Maps-TributeMm_new_winter.xml	Resources/Maps/TributeMm_new_winter.xml	1802020	e72a43042c9128bbc8fe7f7f81bc72f3	
C	Maps-TributeOld_new_summer.xml	Resources/Maps/TributeOld_new_summer.xml	498132	45cc55ad6b2539ac82fc3ea8e6034ae9	
C	Maps-TributeOld_new_winter.xml	Resources/Maps/TributeOld_new_winter.xml	504100	ddcd28d9319968a2584e4d20cb85cf77	
C	Maps-Tribute_new_summer.xml	Resources/Maps/Tribute_new_summer.xml	560452	1c430e0b50bb19608887f1df0009d91e	
C	Maps-Tribute_new_winter.xml	Resources/Maps/Tribute_new_winter.xml	567428	6ddb25170463d8f0319fd0077aade672	
C	Maps-Tribute_old_summer.xml	Resources/Maps/Tribute_old_summer.xml	513076	2e80708aa9087fe37693901f83b6118e	
C	Maps-Tribute_old_winter.xml	Resources/Maps/Tribute_old_winter.xml	519844	33d059f4c2e246f03f1698d328462619	
C	Maps-Tutorial_new_summer.xml	Resources/Maps/Tutorial_new_summer.xml	977044	e809be9926261d8b537021048d7ffe4f	
C	Maps-UnicornsAndRainbow_new_summer.xml	Resources/Maps/UnicornsAndRainbow_new_summer.xml	222236	5974d3fc3dca6c950e45292ffb1996ba	
C	Maps-ValleyOld_new_summer.xml	Resources/Maps/ValleyOld_new_summer.xml	418820	64ee543bccde0f65c2e5be68d61fd5c9	
C	Maps-ValleyOld_new_winter.xml	Resources/Maps/ValleyOld_new_winter.xml	422100	d886c638d008425e1ed2c3fb4554610d	
C	Maps-Valley_new_summer.xml	Resources/Maps/Valley_new_summer.xml	432160	9a3146f7aceda8cb213948eb938efb01	
C	Maps-Valley_new_winter.xml	Resources/Maps/Valley_new_winter.xml	436144	4c4ab035d87f81c94e44c0b85ea116a3	
C	Maps-Valley_old_summer.xml	Resources/Maps/Valley_old_summer.xml	426112	71d313eafd65cccca69257badd99694d	
C	Maps-Valley_old_winter.xml	Resources/Maps/Valley_old_winter.xml	430064	96c05e61ef5103e4ff8003aab6841328	
C	Maps-Village_new_summer.xml	Resources/Maps/Village_new_summer.xml	246708	917581c97f10580db8c27ff9ccf04326	
C	Maps-WaterUtility_new_summer.xml	Resources/Maps/WaterUtility_new_summer.xml	1090232	47e13e8626ebb42b4269c32ee71a6e5b	
C	Maps-WaveMt_new_summer.xml	Resources/Maps/WaveMt_new_summer.xml	230752	0d2b37866691d92ae422671f2652afa1	
C	Maps-WaveOld_new_summer.xml	Resources/Maps/WaveOld_new_summer.xml	206084	c90e305f7d4259f48f52e3e7570025ea	
C	Maps-WaveOld_new_winter.xml	Resources/Maps/WaveOld_new_winter.xml	208788	247963a706430eeeee7bc06e1dcf1a6d	
C	Maps-WavePro_new_winter.xml	Resources/Maps/WavePro_new_winter.xml	234196	5fc0602d055c5609d98e303e9dda911c	
C	Maps-WaveTlvk_new_winter.xml	Resources/Maps/WaveTlvk_new_winter.xml	186788	dc1a2941d411c34f47f475384e4f6c92	
C	Maps-Wave_new_summer.xml	Resources/Maps/Wave_new_summer.xml	231088	ee161aea3e35e1e19eb64ebf73698de6	
C	Maps-Wave_new_winter.xml	Resources/Maps/Wave_new_winter.xml	211696	1337e1755b599e034fc1d6ffd0a845f0	
C	Maps-Wave_old_summer.xml	Resources/Maps/Wave_old_summer.xml	208928	964bc015b86a5e5c913cbe7c31514503	
C	Maps-WestfieldMt_new_summer.xml	Resources/Maps/WestfieldMt_new_summer.xml	2412184	c3d82ab0d01b28041166c67c545a8be7	
C	Maps-Westfield_new_summer.xml	Resources/Maps/Westfield_new_summer.xml	1712868	b3ad8ffae821d6e79e11284e66b38f83	
C	Maps-WolfensteinMm_new_summer.xml	Resources/Maps/WolfensteinMm_new_summer.xml	1815416	6b3513121ceab72360dab541e26b97b3	
C	Maps-WolfensteinMm_new_winter.xml	Resources/Maps/WolfensteinMm_new_winter.xml	1836664	91327a62cb1c999214378dc1133ea95d	
C	Maps-WolfensteinOld_new_summer.xml	Resources/Maps/WolfensteinOld_new_summer.xml	985112	171073a7750e95b78f83b2f92da37b59	
C	Maps-WolfensteinOld_new_winter.xml	Resources/Maps/WolfensteinOld_new_winter.xml	994120	0e223c09b6660e70c19aeeb4f4a9c25a	
C	Maps-Wolfenstein_new_summer.xml	Resources/Maps/Wolfenstein_new_summer.xml	906664	940f10340d42faf8de3e0c5ae305562f	
C	Maps-Wolfenstein_new_winter.xml	Resources/Maps/Wolfenstein_new_winter.xml	914840	807a8a238eb6b9ec4ff6dba743721cdc	
C	Maps-Wolfenstein_old_summer.xml	Resources/Maps/Wolfenstein_old_summer.xml	1025208	583967da8666ae20e01e49c82b07cc12	
C	Maps-Wolfenstein_old_winter.xml	Resources/Maps/Wolfenstein_old_winter.xml	1035336	a6eadfc465b105c1ffd44a92788f6a4a	
C	Maps-Yard_new_summer.xml	Resources/Maps/Yard_new_summer.xml	3203264	e7637619c044e705ea8efe6f9394eed9	
C	Maps-Year2042Mm_new_summer.xml	Resources/Maps/Year2042Mm_new_summer.xml	2249860	a037aea3548b5f2bff893e4248be1045	
C	Maps-Year2042Mm_new_winter.xml	Resources/Maps/Year2042Mm_new_winter.xml	2277684	7d81191ebbd03629d26961f2add325e9	
C	Maps-Year2042Old_new_summer.xml	Resources/Maps/Year2042Old_new_summer.xml	1013336	59b30e5700787e5daedcdd2a23407cb3	
C	Maps-Year2042Old_new_winter.xml	Resources/Maps/Year2042Old_new_winter.xml	1023624	1fcd1cfaacfec360ec59f44e4ed10046	
C	Maps-Year2042_new_winter.xml	Resources/Maps/Year2042_new_winter.xml	965684	b6641da192df1dccba5687db0991e721	
C	Maps-Yekaterinburg_new_summer.xml	Resources/Maps/Yekaterinburg_new_summer.xml	921256	4cd8b6a34f63844dd3eb5f971b448c20	
C	Maps-YorkshireMm_new_summer.xml	Resources/Maps/YorkshireMm_new_summer.xml	2236952	0d5df0dd7ec9e69bb53b80ec0c07c31e	
C	Maps-YorkshireMm_new_winter.xml	Resources/Maps/YorkshireMm_new_winter.xml	2258616	4b247516369078908802a4c478d98689	
C	Maps-Zavod_new_summer.xml	Resources/Maps/Zavod_new_summer.xml	325824	7d492314e3a549fb003cc9f36aa5d242	
C	Maps-Zone51_new_summer.xml	Resources/Maps/Zone51_new_summer.xml	1227840	287bf88b69d9dc5a36f9bc0af45452fb	
C	Maps-ZoneMt_new_summer.xml	Resources/Maps/ZoneMt_new_summer.xml	470448	c3d4c9165e46133db578d5cf97cd22ac	
C	Maps-ZoneOld_new_summer.xml	Resources/Maps/ZoneOld_new_summer.xml	476452	9bf302c09b9568fc5866c3efc52be0df	
C	Maps-ZoneOld_new_winter.xml	Resources/Maps/ZoneOld_new_winter.xml	479892	2663d604bdb496a37317cc9490a44da8	
C	Maps-ZoneTlvk_new_summer.xml	Resources/Maps/ZoneTlvk_new_summer.xml	463892	6023b03d7497e0127f6e92b92fa41ea3	
C	Maps-Zone_new_summer.xml	Resources/Maps/Zone_new_summer.xml	476592	76e9fdb9298ecc181985963bdaa64c15	
C	Maps-Zone_new_winter.xml	Resources/Maps/Zone_new_winter.xml	485808	9569c7b5b62f7b5374b9031ab67d365d	
C	Maps-Zone_old_summer.xml	Resources/Maps/Zone_old_summer.xml	482288	c81177416788d142b8aab27d853420e4	
C	Maps-________.xml	Resources/Maps/Подземка.xml	1032656	b022be780df0865e5beeec7712ec6c4b	
C	Maps-catalog.json	Resources/Maps/catalog.json	1114856	db8a7ceac601bf5f56df9826b3358cb0	Resources/Battle/StaticMaps/Agroprom;Resources/Battle/StaticMaps/CNPP;Resources/Battle/StaticMaps/CsAgroUnderground;Resources/Battle/StaticMaps/CsAgroprom;Resources/Battle/StaticMaps/CsCnpp;Resources/Battle/StaticMaps/CsDarkValley;Resources/Battle/StaticMaps/CsEscape;Resources/Battle/StaticMaps/CsGarbage;Resources/Battle/StaticMaps/CsHospital;Resources/Battle/StaticMaps/CsLimansk;Resources/Battle/StaticMaps/CsMarsh;Resources/Battle/StaticMaps/CsMpAgroprom;Resources/Battle/StaticMaps/CsMpAtp;Resources/Battle/StaticMaps/CsMpAutostation;Resources/Battle/StaticMaps/CsMpBath;Resources/Battle/StaticMaps/CsMpDarkValley;Resources/Battle/StaticMaps/CsMpFactory;Resources/Battle/StaticMaps/CsMpFirestation;Resources/Battle/StaticMaps/CsMpGarbage;Resources/Battle/StaticMaps/CsMpLimansk;Resources/Battle/StaticMaps/CsMpLostVillage;Resources/Battle/StaticMaps/CsMpMilitary1;Resources/Battle/StaticMaps/CsMpMilitary2;Resources/Battle/StaticMaps/CsMpPool;Resources/Battle/StaticMaps/CsMpRailroad;Resources/Battle/StaticMaps/CsMpRepairBase;Resources/Battle/StaticMaps/CsMpRostok;Resources/Battle/StaticMaps/CsMpSportCenter;Resources/Battle/StaticMaps/CsMpTrainingCamp;Resources/Battle/StaticMaps/CsMpWorkshop;Resources/Battle/StaticMaps/CsYantar;Resources/Battle/StaticMaps/Pripyat;Resources/Battle/StaticMaps/SocAgroUnderground;Resources/Battle/StaticMaps/SocBar;Resources/Battle/StaticMaps/SocCnpp2;Resources/Battle/StaticMaps/SocDarkValley;Resources/Battle/StaticMaps/SocEscape;Resources/Battle/StaticMaps/SocGarbage;Resources/Battle/StaticMaps/SocLabX10;Resources/Battle/StaticMaps/SocLabX16;Resources/Battle/StaticMaps/SocLabX18;Resources/Battle/StaticMaps/SocMilitary;Resources/Battle/StaticMaps/SocMonolithControl;Resources/Battle/StaticMaps/SocMpAgroprom;Resources/Battle/StaticMaps/SocMpAtp;Resources/Battle/StaticMaps/SocMpBath;Resources/Battle/StaticMaps/SocMpDarkValley;Resources/Battle/StaticMaps/SocMpFactory;Resources/Battle/StaticMaps/SocMpLostVillage;Resources/Battle/StaticMaps/SocMpMilitary1;Resources/Battle/StaticMaps/SocMpMilitary2;Resources/Battle/StaticMaps/SocMpPool;Resources/Battle/StaticMaps/SocMpRailroad;Resources/Battle/StaticMaps/SocMpRostok;Resources/Battle/StaticMaps/SocMpWorkshop;Resources/Battle/StaticMaps/SocRadar;Resources/Battle/StaticMaps/SocRostok;Resources/Battle/StaticMaps/SocSarcophagus;Resources/Battle/StaticMaps/SocYantar
C	thumbs-GameResources-battle	Resources/#thumbs/GameResources/battle	3680	c5c85f74f4c440a681147ce53e55f477	
C	thumbs-GameResources-garage	Resources/#thumbs/GameResources/garage	972280	55b102d47161661d62f326d04cada451	
C	thumbs-GameResources-garage-colormap	Resources/#thumbs/GameResources/garage/colormap	21067544	875992c1db19400106e17163c5f2a76b	
C	thumbs-GameResources-garage-hullmodules	Resources/#thumbs/GameResources/garage/hullmodules	2010024	8fe799f21d18800a60bccae5f225da08	
C	thumbs-GameResources-garage-protection	Resources/#thumbs/GameResources/garage/protection	5970656	cd1ed307c3e7d395eee40ae91505ceb8	
C	thumbs-GameResources-garage-skin-tank	Resources/#thumbs/GameResources/garage/skin/tank	6549280	95576356c881cde698c1f2fd397a9cbb	
C	thumbs-GameResources-garage-skin-weapon	Resources/#thumbs/GameResources/garage/skin/weapon	4785936	8647d3879ccb55e817441145b2e079c9	
C	thumbs-GameResources-garage-turretmodules-flamethrower	Resources/#thumbs/GameResources/garage/turretmodules/flamethrower	1734456	7c3e31faedb7e6b2bfd8209ef81c3210	
C	thumbs-GameResources-garage-turretmodules-freeze	Resources/#thumbs/GameResources/garage/turretmodules/freeze	1611520	bacf794a7a17411870842cee181cb328	
C	thumbs-GameResources-garage-turretmodules-gauss	Resources/#thumbs/GameResources/garage/turretmodules/gauss	1662780	1223a36dd124b1868f7a9c832cd6bed7	
C	thumbs-GameResources-garage-turretmodules-hammer	Resources/#thumbs/GameResources/garage/turretmodules/hammer	2422764	4a04edb35a144329c46970d23748a2c7	
C	thumbs-GameResources-garage-turretmodules-isis	Resources/#thumbs/GameResources/garage/turretmodules/isis	1605312	9e48eed02be5d1991d5637f7856efb24	
C	thumbs-GameResources-garage-turretmodules-magnum	Resources/#thumbs/GameResources/garage/turretmodules/magnum	1885232	44a815091cae3f2c002d2674d5e80bef	
C	thumbs-GameResources-garage-turretmodules-railgun	Resources/#thumbs/GameResources/garage/turretmodules/railgun	2722708	fdfef3fc5565ec0d88c9d8ed5d456a9b	
C	thumbs-GameResources-garage-turretmodules-ricochet	Resources/#thumbs/GameResources/garage/turretmodules/ricochet	2104008	86d7b13398aefb1942410098badb2eab	
C	thumbs-GameResources-garage-turretmodules-scorpion	Resources/#thumbs/GameResources/garage/turretmodules/scorpion	2325720	99f2d5bbe7b65c412c79c138293d3602	
C	thumbs-GameResources-garage-turretmodules-shaft	Resources/#thumbs/GameResources/garage/turretmodules/shaft	1827224	04346c479aff78b299c054813765e86f	
C	thumbs-GameResources-garage-turretmodules-smoky	Resources/#thumbs/GameResources/garage/turretmodules/smoky	2429780	5b9a225dd7b62e1b0e1a1ae699428c64	
C	thumbs-GameResources-garage-turretmodules-striker	Resources/#thumbs/GameResources/garage/turretmodules/striker	2406972	4b6f092eb3263f2651b263166d507f8b	
C	thumbs-GameResources-garage-turretmodules-tesla	Resources/#thumbs/GameResources/garage/turretmodules/tesla	2057368	2ba9658c58cab213dcae9376c7d98653	
C	thumbs-GameResources-garage-turretmodules-thunder	Resources/#thumbs/GameResources/garage/turretmodules/thunder	2719016	2fb380f1ce55a75cac8273a6147fe5fb	
C	thumbs-GameResources-garage-turretmodules-twins	Resources/#thumbs/GameResources/garage/turretmodules/twins	2208412	4c3843635b443ff352bb36d47fc54190	
C	thumbs-GameResources-garage-turretmodules-vulcan	Resources/#thumbs/GameResources/garage/turretmodules/vulcan	1982912	2235fcaf3090eda39735c546095f8ecf	
T	Resources/GameResources/garage	thumbs-GameResources-garage
T	Resources/GameResources/garage/colormap	thumbs-GameResources-garage-colormap
T	Resources/GameResources/garage/hullmodules	thumbs-GameResources-garage-hullmodules
T	Resources/GameResources/garage/protection	thumbs-GameResources-garage-protection
T	Resources/GameResources/garage/skin/tank	thumbs-GameResources-garage-skin-tank
T	Resources/GameResources/garage/skin/weapon	thumbs-GameResources-garage-skin-weapon
T	Resources/GameResources/garage/turretmodules/flamethrower	thumbs-GameResources-garage-turretmodules-flamethrower
T	Resources/GameResources/garage/turretmodules/freeze	thumbs-GameResources-garage-turretmodules-freeze
T	Resources/GameResources/garage/turretmodules/gauss	thumbs-GameResources-garage-turretmodules-gauss
T	Resources/GameResources/garage/turretmodules/hammer	thumbs-GameResources-garage-turretmodules-hammer
T	Resources/GameResources/garage/turretmodules/isis	thumbs-GameResources-garage-turretmodules-isis
T	Resources/GameResources/garage/turretmodules/magnum	thumbs-GameResources-garage-turretmodules-magnum
T	Resources/GameResources/garage/turretmodules/railgun	thumbs-GameResources-garage-turretmodules-railgun
T	Resources/GameResources/garage/turretmodules/ricochet	thumbs-GameResources-garage-turretmodules-ricochet
T	Resources/GameResources/garage/turretmodules/scorpion	thumbs-GameResources-garage-turretmodules-scorpion
T	Resources/GameResources/garage/turretmodules/shaft	thumbs-GameResources-garage-turretmodules-shaft
T	Resources/GameResources/garage/turretmodules/smoky	thumbs-GameResources-garage-turretmodules-smoky
T	Resources/GameResources/garage/turretmodules/striker	thumbs-GameResources-garage-turretmodules-striker
T	Resources/GameResources/garage/turretmodules/tesla	thumbs-GameResources-garage-turretmodules-tesla
T	Resources/GameResources/garage/turretmodules/thunder	thumbs-GameResources-garage-turretmodules-thunder
T	Resources/GameResources/garage/turretmodules/twins	thumbs-GameResources-garage-turretmodules-twins
T	Resources/GameResources/garage/turretmodules/vulcan	thumbs-GameResources-garage-turretmodules-vulcan
T	Resources/GameResources/battle	thumbs-GameResources-battle
